/*
 Navicat Premium Dump SQL

 Source Server         : 我的
 Source Server Type    : MySQL
 Source Server Version : 80037 (8.0.37)
 Source Host           : localhost:3306
 Source Schema         : enterprise_scaffold

 Target Server Type    : MySQL
 Target Server Version : 80037 (8.0.37)
 File Encoding         : 65001

 Date: 08/07/2026 02:24:52
*/

SET NAMES utf8mb4;
SET FOREIGN_KEY_CHECKS = 0;

-- ----------------------------
-- Table structure for aiops_alert_event
-- ----------------------------
DROP TABLE IF EXISTS `aiops_alert_event`;
CREATE TABLE `aiops_alert_event`  (
  `id` bigint NOT NULL AUTO_INCREMENT COMMENT '主键ID',
  `event_code` varchar(64) CHARACTER SET utf8mb4 COLLATE utf8mb4_unicode_ci NOT NULL COMMENT '事件编码',
  `rule_id` bigint NOT NULL COMMENT '规则ID',
  `rule_code` varchar(64) CHARACTER SET utf8mb4 COLLATE utf8mb4_unicode_ci NOT NULL COMMENT '规则编码',
  `rule_name` varchar(100) CHARACTER SET utf8mb4 COLLATE utf8mb4_unicode_ci NOT NULL COMMENT '规则名称',
  `metric_data_id` bigint NOT NULL COMMENT '指标数据ID',
  `resource_id` bigint NOT NULL COMMENT '资源ID',
  `resource_code` varchar(64) CHARACTER SET utf8mb4 COLLATE utf8mb4_unicode_ci NOT NULL COMMENT '资源编码',
  `resource_name` varchar(100) CHARACTER SET utf8mb4 COLLATE utf8mb4_unicode_ci NOT NULL COMMENT '资源名称',
  `resource_type` varchar(32) CHARACTER SET utf8mb4 COLLATE utf8mb4_unicode_ci NOT NULL COMMENT '资源类型',
  `ip_addr` varchar(64) CHARACTER SET utf8mb4 COLLATE utf8mb4_unicode_ci NULL DEFAULT NULL COMMENT 'IP地址',
  `metric_code` varchar(64) CHARACTER SET utf8mb4 COLLATE utf8mb4_unicode_ci NOT NULL COMMENT '指标编码',
  `metric_name` varchar(100) CHARACTER SET utf8mb4 COLLATE utf8mb4_unicode_ci NOT NULL COMMENT '指标名称',
  `metric_type` varchar(32) CHARACTER SET utf8mb4 COLLATE utf8mb4_unicode_ci NOT NULL COMMENT '指标类型',
  `metric_value` decimal(18, 4) NOT NULL COMMENT '指标值',
  `threshold_value` decimal(18, 4) NOT NULL COMMENT '阈值',
  `compare_operator` varchar(16) CHARACTER SET utf8mb4 COLLATE utf8mb4_unicode_ci NOT NULL COMMENT '比较符',
  `alert_level` tinyint NOT NULL COMMENT '告警级别：1一般，2重要，3严重',
  `alert_title` varchar(200) CHARACTER SET utf8mb4 COLLATE utf8mb4_unicode_ci NOT NULL COMMENT '告警标题',
  `alert_content` varchar(500) CHARACTER SET utf8mb4 COLLATE utf8mb4_unicode_ci NULL DEFAULT NULL COMMENT '告警内容',
  `alert_time` datetime NOT NULL COMMENT '告警时间',
  `handle_status` tinyint NOT NULL DEFAULT 0 COMMENT '处理状态：0未处理，1已派单，2已关闭',
  `status` tinyint NOT NULL DEFAULT 0 COMMENT '状态：0有效，1无效',
  `create_by` varchar(64) CHARACTER SET utf8mb4 COLLATE utf8mb4_unicode_ci NULL DEFAULT NULL COMMENT '创建者',
  `create_time` datetime NOT NULL DEFAULT CURRENT_TIMESTAMP COMMENT '创建时间',
  `update_by` varchar(64) CHARACTER SET utf8mb4 COLLATE utf8mb4_unicode_ci NULL DEFAULT NULL COMMENT '更新者',
  `update_time` datetime NULL DEFAULT NULL COMMENT '更新时间',
  `deleted` tinyint NOT NULL DEFAULT 0 COMMENT '逻辑删除：0未删除，1已删除',
  `remark` varchar(500) CHARACTER SET utf8mb4 COLLATE utf8mb4_unicode_ci NULL DEFAULT NULL COMMENT '备注',
  PRIMARY KEY (`id`) USING BTREE,
  UNIQUE INDEX `uk_event_code`(`event_code` ASC) USING BTREE,
  UNIQUE INDEX `uk_rule_metric_data`(`rule_id` ASC, `metric_data_id` ASC) USING BTREE,
  INDEX `idx_rule_id`(`rule_id` ASC) USING BTREE,
  INDEX `idx_metric_data_id`(`metric_data_id` ASC) USING BTREE,
  INDEX `idx_resource_id`(`resource_id` ASC) USING BTREE,
  INDEX `idx_resource_code`(`resource_code` ASC) USING BTREE,
  INDEX `idx_resource_type`(`resource_type` ASC) USING BTREE,
  INDEX `idx_metric_type`(`metric_type` ASC) USING BTREE,
  INDEX `idx_alert_level`(`alert_level` ASC) USING BTREE,
  INDEX `idx_alert_time`(`alert_time` ASC) USING BTREE,
  INDEX `idx_handle_status`(`handle_status` ASC) USING BTREE,
  INDEX `idx_status`(`status` ASC) USING BTREE
) ENGINE = InnoDB CHARACTER SET = utf8mb4 COLLATE = utf8mb4_unicode_ci COMMENT = 'AIOps告警事件表' ROW_FORMAT = Dynamic;

-- ----------------------------
-- Records of aiops_alert_event
-- ----------------------------

-- ----------------------------
-- Table structure for aiops_alert_rule
-- ----------------------------
DROP TABLE IF EXISTS `aiops_alert_rule`;
CREATE TABLE `aiops_alert_rule`  (
  `id` bigint NOT NULL AUTO_INCREMENT COMMENT '主键ID',
  `rule_code` varchar(64) CHARACTER SET utf8mb4 COLLATE utf8mb4_unicode_ci NOT NULL COMMENT '规则编码',
  `rule_name` varchar(100) CHARACTER SET utf8mb4 COLLATE utf8mb4_unicode_ci NOT NULL COMMENT '规则名称',
  `resource_type` varchar(32) CHARACTER SET utf8mb4 COLLATE utf8mb4_unicode_ci NOT NULL COMMENT '资源类型：SERVER/DATABASE/MIDDLEWARE/NETWORK',
  `metric_type` varchar(32) CHARACTER SET utf8mb4 COLLATE utf8mb4_unicode_ci NOT NULL COMMENT '指标类型：CPU/MEMORY/DISK/NETWORK/MYSQL/REDIS',
  `compare_operator` varchar(16) CHARACTER SET utf8mb4 COLLATE utf8mb4_unicode_ci NOT NULL COMMENT '比较符：GT/GE/LT/LE/EQ',
  `threshold_value` decimal(18, 4) NOT NULL COMMENT '阈值',
  `alert_level` tinyint NOT NULL COMMENT '告警级别：1一般，2重要，3严重',
  `alert_title` varchar(200) CHARACTER SET utf8mb4 COLLATE utf8mb4_unicode_ci NOT NULL COMMENT '告警标题',
  `alert_content` varchar(500) CHARACTER SET utf8mb4 COLLATE utf8mb4_unicode_ci NULL DEFAULT NULL COMMENT '告警内容',
  `status` tinyint NOT NULL DEFAULT 0 COMMENT '状态：0启用，1停用',
  `create_by` varchar(64) CHARACTER SET utf8mb4 COLLATE utf8mb4_unicode_ci NULL DEFAULT NULL COMMENT '创建者',
  `create_time` datetime NOT NULL DEFAULT CURRENT_TIMESTAMP COMMENT '创建时间',
  `update_by` varchar(64) CHARACTER SET utf8mb4 COLLATE utf8mb4_unicode_ci NULL DEFAULT NULL COMMENT '更新者',
  `update_time` datetime NULL DEFAULT NULL COMMENT '更新时间',
  `deleted` tinyint NOT NULL DEFAULT 0 COMMENT '逻辑删除：0未删除，1已删除',
  `remark` varchar(500) CHARACTER SET utf8mb4 COLLATE utf8mb4_unicode_ci NULL DEFAULT NULL COMMENT '备注',
  PRIMARY KEY (`id`) USING BTREE,
  UNIQUE INDEX `uk_rule_code`(`rule_code` ASC) USING BTREE,
  INDEX `idx_resource_type`(`resource_type` ASC) USING BTREE,
  INDEX `idx_metric_type`(`metric_type` ASC) USING BTREE,
  INDEX `idx_alert_level`(`alert_level` ASC) USING BTREE,
  INDEX `idx_status`(`status` ASC) USING BTREE
) ENGINE = InnoDB AUTO_INCREMENT = 7 CHARACTER SET = utf8mb4 COLLATE = utf8mb4_unicode_ci COMMENT = 'AIOps告警规则表' ROW_FORMAT = Dynamic;

-- ----------------------------
-- Records of aiops_alert_rule
-- ----------------------------
INSERT INTO `aiops_alert_rule` VALUES (1, 'AIOPS-RULE-CPU-001', '服务器CPU使用率过高', 'SERVER', 'CPU', 'GE', 80.0000, 2, '服务器CPU使用率过高', '服务器CPU使用率超过阈值，请检查进程负载和系统资源。', 0, 'system', '2026-06-30 11:41:15', NULL, NULL, 0, 'A2-04 初始化规则');
INSERT INTO `aiops_alert_rule` VALUES (2, 'AIOPS-RULE-MEM-001', '服务器内存使用率过高', 'SERVER', 'MEMORY', 'GE', 85.0000, 2, '服务器内存使用率过高', '服务器内存使用率超过阈值，请检查内存占用和缓存情况。', 0, 'system', '2026-06-30 11:41:15', NULL, NULL, 0, 'A2-04 初始化规则');
INSERT INTO `aiops_alert_rule` VALUES (3, 'AIOPS-RULE-DISK-001', '服务器磁盘使用率过高', 'SERVER', 'DISK', 'GE', 90.0000, 3, '服务器磁盘使用率过高', '服务器磁盘使用率超过严重阈值，请尽快清理磁盘或扩容。', 0, 'system', '2026-06-30 11:41:15', NULL, NULL, 0, 'A2-04 初始化规则');
INSERT INTO `aiops_alert_rule` VALUES (4, 'AIOPS-RULE-MYSQL-001', 'MySQL响应时间过高', 'DATABASE', 'MYSQL', 'GE', 200.0000, 3, 'MySQL响应时间过高', '数据库响应时间超过阈值，请检查慢 SQL、连接数和磁盘 IO。', 0, 'system', '2026-06-30 11:41:15', NULL, NULL, 0, 'A2-04 初始化规则');
INSERT INTO `aiops_alert_rule` VALUES (5, 'AIOPS-RULE-REDIS-001', 'Redis内存使用率过高', 'MIDDLEWARE', 'REDIS', 'GE', 80.0000, 2, 'Redis内存使用率过高', 'Redis 内存使用率超过阈值，请检查缓存热点和淘汰策略。', 0, 'system', '2026-06-30 11:41:15', NULL, NULL, 0, 'A2-04 初始化规则');
INSERT INTO `aiops_alert_rule` VALUES (6, 'AIOPS-RULE-NET-001', '网络设备流量异常', 'NETWORK', 'NETWORK', 'GE', 80.0000, 2, '网络设备流量异常', '网络设备流量指标超过阈值，请检查链路带宽和设备状态。', 0, 'system', '2026-06-30 11:41:15', NULL, NULL, 0, 'A2-04 初始化规则');

-- ----------------------------
-- Table structure for aiops_metric_data
-- ----------------------------
DROP TABLE IF EXISTS `aiops_metric_data`;
CREATE TABLE `aiops_metric_data`  (
  `id` bigint NOT NULL AUTO_INCREMENT COMMENT '主键ID',
  `resource_id` bigint NOT NULL COMMENT '资源ID，逻辑关联 aiops_resource.id',
  `resource_code` varchar(64) CHARACTER SET utf8mb4 COLLATE utf8mb4_unicode_ci NOT NULL COMMENT '资源编码',
  `resource_name` varchar(100) CHARACTER SET utf8mb4 COLLATE utf8mb4_unicode_ci NOT NULL COMMENT '资源名称',
  `resource_type` varchar(32) CHARACTER SET utf8mb4 COLLATE utf8mb4_unicode_ci NOT NULL COMMENT '资源类型：SERVER / DATABASE / MIDDLEWARE / NETWORK',
  `ip_addr` varchar(64) CHARACTER SET utf8mb4 COLLATE utf8mb4_unicode_ci NULL DEFAULT NULL COMMENT '资源IP地址',
  `metric_code` varchar(64) CHARACTER SET utf8mb4 COLLATE utf8mb4_unicode_ci NOT NULL COMMENT '指标编码，例如 CPU_USAGE',
  `metric_name` varchar(100) CHARACTER SET utf8mb4 COLLATE utf8mb4_unicode_ci NOT NULL COMMENT '指标名称，例如 CPU使用率',
  `metric_type` varchar(32) CHARACTER SET utf8mb4 COLLATE utf8mb4_unicode_ci NOT NULL COMMENT '指标类型：CPU / MEMORY / DISK / NETWORK / MYSQL / REDIS',
  `metric_value` decimal(18, 4) NOT NULL COMMENT '指标值',
  `metric_unit` varchar(32) CHARACTER SET utf8mb4 COLLATE utf8mb4_unicode_ci NULL DEFAULT NULL COMMENT '指标单位，例如 %、ms、MB、count',
  `threshold_value` decimal(18, 4) NULL DEFAULT NULL COMMENT '告警阈值',
  `alarm_flag` tinyint NOT NULL DEFAULT 0 COMMENT '是否触发告警：0否，1是',
  `collect_time` datetime NOT NULL COMMENT '采集时间',
  `status` tinyint NOT NULL DEFAULT 0 COMMENT '状态：0正常，1异常',
  `create_by` varchar(64) CHARACTER SET utf8mb4 COLLATE utf8mb4_unicode_ci NULL DEFAULT NULL COMMENT '创建者',
  `create_time` datetime NOT NULL DEFAULT CURRENT_TIMESTAMP COMMENT '创建时间',
  `update_by` varchar(64) CHARACTER SET utf8mb4 COLLATE utf8mb4_unicode_ci NULL DEFAULT NULL COMMENT '更新者',
  `update_time` datetime NULL DEFAULT NULL COMMENT '更新时间',
  `deleted` tinyint NOT NULL DEFAULT 0 COMMENT '逻辑删除：0未删除，1已删除',
  `remark` varchar(500) CHARACTER SET utf8mb4 COLLATE utf8mb4_unicode_ci NULL DEFAULT NULL COMMENT '备注',
  PRIMARY KEY (`id`) USING BTREE,
  INDEX `idx_resource_id`(`resource_id` ASC) USING BTREE,
  INDEX `idx_resource_code`(`resource_code` ASC) USING BTREE,
  INDEX `idx_resource_type`(`resource_type` ASC) USING BTREE,
  INDEX `idx_ip_addr`(`ip_addr` ASC) USING BTREE,
  INDEX `idx_metric_code`(`metric_code` ASC) USING BTREE,
  INDEX `idx_metric_type`(`metric_type` ASC) USING BTREE,
  INDEX `idx_collect_time`(`collect_time` ASC) USING BTREE,
  INDEX `idx_alarm_flag`(`alarm_flag` ASC) USING BTREE,
  INDEX `idx_status`(`status` ASC) USING BTREE
) ENGINE = InnoDB CHARACTER SET = utf8mb4 COLLATE = utf8mb4_unicode_ci COMMENT = 'AIOps指标采集数据表' ROW_FORMAT = Dynamic;

-- ----------------------------
-- Records of aiops_metric_data
-- ----------------------------

-- ----------------------------
-- Table structure for aiops_resource
-- ----------------------------
DROP TABLE IF EXISTS `aiops_resource`;
CREATE TABLE `aiops_resource`  (
  `id` bigint NOT NULL AUTO_INCREMENT COMMENT '主键ID',
  `resource_code` varchar(64) CHARACTER SET utf8mb4 COLLATE utf8mb4_unicode_ci NOT NULL COMMENT '资源编码',
  `resource_name` varchar(100) CHARACTER SET utf8mb4 COLLATE utf8mb4_unicode_ci NOT NULL COMMENT '资源名称',
  `resource_type` varchar(32) CHARACTER SET utf8mb4 COLLATE utf8mb4_unicode_ci NOT NULL COMMENT '资源类型：SERVER服务器、DATABASE数据库、MIDDLEWARE中间件、NETWORK网络设备',
  `ip_addr` varchar(64) CHARACTER SET utf8mb4 COLLATE utf8mb4_unicode_ci NULL DEFAULT NULL COMMENT 'IP地址',
  `port` int NULL DEFAULT NULL COMMENT '端口',
  `env_type` varchar(32) CHARACTER SET utf8mb4 COLLATE utf8mb4_unicode_ci NULL DEFAULT NULL COMMENT '环境类型：DEV开发、TEST测试、PROD生产',
  `system_name` varchar(100) CHARACTER SET utf8mb4 COLLATE utf8mb4_unicode_ci NULL DEFAULT NULL COMMENT '所属系统',
  `owner_name` varchar(64) CHARACTER SET utf8mb4 COLLATE utf8mb4_unicode_ci NULL DEFAULT NULL COMMENT '负责人',
  `collect_enabled` tinyint NOT NULL DEFAULT 0 COMMENT '是否启用采集：0启用，1停止',
  `last_collect_time` datetime NULL DEFAULT NULL COMMENT '最后采集时间',
  `status` tinyint NOT NULL DEFAULT 0 COMMENT '状态：0正常，1停用，2异常',
  `create_by` varchar(64) CHARACTER SET utf8mb4 COLLATE utf8mb4_unicode_ci NULL DEFAULT NULL COMMENT '创建者',
  `create_time` datetime NOT NULL DEFAULT CURRENT_TIMESTAMP COMMENT '创建时间',
  `update_by` varchar(64) CHARACTER SET utf8mb4 COLLATE utf8mb4_unicode_ci NULL DEFAULT NULL COMMENT '更新者',
  `update_time` datetime NULL DEFAULT NULL ON UPDATE CURRENT_TIMESTAMP COMMENT '更新时间',
  `deleted` tinyint NOT NULL DEFAULT 0 COMMENT '逻辑删除：0未删除，1已删除',
  `remark` varchar(500) CHARACTER SET utf8mb4 COLLATE utf8mb4_unicode_ci NULL DEFAULT NULL COMMENT '备注',
  PRIMARY KEY (`id`) USING BTREE,
  UNIQUE INDEX `uk_resource_code`(`resource_code` ASC) USING BTREE,
  INDEX `idx_resource_type`(`resource_type` ASC) USING BTREE,
  INDEX `idx_ip_addr`(`ip_addr` ASC) USING BTREE,
  INDEX `idx_env_type`(`env_type` ASC) USING BTREE,
  INDEX `idx_system_name`(`system_name` ASC) USING BTREE,
  INDEX `idx_collect_enabled`(`collect_enabled` ASC) USING BTREE,
  INDEX `idx_status`(`status` ASC) USING BTREE
) ENGINE = InnoDB AUTO_INCREMENT = 6 CHARACTER SET = utf8mb4 COLLATE = utf8mb4_unicode_ci COMMENT = 'AIOps资源台账表' ROW_FORMAT = Dynamic;

-- ----------------------------
-- Records of aiops_resource
-- ----------------------------
INSERT INTO `aiops_resource` VALUES (1, 'AIOPS-SERVER-001', '政务云应用服务器一号', 'SERVER', '10.10.1.11', 22, 'PROD', '政务云统一门户', 'aiops_engineer', 0, '2026-06-30 09:54:42', 0, 'admin', '2026-06-30 09:54:42', NULL, NULL, 0, 'A2-02 初始化服务器资源');
INSERT INTO `aiops_resource` VALUES (2, 'AIOPS-SERVER-002', '运营商业务服务器一号', 'SERVER', '10.10.1.12', 22, 'PROD', '运营商云网监控平台', 'aiops_engineer', 0, '2026-06-30 09:54:42', 0, 'admin', '2026-06-30 09:54:42', NULL, NULL, 0, 'A2-02 初始化服务器资源');
INSERT INTO `aiops_resource` VALUES (3, 'AIOPS-MYSQL-001', '核心业务 MySQL 数据库', 'DATABASE', '10.10.2.21', 3306, 'PROD', '核心业务系统', 'dba_admin', 0, '2026-06-30 09:54:42', 0, 'admin', '2026-06-30 09:54:42', NULL, NULL, 0, 'A2-02 初始化数据库资源');
INSERT INTO `aiops_resource` VALUES (4, 'AIOPS-REDIS-001', '统一缓存 Redis 中间件', 'MIDDLEWARE', '10.10.3.31', 6379, 'PROD', '统一缓存平台', 'middleware_admin', 0, '2026-06-30 09:54:42', 0, 'admin', '2026-06-30 09:54:42', NULL, NULL, 0, 'A2-02 初始化中间件资源');
INSERT INTO `aiops_resource` VALUES (5, 'AIOPS-SWITCH-001', '核心交换机一号', 'NETWORK', '10.10.4.41', 161, 'PROD', '数据中心网络', 'network_admin', 0, '2026-06-30 09:54:42', 0, 'admin', '2026-06-30 09:54:42', NULL, NULL, 0, 'A2-02 初始化网络设备资源');

-- ----------------------------
-- Table structure for aiops_root_cause_record
-- ----------------------------
DROP TABLE IF EXISTS `aiops_root_cause_record`;
CREATE TABLE `aiops_root_cause_record`  (
  `id` bigint NOT NULL AUTO_INCREMENT COMMENT '主键ID',
  `analysis_code` varchar(64) CHARACTER SET utf8mb4 COLLATE utf8mb4_unicode_ci NOT NULL COMMENT '分析编码',
  `alert_event_id` bigint NOT NULL COMMENT '告警事件ID',
  `event_code` varchar(64) CHARACTER SET utf8mb4 COLLATE utf8mb4_unicode_ci NOT NULL COMMENT '告警事件编码',
  `resource_id` bigint NULL DEFAULT NULL COMMENT '资源ID',
  `resource_code` varchar(64) CHARACTER SET utf8mb4 COLLATE utf8mb4_unicode_ci NULL DEFAULT NULL COMMENT '资源编码',
  `resource_name` varchar(100) CHARACTER SET utf8mb4 COLLATE utf8mb4_unicode_ci NULL DEFAULT NULL COMMENT '资源名称',
  `resource_type` varchar(32) CHARACTER SET utf8mb4 COLLATE utf8mb4_unicode_ci NULL DEFAULT NULL COMMENT '资源类型',
  `ip_addr` varchar(64) CHARACTER SET utf8mb4 COLLATE utf8mb4_unicode_ci NULL DEFAULT NULL COMMENT 'IP地址',
  `root_cause_type` varchar(64) CHARACTER SET utf8mb4 COLLATE utf8mb4_unicode_ci NOT NULL COMMENT '根因类型',
  `root_cause_desc` varchar(500) CHARACTER SET utf8mb4 COLLATE utf8mb4_unicode_ci NULL DEFAULT NULL COMMENT '根因描述',
  `evidence` text CHARACTER SET utf8mb4 COLLATE utf8mb4_unicode_ci NULL COMMENT '分析证据',
  `suggestion` text CHARACTER SET utf8mb4 COLLATE utf8mb4_unicode_ci NULL COMMENT '处理建议',
  `confidence_score` int NOT NULL DEFAULT 0 COMMENT '置信度，0到100',
  `analysis_time` datetime NOT NULL COMMENT '分析时间',
  `status` tinyint NOT NULL DEFAULT 0 COMMENT '状态，0有效，1无效',
  `create_by` varchar(64) CHARACTER SET utf8mb4 COLLATE utf8mb4_unicode_ci NULL DEFAULT NULL COMMENT '创建者',
  `create_time` datetime NOT NULL DEFAULT CURRENT_TIMESTAMP COMMENT '创建时间',
  `update_by` varchar(64) CHARACTER SET utf8mb4 COLLATE utf8mb4_unicode_ci NULL DEFAULT NULL COMMENT '更新者',
  `update_time` datetime NULL DEFAULT NULL ON UPDATE CURRENT_TIMESTAMP COMMENT '更新时间',
  `deleted` tinyint NOT NULL DEFAULT 0 COMMENT '逻辑删除，0未删除，1已删除',
  `remark` varchar(500) CHARACTER SET utf8mb4 COLLATE utf8mb4_unicode_ci NULL DEFAULT NULL COMMENT '备注',
  PRIMARY KEY (`id`) USING BTREE,
  UNIQUE INDEX `uk_analysis_code`(`analysis_code` ASC) USING BTREE,
  UNIQUE INDEX `uk_alert_event_id`(`alert_event_id` ASC) USING BTREE,
  INDEX `idx_event_code`(`event_code` ASC) USING BTREE,
  INDEX `idx_resource_id`(`resource_id` ASC) USING BTREE,
  INDEX `idx_resource_code`(`resource_code` ASC) USING BTREE,
  INDEX `idx_resource_type`(`resource_type` ASC) USING BTREE,
  INDEX `idx_ip_addr`(`ip_addr` ASC) USING BTREE,
  INDEX `idx_root_cause_type`(`root_cause_type` ASC) USING BTREE,
  INDEX `idx_analysis_time`(`analysis_time` ASC) USING BTREE,
  INDEX `idx_status`(`status` ASC) USING BTREE
) ENGINE = InnoDB CHARACTER SET = utf8mb4 COLLATE = utf8mb4_unicode_ci COMMENT = 'AIOps根因分析记录表' ROW_FORMAT = Dynamic;

-- ----------------------------
-- Records of aiops_root_cause_record
-- ----------------------------

-- ----------------------------
-- Table structure for aiops_work_order
-- ----------------------------
DROP TABLE IF EXISTS `aiops_work_order`;
CREATE TABLE `aiops_work_order`  (
  `id` bigint NOT NULL AUTO_INCREMENT COMMENT '主键ID',
  `work_order_code` varchar(64) CHARACTER SET utf8mb4 COLLATE utf8mb4_unicode_ci NOT NULL COMMENT '工单编码',
  `alert_event_id` bigint NOT NULL COMMENT '告警事件ID',
  `event_code` varchar(64) CHARACTER SET utf8mb4 COLLATE utf8mb4_unicode_ci NOT NULL COMMENT '告警事件编码',
  `alert_level` tinyint NOT NULL COMMENT '告警级别：1一般，2重要，3严重',
  `work_order_title` varchar(200) CHARACTER SET utf8mb4 COLLATE utf8mb4_unicode_ci NOT NULL COMMENT '工单标题',
  `work_order_content` varchar(500) CHARACTER SET utf8mb4 COLLATE utf8mb4_unicode_ci NULL DEFAULT NULL COMMENT '工单内容',
  `resource_id` bigint NOT NULL COMMENT '资源ID',
  `resource_code` varchar(64) CHARACTER SET utf8mb4 COLLATE utf8mb4_unicode_ci NOT NULL COMMENT '资源编码',
  `resource_name` varchar(100) CHARACTER SET utf8mb4 COLLATE utf8mb4_unicode_ci NOT NULL COMMENT '资源名称',
  `resource_type` varchar(32) CHARACTER SET utf8mb4 COLLATE utf8mb4_unicode_ci NOT NULL COMMENT '资源类型',
  `ip_addr` varchar(64) CHARACTER SET utf8mb4 COLLATE utf8mb4_unicode_ci NULL DEFAULT NULL COMMENT 'IP地址',
  `metric_code` varchar(64) CHARACTER SET utf8mb4 COLLATE utf8mb4_unicode_ci NOT NULL COMMENT '指标编码',
  `metric_name` varchar(100) CHARACTER SET utf8mb4 COLLATE utf8mb4_unicode_ci NOT NULL COMMENT '指标名称',
  `metric_type` varchar(32) CHARACTER SET utf8mb4 COLLATE utf8mb4_unicode_ci NOT NULL COMMENT '指标类型',
  `order_status` tinyint NOT NULL DEFAULT 0 COMMENT '工单状态：0待处理，1处理中，2已处理，3已关闭',
  `handler_user_id` bigint NULL DEFAULT NULL COMMENT '处理人用户ID',
  `handler_username` varchar(64) CHARACTER SET utf8mb4 COLLATE utf8mb4_unicode_ci NULL DEFAULT NULL COMMENT '处理人用户名',
  `handle_time` datetime NULL DEFAULT NULL COMMENT '处理时间',
  `handle_result` varchar(1000) CHARACTER SET utf8mb4 COLLATE utf8mb4_unicode_ci NULL DEFAULT NULL COMMENT '处理结果',
  `close_user_id` bigint NULL DEFAULT NULL COMMENT '关闭人用户ID',
  `close_username` varchar(64) CHARACTER SET utf8mb4 COLLATE utf8mb4_unicode_ci NULL DEFAULT NULL COMMENT '关闭人用户名',
  `close_time` datetime NULL DEFAULT NULL COMMENT '关闭时间',
  `close_result` varchar(1000) CHARACTER SET utf8mb4 COLLATE utf8mb4_unicode_ci NULL DEFAULT NULL COMMENT '关闭结果',
  `status` tinyint NOT NULL DEFAULT 0 COMMENT '状态：0有效，1无效',
  `create_by` varchar(64) CHARACTER SET utf8mb4 COLLATE utf8mb4_unicode_ci NULL DEFAULT NULL COMMENT '创建者',
  `create_time` datetime NOT NULL DEFAULT CURRENT_TIMESTAMP COMMENT '创建时间',
  `update_by` varchar(64) CHARACTER SET utf8mb4 COLLATE utf8mb4_unicode_ci NULL DEFAULT NULL COMMENT '更新者',
  `update_time` datetime NULL DEFAULT NULL COMMENT '更新时间',
  `deleted` tinyint NOT NULL DEFAULT 0 COMMENT '逻辑删除：0未删除，1已删除',
  `remark` varchar(500) CHARACTER SET utf8mb4 COLLATE utf8mb4_unicode_ci NULL DEFAULT NULL COMMENT '备注',
  PRIMARY KEY (`id`) USING BTREE,
  UNIQUE INDEX `uk_work_order_code`(`work_order_code` ASC) USING BTREE,
  UNIQUE INDEX `uk_alert_event_id`(`alert_event_id` ASC) USING BTREE,
  INDEX `idx_event_code`(`event_code` ASC) USING BTREE,
  INDEX `idx_resource_id`(`resource_id` ASC) USING BTREE,
  INDEX `idx_resource_code`(`resource_code` ASC) USING BTREE,
  INDEX `idx_resource_type`(`resource_type` ASC) USING BTREE,
  INDEX `idx_metric_type`(`metric_type` ASC) USING BTREE,
  INDEX `idx_alert_level`(`alert_level` ASC) USING BTREE,
  INDEX `idx_order_status`(`order_status` ASC) USING BTREE,
  INDEX `idx_status`(`status` ASC) USING BTREE,
  INDEX `idx_create_time`(`create_time` ASC) USING BTREE
) ENGINE = InnoDB CHARACTER SET = utf8mb4 COLLATE = utf8mb4_unicode_ci COMMENT = 'AIOps运维工单表' ROW_FORMAT = Dynamic;

-- ----------------------------
-- Records of aiops_work_order
-- ----------------------------

-- ----------------------------
-- Table structure for mine_alarm_event
-- ----------------------------
DROP TABLE IF EXISTS `mine_alarm_event`;
CREATE TABLE `mine_alarm_event`  (
  `id` bigint NOT NULL AUTO_INCREMENT COMMENT '主键ID',
  `event_code` varchar(64) CHARACTER SET utf8mb4 COLLATE utf8mb4_unicode_ci NOT NULL COMMENT '告警事件编码',
  `rule_id` bigint NOT NULL COMMENT '告警规则ID，逻辑关联 mine_alarm_rule.id',
  `rule_code` varchar(64) CHARACTER SET utf8mb4 COLLATE utf8mb4_unicode_ci NOT NULL COMMENT '告警规则编码',
  `rule_name` varchar(100) CHARACTER SET utf8mb4 COLLATE utf8mb4_unicode_ci NOT NULL COMMENT '告警规则名称',
  `sensor_data_id` bigint NOT NULL COMMENT '传感器数据ID，逻辑关联 mine_sensor_data.id',
  `sensor_id` bigint NOT NULL COMMENT '传感器ID，逻辑关联 mine_sensor.id',
  `sensor_code` varchar(64) CHARACTER SET utf8mb4 COLLATE utf8mb4_unicode_ci NOT NULL COMMENT '传感器编码',
  `sensor_name` varchar(100) CHARACTER SET utf8mb4 COLLATE utf8mb4_unicode_ci NOT NULL COMMENT '传感器名称',
  `sensor_type` varchar(64) CHARACTER SET utf8mb4 COLLATE utf8mb4_unicode_ci NOT NULL COMMENT '传感器类型',
  `device_id` bigint NULL DEFAULT NULL COMMENT '所属设备ID，逻辑关联 mine_device.id',
  `area_name` varchar(100) CHARACTER SET utf8mb4 COLLATE utf8mb4_unicode_ci NULL DEFAULT NULL COMMENT '所属区域',
  `location` varchar(200) CHARACTER SET utf8mb4 COLLATE utf8mb4_unicode_ci NULL DEFAULT NULL COMMENT '安装位置',
  `data_value` decimal(18, 4) NOT NULL COMMENT '触发告警的采集值',
  `threshold_value` decimal(18, 4) NOT NULL COMMENT '触发告警的规则阈值',
  `compare_operator` varchar(10) CHARACTER SET utf8mb4 COLLATE utf8mb4_unicode_ci NOT NULL COMMENT '比较符号：GT大于，GE大于等于，LT小于，LE小于等于，EQ等于',
  `alarm_level` tinyint NOT NULL DEFAULT 1 COMMENT '告警级别：1一般，2重要，3严重',
  `alarm_title` varchar(100) CHARACTER SET utf8mb4 COLLATE utf8mb4_unicode_ci NOT NULL COMMENT '告警标题',
  `alarm_content` varchar(500) CHARACTER SET utf8mb4 COLLATE utf8mb4_unicode_ci NULL DEFAULT NULL COMMENT '告警内容',
  `alarm_time` datetime NOT NULL COMMENT '告警时间',
  `handle_status` tinyint NOT NULL DEFAULT 0 COMMENT '处理状态：0未处理，1已确认，2已关闭',
  `status` tinyint NOT NULL DEFAULT 0 COMMENT '状态：0有效，1无效',
  `create_by` varchar(64) CHARACTER SET utf8mb4 COLLATE utf8mb4_unicode_ci NULL DEFAULT '' COMMENT '创建者',
  `create_time` datetime NOT NULL DEFAULT CURRENT_TIMESTAMP COMMENT '创建时间',
  `update_by` varchar(64) CHARACTER SET utf8mb4 COLLATE utf8mb4_unicode_ci NULL DEFAULT '' COMMENT '更新者',
  `update_time` datetime NULL DEFAULT NULL ON UPDATE CURRENT_TIMESTAMP COMMENT '更新时间',
  `deleted` tinyint NOT NULL DEFAULT 0 COMMENT '逻辑删除：0未删除，1已删除',
  `remark` varchar(500) CHARACTER SET utf8mb4 COLLATE utf8mb4_unicode_ci NULL DEFAULT NULL COMMENT '备注',
  PRIMARY KEY (`id`) USING BTREE,
  UNIQUE INDEX `uk_event_code`(`event_code` ASC) USING BTREE,
  UNIQUE INDEX `uk_rule_data`(`rule_id` ASC, `sensor_data_id` ASC) USING BTREE,
  INDEX `idx_rule_id`(`rule_id` ASC) USING BTREE,
  INDEX `idx_sensor_data_id`(`sensor_data_id` ASC) USING BTREE,
  INDEX `idx_sensor_id`(`sensor_id` ASC) USING BTREE,
  INDEX `idx_sensor_code`(`sensor_code` ASC) USING BTREE,
  INDEX `idx_sensor_type`(`sensor_type` ASC) USING BTREE,
  INDEX `idx_area_name`(`area_name` ASC) USING BTREE,
  INDEX `idx_alarm_level`(`alarm_level` ASC) USING BTREE,
  INDEX `idx_alarm_time`(`alarm_time` ASC) USING BTREE,
  INDEX `idx_handle_status`(`handle_status` ASC) USING BTREE,
  INDEX `idx_status`(`status` ASC) USING BTREE
) ENGINE = InnoDB AUTO_INCREMENT = 21 CHARACTER SET = utf8mb4 COLLATE = utf8mb4_unicode_ci COMMENT = '智能矿山告警事件表' ROW_FORMAT = Dynamic;

-- ----------------------------
-- Records of mine_alarm_event
-- ----------------------------
INSERT INTO `mine_alarm_event` VALUES (1, 'ALM-D32-R2', 2, 'ALM-RULE-TEMP-001', '温度过高告警', 32, 2, 'SEN-TEMP-001', '中央泵房温度传感器一号', 'TEMPERATURE', 2, '中央泵房', '中央泵房一号水泵旁', 58.3165, 40.0000, 'GE', 2, '温度过高', '中央泵房温度传感器一号 采集值 58.3165℃ 触发规则【温度过高告警】，规则阈值为 40.0000℃。', '2026-06-29 10:19:50', 0, 0, 'system', '2026-06-29 10:27:57', '', NULL, 0, 'M1-04 根据传感器数据自动生成告警事件');
INSERT INTO `mine_alarm_event` VALUES (2, 'ALM-D25-R2', 2, 'ALM-RULE-TEMP-001', '温度过高告警', 25, 2, 'SEN-TEMP-001', '中央泵房温度传感器一号', 'TEMPERATURE', 2, '中央泵房', '中央泵房一号水泵旁', 54.7431, 40.0000, 'GE', 2, '温度过高', '中央泵房温度传感器一号 采集值 54.7431℃ 触发规则【温度过高告警】，规则阈值为 40.0000℃。', '2026-06-29 10:19:43', 0, 0, 'system', '2026-06-29 10:27:57', '', NULL, 0, 'M1-04 根据传感器数据自动生成告警事件');
INSERT INTO `mine_alarm_event` VALUES (3, 'ALM-D6-R2', 2, 'ALM-RULE-TEMP-001', '温度过高告警', 6, 2, 'SEN-TEMP-001', '中央泵房温度传感器一号', 'TEMPERATURE', 2, '中央泵房', '中央泵房一号水泵旁', 50.5579, 40.0000, 'GE', 2, '温度过高', '中央泵房温度传感器一号 采集值 50.5579℃ 触发规则【温度过高告警】，规则阈值为 40.0000℃。', '2026-06-29 00:12:56', 0, 0, 'system', '2026-06-29 10:27:57', '', NULL, 0, 'M1-04 根据传感器数据自动生成告警事件');
INSERT INTO `mine_alarm_event` VALUES (4, 'ALM-D64-R2', 2, 'ALM-RULE-TEMP-001', '温度过高告警', 64, 2, 'SEN-TEMP-001', '中央泵房温度传感器一号', 'TEMPERATURE', 2, '中央泵房', '中央泵房一号水泵旁', 52.5459, 40.0000, 'GE', 2, '温度过高', '中央泵房温度传感器一号 采集值 52.5459℃ 触发规则【温度过高告警】，规则阈值为 40.0000℃。', '2026-06-29 11:58:01', 0, 0, 'system', '2026-06-29 11:58:22', '', NULL, 0, 'M1-04 根据传感器数据自动生成告警事件');
INSERT INTO `mine_alarm_event` VALUES (5, 'ALM-D63-R2', 2, 'ALM-RULE-TEMP-001', '温度过高告警', 63, 2, 'SEN-TEMP-001', '中央泵房温度传感器一号', 'TEMPERATURE', 2, '中央泵房', '中央泵房一号水泵旁', 56.5745, 40.0000, 'GE', 2, '温度过高', '中央泵房温度传感器一号 采集值 56.5745℃ 触发规则【温度过高告警】，规则阈值为 40.0000℃。', '2026-06-29 11:58:00', 0, 0, 'system', '2026-06-29 11:58:22', '', NULL, 0, 'M1-04 根据传感器数据自动生成告警事件');
INSERT INTO `mine_alarm_event` VALUES (6, 'ALM-D61-R2', 2, 'ALM-RULE-TEMP-001', '温度过高告警', 61, 2, 'SEN-TEMP-001', '中央泵房温度传感器一号', 'TEMPERATURE', 2, '中央泵房', '中央泵房一号水泵旁', 43.9651, 40.0000, 'GE', 2, '温度过高', '中央泵房温度传感器一号 采集值 43.9651℃ 触发规则【温度过高告警】，规则阈值为 40.0000℃。', '2026-06-29 11:57:58', 0, 0, 'system', '2026-06-29 11:58:22', '', NULL, 0, 'M1-04 根据传感器数据自动生成告警事件');
INSERT INTO `mine_alarm_event` VALUES (7, 'ALM-D56-R2', 2, 'ALM-RULE-TEMP-001', '温度过高告警', 56, 2, 'SEN-TEMP-001', '中央泵房温度传感器一号', 'TEMPERATURE', 2, '中央泵房', '中央泵房一号水泵旁', 40.9428, 40.0000, 'GE', 2, '温度过高', '中央泵房温度传感器一号 采集值 40.9428℃ 触发规则【温度过高告警】，规则阈值为 40.0000℃。', '2026-06-29 11:57:53', 0, 0, 'system', '2026-06-29 11:58:22', '', NULL, 0, 'M1-04 根据传感器数据自动生成告警事件');
INSERT INTO `mine_alarm_event` VALUES (8, 'ALM-D55-R2', 2, 'ALM-RULE-TEMP-001', '温度过高告警', 55, 2, 'SEN-TEMP-001', '中央泵房温度传感器一号', 'TEMPERATURE', 2, '中央泵房', '中央泵房一号水泵旁', 57.2283, 40.0000, 'GE', 2, '温度过高', '中央泵房温度传感器一号 采集值 57.2283℃ 触发规则【温度过高告警】，规则阈值为 40.0000℃。', '2026-06-29 11:57:52', 0, 0, 'system', '2026-06-29 11:58:22', '', NULL, 0, 'M1-04 根据传感器数据自动生成告警事件');
INSERT INTO `mine_alarm_event` VALUES (9, 'ALM-D151-R2', 2, 'ALM-RULE-TEMP-001', '温度过高告警', 151, 2, 'SEN-TEMP-001', '中央泵房温度传感器一号', 'TEMPERATURE', 2, '中央泵房', '中央泵房一号水泵旁', 47.1498, 40.0000, 'GE', 2, '温度过高', '中央泵房温度传感器一号 采集值 47.1498℃ 触发规则【温度过高告警】，规则阈值为 40.0000℃。', '2026-06-29 11:59:25', 0, 0, 'system', '2026-06-29 11:59:51', '', NULL, 0, 'M1-04 根据传感器数据自动生成告警事件');
INSERT INTO `mine_alarm_event` VALUES (10, 'ALM-D94-R2', 2, 'ALM-RULE-TEMP-001', '温度过高告警', 94, 2, 'SEN-TEMP-001', '中央泵房温度传感器一号', 'TEMPERATURE', 2, '中央泵房', '中央泵房一号水泵旁', 53.3887, 40.0000, 'GE', 2, '温度过高', '中央泵房温度传感器一号 采集值 53.3887℃ 触发规则【温度过高告警】，规则阈值为 40.0000℃。', '2026-06-29 11:59:25', 2, 0, 'system', '2026-06-29 11:59:51', 'admin', '2026-06-29 12:04:08', 0, 'M1-04 根据传感器数据自动生成告警事件');
INSERT INTO `mine_alarm_event` VALUES (11, 'ALM-D93-R2', 2, 'ALM-RULE-TEMP-001', '温度过高告警', 93, 2, 'SEN-TEMP-001', '中央泵房温度传感器一号', 'TEMPERATURE', 2, '中央泵房', '中央泵房一号水泵旁', 50.2775, 40.0000, 'GE', 2, '温度过高', '中央泵房温度传感器一号 采集值 50.2775℃ 触发规则【温度过高告警】，规则阈值为 40.0000℃。', '2026-06-29 11:59:24', 0, 0, 'system', '2026-06-29 11:59:51', '', NULL, 0, 'M1-04 根据传感器数据自动生成告警事件');
INSERT INTO `mine_alarm_event` VALUES (12, 'ALM-D120-R2', 2, 'ALM-RULE-TEMP-001', '温度过高告警', 120, 2, 'SEN-TEMP-001', '中央泵房温度传感器一号', 'TEMPERATURE', 2, '中央泵房', '中央泵房一号水泵旁', 52.5449, 40.0000, 'GE', 2, '温度过高', '中央泵房温度传感器一号 采集值 52.5449℃ 触发规则【温度过高告警】，规则阈值为 40.0000℃。', '2026-06-29 11:59:23', 0, 0, 'system', '2026-06-29 11:59:51', '', NULL, 0, 'M1-04 根据传感器数据自动生成告警事件');
INSERT INTO `mine_alarm_event` VALUES (13, 'ALM-D90-R2', 2, 'ALM-RULE-TEMP-001', '温度过高告警', 90, 2, 'SEN-TEMP-001', '中央泵房温度传感器一号', 'TEMPERATURE', 2, '中央泵房', '中央泵房一号水泵旁', 41.8996, 40.0000, 'GE', 2, '温度过高', '中央泵房温度传感器一号 采集值 41.8996℃ 触发规则【温度过高告警】，规则阈值为 40.0000℃。', '2026-06-29 11:59:21', 0, 0, 'system', '2026-06-29 11:59:51', '', NULL, 0, 'M1-04 根据传感器数据自动生成告警事件');
INSERT INTO `mine_alarm_event` VALUES (14, 'ALM-D146-R2', 2, 'ALM-RULE-TEMP-001', '温度过高告警', 146, 2, 'SEN-TEMP-001', '中央泵房温度传感器一号', 'TEMPERATURE', 2, '中央泵房', '中央泵房一号水泵旁', 47.9672, 40.0000, 'GE', 2, '温度过高', '中央泵房温度传感器一号 采集值 47.9672℃ 触发规则【温度过高告警】，规则阈值为 40.0000℃。', '2026-06-29 11:59:20', 0, 0, 'system', '2026-06-29 11:59:51', '', NULL, 0, 'M1-04 根据传感器数据自动生成告警事件');
INSERT INTO `mine_alarm_event` VALUES (15, 'ALM-D115-R2', 2, 'ALM-RULE-TEMP-001', '温度过高告警', 115, 2, 'SEN-TEMP-001', '中央泵房温度传感器一号', 'TEMPERATURE', 2, '中央泵房', '中央泵房一号水泵旁', 48.3433, 40.0000, 'GE', 2, '温度过高', '中央泵房温度传感器一号 采集值 48.3433℃ 触发规则【温度过高告警】，规则阈值为 40.0000℃。', '2026-06-29 11:59:18', 0, 0, 'system', '2026-06-29 11:59:51', '', NULL, 0, 'M1-04 根据传感器数据自动生成告警事件');
INSERT INTO `mine_alarm_event` VALUES (16, 'ALM-D86-R2', 2, 'ALM-RULE-TEMP-001', '温度过高告警', 86, 2, 'SEN-TEMP-001', '中央泵房温度传感器一号', 'TEMPERATURE', 2, '中央泵房', '中央泵房一号水泵旁', 58.4608, 40.0000, 'GE', 2, '温度过高', '中央泵房温度传感器一号 采集值 58.4608℃ 触发规则【温度过高告警】，规则阈值为 40.0000℃。', '2026-06-29 11:59:17', 0, 0, 'system', '2026-06-29 11:59:51', '', NULL, 0, 'M1-04 根据传感器数据自动生成告警事件');
INSERT INTO `mine_alarm_event` VALUES (17, 'ALM-D85-R2', 2, 'ALM-RULE-TEMP-001', '温度过高告警', 85, 2, 'SEN-TEMP-001', '中央泵房温度传感器一号', 'TEMPERATURE', 2, '中央泵房', '中央泵房一号水泵旁', 56.6580, 40.0000, 'GE', 2, '温度过高', '中央泵房温度传感器一号 采集值 56.6580℃ 触发规则【温度过高告警】，规则阈值为 40.0000℃。', '2026-06-29 11:59:16', 0, 0, 'system', '2026-06-29 11:59:51', '', NULL, 0, 'M1-04 根据传感器数据自动生成告警事件');
INSERT INTO `mine_alarm_event` VALUES (18, 'ALM-D204-R2', 2, 'ALM-RULE-TEMP-001', '温度过高告警', 204, 2, 'SEN-TEMP-001', '中央泵房温度传感器一号', 'TEMPERATURE', 2, '中央泵房', '中央泵房一号水泵旁', 53.7905, 40.0000, 'GE', 2, '温度过高', '中央泵房温度传感器一号 采集值 53.7905℃ 触发规则【温度过高告警】，规则阈值为 40.0000℃。', '2026-06-29 18:26:45', 0, 0, 'system', '2026-06-29 18:26:48', '', NULL, 0, 'M1-04 根据传感器数据自动生成告警事件');
INSERT INTO `mine_alarm_event` VALUES (19, 'ALM-D189-R2', 2, 'ALM-RULE-TEMP-001', '温度过高告警', 189, 2, 'SEN-TEMP-001', '中央泵房温度传感器一号', 'TEMPERATURE', 2, '中央泵房', '中央泵房一号水泵旁', 50.4706, 40.0000, 'GE', 2, '温度过高', '中央泵房温度传感器一号 采集值 50.4706℃ 触发规则【温度过高告警】，规则阈值为 40.0000℃。', '2026-06-29 18:26:41', 0, 0, 'system', '2026-06-29 18:26:48', '', NULL, 0, 'M1-04 根据传感器数据自动生成告警事件');
INSERT INTO `mine_alarm_event` VALUES (20, 'ALM-D210-R1', 1, 'ALM-RULE-GAS-001', '瓦斯浓度超限告警', 210, 1, 'SEN-GAS-001', '一采区瓦斯传感器一号', 'GAS', 1, '一采区', '一采区回风巷', 1.6800, 1.0000, 'GE', 3, '瓦斯浓度超限', '一采区瓦斯传感器一号 采集值 1.6800% 触发规则【瓦斯浓度超限告警】，规则阈值为 1.0000%。', '2026-06-29 19:54:39', 0, 0, 'system', '2026-06-29 19:54:39', '', NULL, 0, 'M1-04 根据传感器数据自动生成告警事件');

-- ----------------------------
-- Table structure for mine_alarm_rule
-- ----------------------------
DROP TABLE IF EXISTS `mine_alarm_rule`;
CREATE TABLE `mine_alarm_rule`  (
  `id` bigint NOT NULL AUTO_INCREMENT COMMENT '主键ID',
  `rule_code` varchar(64) CHARACTER SET utf8mb4 COLLATE utf8mb4_unicode_ci NOT NULL COMMENT '规则编码',
  `rule_name` varchar(100) CHARACTER SET utf8mb4 COLLATE utf8mb4_unicode_ci NOT NULL COMMENT '规则名称',
  `sensor_type` varchar(64) CHARACTER SET utf8mb4 COLLATE utf8mb4_unicode_ci NOT NULL COMMENT '传感器类型，例如 GAS、TEMPERATURE、VIBRATION',
  `compare_operator` varchar(10) CHARACTER SET utf8mb4 COLLATE utf8mb4_unicode_ci NOT NULL COMMENT '比较符号：GT大于，GE大于等于，LT小于，LE小于等于，EQ等于',
  `threshold_value` decimal(18, 4) NOT NULL COMMENT '规则阈值',
  `alarm_level` tinyint NOT NULL DEFAULT 1 COMMENT '告警级别：1一般，2重要，3严重',
  `alarm_title` varchar(100) CHARACTER SET utf8mb4 COLLATE utf8mb4_unicode_ci NOT NULL COMMENT '告警标题',
  `alarm_content` varchar(500) CHARACTER SET utf8mb4 COLLATE utf8mb4_unicode_ci NULL DEFAULT NULL COMMENT '告警内容模板',
  `status` tinyint NOT NULL DEFAULT 0 COMMENT '状态：0启用，1停用',
  `create_by` varchar(64) CHARACTER SET utf8mb4 COLLATE utf8mb4_unicode_ci NULL DEFAULT '' COMMENT '创建者',
  `create_time` datetime NOT NULL DEFAULT CURRENT_TIMESTAMP COMMENT '创建时间',
  `update_by` varchar(64) CHARACTER SET utf8mb4 COLLATE utf8mb4_unicode_ci NULL DEFAULT '' COMMENT '更新者',
  `update_time` datetime NULL DEFAULT NULL ON UPDATE CURRENT_TIMESTAMP COMMENT '更新时间',
  `deleted` tinyint NOT NULL DEFAULT 0 COMMENT '逻辑删除：0未删除，1已删除',
  `remark` varchar(500) CHARACTER SET utf8mb4 COLLATE utf8mb4_unicode_ci NULL DEFAULT NULL COMMENT '备注',
  PRIMARY KEY (`id`) USING BTREE,
  UNIQUE INDEX `uk_rule_code`(`rule_code` ASC) USING BTREE,
  INDEX `idx_sensor_type`(`sensor_type` ASC) USING BTREE,
  INDEX `idx_alarm_level`(`alarm_level` ASC) USING BTREE,
  INDEX `idx_status`(`status` ASC) USING BTREE
) ENGINE = InnoDB AUTO_INCREMENT = 4 CHARACTER SET = utf8mb4 COLLATE = utf8mb4_unicode_ci COMMENT = '智能矿山告警规则表' ROW_FORMAT = Dynamic;

-- ----------------------------
-- Records of mine_alarm_rule
-- ----------------------------
INSERT INTO `mine_alarm_rule` VALUES (1, 'ALM-RULE-GAS-001', '瓦斯浓度超限告警', 'GAS', 'GE', 1.0000, 3, '瓦斯浓度超限', '瓦斯传感器采集值达到或超过阈值，存在安全风险。', 0, 'system', '2026-06-29 10:10:36', '', NULL, 0, 'M1-04 初始化告警规则');
INSERT INTO `mine_alarm_rule` VALUES (2, 'ALM-RULE-TEMP-001', '温度过高告警', 'TEMPERATURE', 'GE', 40.0000, 2, '温度过高', '温度传感器采集值达到或超过阈值，请关注设备运行状态。', 0, 'system', '2026-06-29 10:10:36', '', NULL, 0, 'M1-04 初始化告警规则');
INSERT INTO `mine_alarm_rule` VALUES (3, 'ALM-RULE-VIB-001', '振动过高告警', 'VIBRATION', 'GE', 8.0000, 2, '设备振动过高', '振动传感器采集值达到或超过阈值，设备可能存在异常。', 0, 'system', '2026-06-29 10:10:36', '', NULL, 0, 'M1-04 初始化告警规则');

-- ----------------------------
-- Table structure for mine_device
-- ----------------------------
DROP TABLE IF EXISTS `mine_device`;
CREATE TABLE `mine_device`  (
  `id` bigint NOT NULL AUTO_INCREMENT COMMENT '设备ID',
  `device_code` varchar(64) CHARACTER SET utf8mb4 COLLATE utf8mb4_unicode_ci NOT NULL COMMENT '设备编码',
  `device_name` varchar(100) CHARACTER SET utf8mb4 COLLATE utf8mb4_unicode_ci NOT NULL COMMENT '设备名称',
  `device_type` varchar(50) CHARACTER SET utf8mb4 COLLATE utf8mb4_unicode_ci NOT NULL COMMENT '设备类型',
  `area_name` varchar(100) CHARACTER SET utf8mb4 COLLATE utf8mb4_unicode_ci NULL DEFAULT NULL COMMENT '所属区域',
  `location` varchar(200) CHARACTER SET utf8mb4 COLLATE utf8mb4_unicode_ci NULL DEFAULT NULL COMMENT '安装位置',
  `manufacturer` varchar(100) CHARACTER SET utf8mb4 COLLATE utf8mb4_unicode_ci NULL DEFAULT NULL COMMENT '生产厂家',
  `model` varchar(100) CHARACTER SET utf8mb4 COLLATE utf8mb4_unicode_ci NULL DEFAULT NULL COMMENT '设备型号',
  `install_date` date NULL DEFAULT NULL COMMENT '安装日期',
  `status` tinyint NOT NULL DEFAULT 0 COMMENT '状态：0正常 1停用 2维修 3故障',
  `last_maintenance_time` datetime NULL DEFAULT NULL COMMENT '最近维护时间',
  `create_by` varchar(64) CHARACTER SET utf8mb4 COLLATE utf8mb4_unicode_ci NULL DEFAULT NULL COMMENT '创建者',
  `create_time` datetime NOT NULL DEFAULT CURRENT_TIMESTAMP COMMENT '创建时间',
  `update_by` varchar(64) CHARACTER SET utf8mb4 COLLATE utf8mb4_unicode_ci NULL DEFAULT NULL COMMENT '更新者',
  `update_time` datetime NULL DEFAULT NULL ON UPDATE CURRENT_TIMESTAMP COMMENT '更新时间',
  `deleted` tinyint NOT NULL DEFAULT 0 COMMENT '逻辑删除：0未删除 1已删除',
  `remark` varchar(500) CHARACTER SET utf8mb4 COLLATE utf8mb4_unicode_ci NULL DEFAULT NULL COMMENT '备注',
  PRIMARY KEY (`id`) USING BTREE,
  UNIQUE INDEX `uk_device_code`(`device_code` ASC) USING BTREE,
  INDEX `idx_device_type`(`device_type` ASC) USING BTREE,
  INDEX `idx_area_name`(`area_name` ASC) USING BTREE,
  INDEX `idx_status`(`status` ASC) USING BTREE
) ENGINE = InnoDB AUTO_INCREMENT = 4 CHARACTER SET = utf8mb4 COLLATE = utf8mb4_unicode_ci COMMENT = '智能矿山设备台账表' ROW_FORMAT = Dynamic;

-- ----------------------------
-- Records of mine_device
-- ----------------------------
INSERT INTO `mine_device` VALUES (1, 'DEV-FAN-001', '主通风机一号', 'VENTILATION_FAN', '一采区', '一采区主通风硐室', '山西矿山装备厂', 'FBD-2x55', '2024-03-01', 0, '2026-06-01 09:00:00', 'admin', '2026-06-27 23:31:38', NULL, NULL, 0, '用于一采区主通风');
INSERT INTO `mine_device` VALUES (2, 'DEV-PUMP-001', '中央水泵一号', 'WATER_PUMP', '中央泵房', '中央泵房一号位', '太原泵业设备有限公司', 'MD280-43x5', '2024-05-10', 0, '2026-06-10 10:00:00', 'admin', '2026-06-27 23:31:38', NULL, NULL, 0, '用于井下排水');
INSERT INTO `mine_device` VALUES (3, 'DEV-BELT-001', '主运输皮带一号', 'BELT_CONVEYOR', '主运输巷', '主运输巷入口', '山西煤机装备有限公司', 'DSJ100', '2024-07-15', 2, '2026-06-15 14:00:00', 'admin', '2026-06-27 23:31:38', NULL, NULL, 0, '当前处于计划检修状态');

-- ----------------------------
-- Table structure for mine_maintenance_task
-- ----------------------------
DROP TABLE IF EXISTS `mine_maintenance_task`;
CREATE TABLE `mine_maintenance_task`  (
  `id` bigint NOT NULL AUTO_INCREMENT COMMENT '主键ID',
  `task_code` varchar(64) CHARACTER SET utf8mb4 COLLATE utf8mb4_unicode_ci NOT NULL COMMENT '维护任务编码',
  `device_id` bigint NOT NULL COMMENT '设备ID',
  `device_code` varchar(64) CHARACTER SET utf8mb4 COLLATE utf8mb4_unicode_ci NULL DEFAULT NULL COMMENT '设备编码',
  `device_name` varchar(100) CHARACTER SET utf8mb4 COLLATE utf8mb4_unicode_ci NULL DEFAULT NULL COMMENT '设备名称',
  `device_type` varchar(64) CHARACTER SET utf8mb4 COLLATE utf8mb4_unicode_ci NULL DEFAULT NULL COMMENT '设备类型',
  `area_name` varchar(100) CHARACTER SET utf8mb4 COLLATE utf8mb4_unicode_ci NULL DEFAULT NULL COMMENT '所属区域',
  `location` varchar(200) CHARACTER SET utf8mb4 COLLATE utf8mb4_unicode_ci NULL DEFAULT NULL COMMENT '安装位置',
  `health_score` int NULL DEFAULT NULL COMMENT '生成任务时设备健康分',
  `risk_level` int NULL DEFAULT NULL COMMENT '风险等级：0健康，1关注，2风险，3高危',
  `risk_level_name` varchar(32) CHARACTER SET utf8mb4 COLLATE utf8mb4_unicode_ci NULL DEFAULT NULL COMMENT '风险等级名称',
  `task_title` varchar(200) CHARACTER SET utf8mb4 COLLATE utf8mb4_unicode_ci NOT NULL COMMENT '任务标题',
  `task_content` varchar(1000) CHARACTER SET utf8mb4 COLLATE utf8mb4_unicode_ci NULL DEFAULT NULL COMMENT '任务内容',
  `task_type` int NOT NULL DEFAULT 1 COMMENT '任务类型：0例行维护，1预测性维护',
  `task_source` int NOT NULL DEFAULT 1 COMMENT '任务来源：0手动创建，1设备健康评分',
  `task_status` int NOT NULL DEFAULT 0 COMMENT '任务状态：0待安排，1待执行，2处理中，3已关闭',
  `priority` int NOT NULL DEFAULT 1 COMMENT '优先级：0低，1中，2高，3紧急',
  `plan_start_time` datetime NULL DEFAULT NULL COMMENT '计划开始时间',
  `plan_end_time` datetime NULL DEFAULT NULL COMMENT '计划结束时间',
  `maintainer_user_id` bigint NULL DEFAULT NULL COMMENT '维护人员用户ID',
  `maintainer_username` varchar(64) CHARACTER SET utf8mb4 COLLATE utf8mb4_unicode_ci NULL DEFAULT NULL COMMENT '维护人员用户名',
  `handle_time` datetime NULL DEFAULT NULL COMMENT '处理时间',
  `handle_result` varchar(1000) CHARACTER SET utf8mb4 COLLATE utf8mb4_unicode_ci NULL DEFAULT NULL COMMENT '处理结果',
  `close_time` datetime NULL DEFAULT NULL COMMENT '关闭时间',
  `close_result` varchar(1000) CHARACTER SET utf8mb4 COLLATE utf8mb4_unicode_ci NULL DEFAULT NULL COMMENT '关闭结果',
  `status` int NOT NULL DEFAULT 0 COMMENT '状态：0有效，1无效',
  `create_by` varchar(64) CHARACTER SET utf8mb4 COLLATE utf8mb4_unicode_ci NULL DEFAULT NULL COMMENT '创建人',
  `create_time` datetime NOT NULL DEFAULT CURRENT_TIMESTAMP COMMENT '创建时间',
  `update_by` varchar(64) CHARACTER SET utf8mb4 COLLATE utf8mb4_unicode_ci NULL DEFAULT NULL COMMENT '更新人',
  `update_time` datetime NOT NULL DEFAULT CURRENT_TIMESTAMP ON UPDATE CURRENT_TIMESTAMP COMMENT '更新时间',
  `deleted` tinyint NOT NULL DEFAULT 0 COMMENT '逻辑删除：0未删除，1已删除',
  `remark` varchar(500) CHARACTER SET utf8mb4 COLLATE utf8mb4_unicode_ci NULL DEFAULT NULL COMMENT '备注',
  PRIMARY KEY (`id`) USING BTREE,
  UNIQUE INDEX `uk_task_code`(`task_code` ASC) USING BTREE,
  INDEX `idx_device_id`(`device_id` ASC) USING BTREE,
  INDEX `idx_device_code`(`device_code` ASC) USING BTREE,
  INDEX `idx_device_type`(`device_type` ASC) USING BTREE,
  INDEX `idx_area_name`(`area_name` ASC) USING BTREE,
  INDEX `idx_risk_level`(`risk_level` ASC) USING BTREE,
  INDEX `idx_task_status`(`task_status` ASC) USING BTREE,
  INDEX `idx_priority`(`priority` ASC) USING BTREE,
  INDEX `idx_status`(`status` ASC) USING BTREE,
  INDEX `idx_create_time`(`create_time` ASC) USING BTREE
) ENGINE = InnoDB CHARACTER SET = utf8mb4 COLLATE = utf8mb4_unicode_ci COMMENT = '智能矿山预测性维护任务表' ROW_FORMAT = Dynamic;

-- ----------------------------
-- Records of mine_maintenance_task
-- ----------------------------

-- ----------------------------
-- Table structure for mine_sensor
-- ----------------------------
DROP TABLE IF EXISTS `mine_sensor`;
CREATE TABLE `mine_sensor`  (
  `id` bigint NOT NULL AUTO_INCREMENT COMMENT '传感器ID',
  `sensor_code` varchar(64) CHARACTER SET utf8mb4 COLLATE utf8mb4_unicode_ci NOT NULL COMMENT '传感器编码',
  `sensor_name` varchar(100) CHARACTER SET utf8mb4 COLLATE utf8mb4_unicode_ci NOT NULL COMMENT '传感器名称',
  `sensor_type` varchar(50) CHARACTER SET utf8mb4 COLLATE utf8mb4_unicode_ci NOT NULL COMMENT '传感器类型',
  `device_id` bigint NULL DEFAULT NULL COMMENT '关联设备ID',
  `area_name` varchar(100) CHARACTER SET utf8mb4 COLLATE utf8mb4_unicode_ci NULL DEFAULT NULL COMMENT '所属区域',
  `location` varchar(200) CHARACTER SET utf8mb4 COLLATE utf8mb4_unicode_ci NULL DEFAULT NULL COMMENT '安装位置',
  `unit` varchar(20) CHARACTER SET utf8mb4 COLLATE utf8mb4_unicode_ci NULL DEFAULT NULL COMMENT '计量单位',
  `min_value` decimal(12, 4) NULL DEFAULT NULL COMMENT '正常最小值',
  `max_value` decimal(12, 4) NULL DEFAULT NULL COMMENT '正常最大值',
  `alarm_threshold` decimal(12, 4) NULL DEFAULT NULL COMMENT '报警阈值',
  `status` tinyint NOT NULL DEFAULT 0 COMMENT '状态：0正常 1停用 2故障',
  `last_report_time` datetime NULL DEFAULT NULL COMMENT '最近上报时间',
  `create_by` varchar(64) CHARACTER SET utf8mb4 COLLATE utf8mb4_unicode_ci NULL DEFAULT NULL COMMENT '创建者',
  `create_time` datetime NOT NULL DEFAULT CURRENT_TIMESTAMP COMMENT '创建时间',
  `update_by` varchar(64) CHARACTER SET utf8mb4 COLLATE utf8mb4_unicode_ci NULL DEFAULT NULL COMMENT '更新者',
  `update_time` datetime NULL DEFAULT NULL ON UPDATE CURRENT_TIMESTAMP COMMENT '更新时间',
  `deleted` tinyint NOT NULL DEFAULT 0 COMMENT '逻辑删除：0未删除 1已删除',
  `remark` varchar(500) CHARACTER SET utf8mb4 COLLATE utf8mb4_unicode_ci NULL DEFAULT NULL COMMENT '备注',
  PRIMARY KEY (`id`) USING BTREE,
  UNIQUE INDEX `uk_sensor_code`(`sensor_code` ASC) USING BTREE,
  INDEX `idx_device_id`(`device_id` ASC) USING BTREE,
  INDEX `idx_sensor_type`(`sensor_type` ASC) USING BTREE,
  INDEX `idx_area_name`(`area_name` ASC) USING BTREE,
  INDEX `idx_status`(`status` ASC) USING BTREE
) ENGINE = InnoDB AUTO_INCREMENT = 4 CHARACTER SET = utf8mb4 COLLATE = utf8mb4_unicode_ci COMMENT = '智能矿山传感器台账表' ROW_FORMAT = Dynamic;

-- ----------------------------
-- Records of mine_sensor
-- ----------------------------
INSERT INTO `mine_sensor` VALUES (1, 'SEN-GAS-001', '一采区瓦斯传感器一号', 'GAS', 1, '一采区', '一采区回风巷', '%', 0.0000, 1.0000, 1.0000, 0, '2026-06-29 19:54:39', 'admin', '2026-06-27 23:31:38', 'mqtt', '2026-06-29 19:54:39', 0, '瓦斯浓度监测');
INSERT INTO `mine_sensor` VALUES (2, 'SEN-TEMP-001', '中央泵房温度传感器一号', 'TEMPERATURE', 2, '中央泵房', '中央泵房一号水泵旁', '℃', 0.0000, 60.0000, 60.0000, 0, '2026-06-29 18:26:46', 'admin', '2026-06-27 23:31:38', NULL, '2026-06-29 18:26:46', 0, '设备环境温度监测');
INSERT INTO `mine_sensor` VALUES (3, 'SEN-VIB-001', '主运输皮带振动传感器一号', 'VIBRATION', 3, '主运输巷', '主运输皮带机头', 'mm/s', 0.0000, 8.0000, 8.0000, 0, '2026-06-29 18:26:46', 'admin', '2026-06-27 23:31:38', NULL, '2026-06-29 18:26:46', 0, '皮带机振动监测');

-- ----------------------------
-- Table structure for mine_sensor_data
-- ----------------------------
DROP TABLE IF EXISTS `mine_sensor_data`;
CREATE TABLE `mine_sensor_data`  (
  `id` bigint NOT NULL AUTO_INCREMENT COMMENT '主键ID',
  `sensor_id` bigint NOT NULL COMMENT '传感器ID，逻辑关联 mine_sensor.id',
  `sensor_code` varchar(64) CHARACTER SET utf8mb4 COLLATE utf8mb4_unicode_ci NOT NULL COMMENT '传感器编码',
  `sensor_name` varchar(100) CHARACTER SET utf8mb4 COLLATE utf8mb4_unicode_ci NOT NULL COMMENT '传感器名称',
  `sensor_type` varchar(50) CHARACTER SET utf8mb4 COLLATE utf8mb4_unicode_ci NOT NULL COMMENT '传感器类型：GAS/TEMPERATURE/VIBRATION 等',
  `device_id` bigint NULL DEFAULT NULL COMMENT '所属设备ID，逻辑关联 mine_device.id',
  `area_name` varchar(100) CHARACTER SET utf8mb4 COLLATE utf8mb4_unicode_ci NULL DEFAULT NULL COMMENT '所属区域',
  `location` varchar(200) CHARACTER SET utf8mb4 COLLATE utf8mb4_unicode_ci NULL DEFAULT NULL COMMENT '安装位置',
  `data_value` decimal(12, 4) NOT NULL COMMENT '采集数值',
  `unit` varchar(20) CHARACTER SET utf8mb4 COLLATE utf8mb4_unicode_ci NULL DEFAULT NULL COMMENT '单位',
  `alarm_threshold` decimal(12, 4) NULL DEFAULT NULL COMMENT '告警阈值',
  `alarm_flag` tinyint NOT NULL DEFAULT 0 COMMENT '是否告警：0否 1是',
  `collect_time` datetime NOT NULL COMMENT '采集时间',
  `status` tinyint NOT NULL DEFAULT 0 COMMENT '数据状态：0正常 1异常',
  `create_by` varchar(64) CHARACTER SET utf8mb4 COLLATE utf8mb4_unicode_ci NULL DEFAULT '' COMMENT '创建者',
  `create_time` datetime NOT NULL DEFAULT CURRENT_TIMESTAMP COMMENT '创建时间',
  `update_by` varchar(64) CHARACTER SET utf8mb4 COLLATE utf8mb4_unicode_ci NULL DEFAULT '' COMMENT '更新者',
  `update_time` datetime NULL DEFAULT NULL ON UPDATE CURRENT_TIMESTAMP COMMENT '更新时间',
  `deleted` tinyint NOT NULL DEFAULT 0 COMMENT '逻辑删除：0未删除 1已删除',
  `remark` varchar(500) CHARACTER SET utf8mb4 COLLATE utf8mb4_unicode_ci NULL DEFAULT NULL COMMENT '备注',
  PRIMARY KEY (`id`) USING BTREE,
  INDEX `idx_sensor_id`(`sensor_id` ASC) USING BTREE,
  INDEX `idx_sensor_code`(`sensor_code` ASC) USING BTREE,
  INDEX `idx_sensor_type`(`sensor_type` ASC) USING BTREE,
  INDEX `idx_area_name`(`area_name` ASC) USING BTREE,
  INDEX `idx_collect_time`(`collect_time` ASC) USING BTREE,
  INDEX `idx_alarm_flag`(`alarm_flag` ASC) USING BTREE,
  INDEX `idx_status`(`status` ASC) USING BTREE
) ENGINE = InnoDB AUTO_INCREMENT = 211 CHARACTER SET = utf8mb4 COLLATE = utf8mb4_unicode_ci COMMENT = '智能矿山传感器数据表' ROW_FORMAT = Dynamic;

-- ----------------------------
-- Records of mine_sensor_data
-- ----------------------------
INSERT INTO `mine_sensor_data` VALUES (1, 1, 'SEN-GAS-001', '一采区瓦斯传感器一号', 'GAS', 1, '一采区', '一采区回风巷', 0.4239, '%', 1.0000, 0, '2026-06-29 00:12:54', 0, 'system', '2026-06-29 00:12:57', '', NULL, 0, 'M1-03 模拟生成传感器数据');
INSERT INTO `mine_sensor_data` VALUES (2, 1, 'SEN-GAS-001', '一采区瓦斯传感器一号', 'GAS', 1, '一采区', '一采区回风巷', 0.4286, '%', 1.0000, 0, '2026-06-29 00:12:55', 0, 'system', '2026-06-29 00:12:57', '', NULL, 0, 'M1-03 模拟生成传感器数据');
INSERT INTO `mine_sensor_data` VALUES (3, 1, 'SEN-GAS-001', '一采区瓦斯传感器一号', 'GAS', 1, '一采区', '一采区回风巷', 0.6685, '%', 1.0000, 0, '2026-06-29 00:12:56', 0, 'system', '2026-06-29 00:12:57', '', NULL, 0, 'M1-03 模拟生成传感器数据');
INSERT INTO `mine_sensor_data` VALUES (4, 2, 'SEN-TEMP-001', '中央泵房温度传感器一号', 'TEMPERATURE', 2, '中央泵房', '中央泵房一号水泵旁', 8.8260, '℃', 60.0000, 0, '2026-06-29 00:12:54', 0, 'system', '2026-06-29 00:12:57', '', NULL, 0, 'M1-03 模拟生成传感器数据');
INSERT INTO `mine_sensor_data` VALUES (5, 2, 'SEN-TEMP-001', '中央泵房温度传感器一号', 'TEMPERATURE', 2, '中央泵房', '中央泵房一号水泵旁', 16.1956, '℃', 60.0000, 0, '2026-06-29 00:12:55', 0, 'system', '2026-06-29 00:12:57', '', NULL, 0, 'M1-03 模拟生成传感器数据');
INSERT INTO `mine_sensor_data` VALUES (6, 2, 'SEN-TEMP-001', '中央泵房温度传感器一号', 'TEMPERATURE', 2, '中央泵房', '中央泵房一号水泵旁', 50.5579, '℃', 60.0000, 0, '2026-06-29 00:12:56', 0, 'system', '2026-06-29 00:12:57', '', NULL, 0, 'M1-03 模拟生成传感器数据');
INSERT INTO `mine_sensor_data` VALUES (7, 3, 'SEN-VIB-001', '主运输皮带振动传感器一号', 'VIBRATION', 3, '主运输巷', '主运输皮带机头', 7.9525, 'mm/s', 8.0000, 0, '2026-06-29 00:12:54', 0, 'system', '2026-06-29 00:12:57', '', NULL, 0, 'M1-03 模拟生成传感器数据');
INSERT INTO `mine_sensor_data` VALUES (8, 3, 'SEN-VIB-001', '主运输皮带振动传感器一号', 'VIBRATION', 3, '主运输巷', '主运输皮带机头', 5.5277, 'mm/s', 8.0000, 0, '2026-06-29 00:12:55', 0, 'system', '2026-06-29 00:12:57', '', NULL, 0, 'M1-03 模拟生成传感器数据');
INSERT INTO `mine_sensor_data` VALUES (9, 3, 'SEN-VIB-001', '主运输皮带振动传感器一号', 'VIBRATION', 3, '主运输巷', '主运输皮带机头', 6.0519, 'mm/s', 8.0000, 0, '2026-06-29 00:12:56', 0, 'system', '2026-06-29 00:12:57', '', NULL, 0, 'M1-03 模拟生成传感器数据');
INSERT INTO `mine_sensor_data` VALUES (10, 1, 'SEN-GAS-001', '一采区瓦斯传感器一号', 'GAS', 1, '一采区', '一采区回风巷', 0.8909, '%', 1.0000, 0, '2026-06-29 00:13:28', 0, 'system', '2026-06-29 00:13:33', '', NULL, 0, 'M1-03 模拟生成传感器数据');
INSERT INTO `mine_sensor_data` VALUES (11, 1, 'SEN-GAS-001', '一采区瓦斯传感器一号', 'GAS', 1, '一采区', '一采区回风巷', 0.7466, '%', 1.0000, 0, '2026-06-29 00:13:29', 0, 'system', '2026-06-29 00:13:33', '', NULL, 0, 'M1-03 模拟生成传感器数据');
INSERT INTO `mine_sensor_data` VALUES (12, 1, 'SEN-GAS-001', '一采区瓦斯传感器一号', 'GAS', 1, '一采区', '一采区回风巷', 0.1069, '%', 1.0000, 0, '2026-06-29 00:13:30', 0, 'system', '2026-06-29 00:13:33', '', NULL, 0, 'M1-03 模拟生成传感器数据');
INSERT INTO `mine_sensor_data` VALUES (13, 1, 'SEN-GAS-001', '一采区瓦斯传感器一号', 'GAS', 1, '一采区', '一采区回风巷', 0.3578, '%', 1.0000, 0, '2026-06-29 00:13:31', 0, 'system', '2026-06-29 00:13:33', '', NULL, 0, 'M1-03 模拟生成传感器数据');
INSERT INTO `mine_sensor_data` VALUES (14, 1, 'SEN-GAS-001', '一采区瓦斯传感器一号', 'GAS', 1, '一采区', '一采区回风巷', 0.6967, '%', 1.0000, 0, '2026-06-29 00:13:32', 0, 'system', '2026-06-29 00:13:33', '', NULL, 0, 'M1-03 模拟生成传感器数据');
INSERT INTO `mine_sensor_data` VALUES (15, 1, 'SEN-GAS-001', '一采区瓦斯传感器一号', 'GAS', 1, '一采区', '一采区回风巷', 0.1152, '%', 1.0000, 0, '2026-06-29 10:19:43', 0, 'system', '2026-06-29 10:19:53', '', NULL, 0, 'M1-03 模拟生成传感器数据');
INSERT INTO `mine_sensor_data` VALUES (16, 1, 'SEN-GAS-001', '一采区瓦斯传感器一号', 'GAS', 1, '一采区', '一采区回风巷', 0.7871, '%', 1.0000, 0, '2026-06-29 10:19:44', 0, 'system', '2026-06-29 10:19:53', '', NULL, 0, 'M1-03 模拟生成传感器数据');
INSERT INTO `mine_sensor_data` VALUES (17, 1, 'SEN-GAS-001', '一采区瓦斯传感器一号', 'GAS', 1, '一采区', '一采区回风巷', 0.0374, '%', 1.0000, 0, '2026-06-29 10:19:45', 0, 'system', '2026-06-29 10:19:53', '', NULL, 0, 'M1-03 模拟生成传感器数据');
INSERT INTO `mine_sensor_data` VALUES (18, 1, 'SEN-GAS-001', '一采区瓦斯传感器一号', 'GAS', 1, '一采区', '一采区回风巷', 0.5432, '%', 1.0000, 0, '2026-06-29 10:19:46', 0, 'system', '2026-06-29 10:19:53', '', NULL, 0, 'M1-03 模拟生成传感器数据');
INSERT INTO `mine_sensor_data` VALUES (19, 1, 'SEN-GAS-001', '一采区瓦斯传感器一号', 'GAS', 1, '一采区', '一采区回风巷', 0.9152, '%', 1.0000, 0, '2026-06-29 10:19:47', 0, 'system', '2026-06-29 10:19:53', '', NULL, 0, 'M1-03 模拟生成传感器数据');
INSERT INTO `mine_sensor_data` VALUES (20, 1, 'SEN-GAS-001', '一采区瓦斯传感器一号', 'GAS', 1, '一采区', '一采区回风巷', 0.6197, '%', 1.0000, 0, '2026-06-29 10:19:48', 0, 'system', '2026-06-29 10:19:53', '', NULL, 0, 'M1-03 模拟生成传感器数据');
INSERT INTO `mine_sensor_data` VALUES (21, 1, 'SEN-GAS-001', '一采区瓦斯传感器一号', 'GAS', 1, '一采区', '一采区回风巷', 0.9795, '%', 1.0000, 0, '2026-06-29 10:19:49', 0, 'system', '2026-06-29 10:19:53', '', NULL, 0, 'M1-03 模拟生成传感器数据');
INSERT INTO `mine_sensor_data` VALUES (22, 1, 'SEN-GAS-001', '一采区瓦斯传感器一号', 'GAS', 1, '一采区', '一采区回风巷', 0.1662, '%', 1.0000, 0, '2026-06-29 10:19:50', 0, 'system', '2026-06-29 10:19:53', '', NULL, 0, 'M1-03 模拟生成传感器数据');
INSERT INTO `mine_sensor_data` VALUES (23, 1, 'SEN-GAS-001', '一采区瓦斯传感器一号', 'GAS', 1, '一采区', '一采区回风巷', 0.4504, '%', 1.0000, 0, '2026-06-29 10:19:51', 0, 'system', '2026-06-29 10:19:53', '', NULL, 0, 'M1-03 模拟生成传感器数据');
INSERT INTO `mine_sensor_data` VALUES (24, 1, 'SEN-GAS-001', '一采区瓦斯传感器一号', 'GAS', 1, '一采区', '一采区回风巷', 0.4806, '%', 1.0000, 0, '2026-06-29 10:19:52', 0, 'system', '2026-06-29 10:19:53', '', NULL, 0, 'M1-03 模拟生成传感器数据');
INSERT INTO `mine_sensor_data` VALUES (25, 2, 'SEN-TEMP-001', '中央泵房温度传感器一号', 'TEMPERATURE', 2, '中央泵房', '中央泵房一号水泵旁', 54.7431, '℃', 60.0000, 0, '2026-06-29 10:19:43', 0, 'system', '2026-06-29 10:19:53', '', NULL, 0, 'M1-03 模拟生成传感器数据');
INSERT INTO `mine_sensor_data` VALUES (26, 2, 'SEN-TEMP-001', '中央泵房温度传感器一号', 'TEMPERATURE', 2, '中央泵房', '中央泵房一号水泵旁', 17.2147, '℃', 60.0000, 0, '2026-06-29 10:19:44', 0, 'system', '2026-06-29 10:19:53', '', NULL, 0, 'M1-03 模拟生成传感器数据');
INSERT INTO `mine_sensor_data` VALUES (27, 2, 'SEN-TEMP-001', '中央泵房温度传感器一号', 'TEMPERATURE', 2, '中央泵房', '中央泵房一号水泵旁', 35.1998, '℃', 60.0000, 0, '2026-06-29 10:19:45', 0, 'system', '2026-06-29 10:19:53', '', NULL, 0, 'M1-03 模拟生成传感器数据');
INSERT INTO `mine_sensor_data` VALUES (28, 2, 'SEN-TEMP-001', '中央泵房温度传感器一号', 'TEMPERATURE', 2, '中央泵房', '中央泵房一号水泵旁', 14.7405, '℃', 60.0000, 0, '2026-06-29 10:19:46', 0, 'system', '2026-06-29 10:19:53', '', NULL, 0, 'M1-03 模拟生成传感器数据');
INSERT INTO `mine_sensor_data` VALUES (29, 2, 'SEN-TEMP-001', '中央泵房温度传感器一号', 'TEMPERATURE', 2, '中央泵房', '中央泵房一号水泵旁', 35.9648, '℃', 60.0000, 0, '2026-06-29 10:19:47', 0, 'system', '2026-06-29 10:19:53', '', NULL, 0, 'M1-03 模拟生成传感器数据');
INSERT INTO `mine_sensor_data` VALUES (30, 2, 'SEN-TEMP-001', '中央泵房温度传感器一号', 'TEMPERATURE', 2, '中央泵房', '中央泵房一号水泵旁', 19.0075, '℃', 60.0000, 0, '2026-06-29 10:19:48', 0, 'system', '2026-06-29 10:19:53', '', NULL, 0, 'M1-03 模拟生成传感器数据');
INSERT INTO `mine_sensor_data` VALUES (31, 2, 'SEN-TEMP-001', '中央泵房温度传感器一号', 'TEMPERATURE', 2, '中央泵房', '中央泵房一号水泵旁', 26.0158, '℃', 60.0000, 0, '2026-06-29 10:19:49', 0, 'system', '2026-06-29 10:19:53', '', NULL, 0, 'M1-03 模拟生成传感器数据');
INSERT INTO `mine_sensor_data` VALUES (32, 2, 'SEN-TEMP-001', '中央泵房温度传感器一号', 'TEMPERATURE', 2, '中央泵房', '中央泵房一号水泵旁', 58.3165, '℃', 60.0000, 0, '2026-06-29 10:19:50', 0, 'system', '2026-06-29 10:19:53', '', NULL, 0, 'M1-03 模拟生成传感器数据');
INSERT INTO `mine_sensor_data` VALUES (33, 2, 'SEN-TEMP-001', '中央泵房温度传感器一号', 'TEMPERATURE', 2, '中央泵房', '中央泵房一号水泵旁', 3.5828, '℃', 60.0000, 0, '2026-06-29 10:19:51', 0, 'system', '2026-06-29 10:19:53', '', NULL, 0, 'M1-03 模拟生成传感器数据');
INSERT INTO `mine_sensor_data` VALUES (34, 2, 'SEN-TEMP-001', '中央泵房温度传感器一号', 'TEMPERATURE', 2, '中央泵房', '中央泵房一号水泵旁', 31.8891, '℃', 60.0000, 0, '2026-06-29 10:19:52', 0, 'system', '2026-06-29 10:19:53', '', NULL, 0, 'M1-03 模拟生成传感器数据');
INSERT INTO `mine_sensor_data` VALUES (35, 3, 'SEN-VIB-001', '主运输皮带振动传感器一号', 'VIBRATION', 3, '主运输巷', '主运输皮带机头', 5.6501, 'mm/s', 8.0000, 0, '2026-06-29 10:19:43', 0, 'system', '2026-06-29 10:19:53', '', NULL, 0, 'M1-03 模拟生成传感器数据');
INSERT INTO `mine_sensor_data` VALUES (36, 3, 'SEN-VIB-001', '主运输皮带振动传感器一号', 'VIBRATION', 3, '主运输巷', '主运输皮带机头', 6.2063, 'mm/s', 8.0000, 0, '2026-06-29 10:19:44', 0, 'system', '2026-06-29 10:19:53', '', NULL, 0, 'M1-03 模拟生成传感器数据');
INSERT INTO `mine_sensor_data` VALUES (37, 3, 'SEN-VIB-001', '主运输皮带振动传感器一号', 'VIBRATION', 3, '主运输巷', '主运输皮带机头', 5.8957, 'mm/s', 8.0000, 0, '2026-06-29 10:19:45', 0, 'system', '2026-06-29 10:19:53', '', NULL, 0, 'M1-03 模拟生成传感器数据');
INSERT INTO `mine_sensor_data` VALUES (38, 3, 'SEN-VIB-001', '主运输皮带振动传感器一号', 'VIBRATION', 3, '主运输巷', '主运输皮带机头', 6.3515, 'mm/s', 8.0000, 0, '2026-06-29 10:19:46', 0, 'system', '2026-06-29 10:19:53', '', NULL, 0, 'M1-03 模拟生成传感器数据');
INSERT INTO `mine_sensor_data` VALUES (39, 3, 'SEN-VIB-001', '主运输皮带振动传感器一号', 'VIBRATION', 3, '主运输巷', '主运输皮带机头', 6.3829, 'mm/s', 8.0000, 0, '2026-06-29 10:19:47', 0, 'system', '2026-06-29 10:19:53', '', NULL, 0, 'M1-03 模拟生成传感器数据');
INSERT INTO `mine_sensor_data` VALUES (40, 3, 'SEN-VIB-001', '主运输皮带振动传感器一号', 'VIBRATION', 3, '主运输巷', '主运输皮带机头', 1.5008, 'mm/s', 8.0000, 0, '2026-06-29 10:19:48', 0, 'system', '2026-06-29 10:19:53', '', NULL, 0, 'M1-03 模拟生成传感器数据');
INSERT INTO `mine_sensor_data` VALUES (41, 3, 'SEN-VIB-001', '主运输皮带振动传感器一号', 'VIBRATION', 3, '主运输巷', '主运输皮带机头', 6.1211, 'mm/s', 8.0000, 0, '2026-06-29 10:19:49', 0, 'system', '2026-06-29 10:19:53', '', NULL, 0, 'M1-03 模拟生成传感器数据');
INSERT INTO `mine_sensor_data` VALUES (42, 3, 'SEN-VIB-001', '主运输皮带振动传感器一号', 'VIBRATION', 3, '主运输巷', '主运输皮带机头', 1.0077, 'mm/s', 8.0000, 0, '2026-06-29 10:19:50', 0, 'system', '2026-06-29 10:19:53', '', NULL, 0, 'M1-03 模拟生成传感器数据');
INSERT INTO `mine_sensor_data` VALUES (43, 3, 'SEN-VIB-001', '主运输皮带振动传感器一号', 'VIBRATION', 3, '主运输巷', '主运输皮带机头', 3.3782, 'mm/s', 8.0000, 0, '2026-06-29 10:19:51', 0, 'system', '2026-06-29 10:19:53', '', NULL, 0, 'M1-03 模拟生成传感器数据');
INSERT INTO `mine_sensor_data` VALUES (44, 3, 'SEN-VIB-001', '主运输皮带振动传感器一号', 'VIBRATION', 3, '主运输巷', '主运输皮带机头', 3.1432, 'mm/s', 8.0000, 0, '2026-06-29 10:19:52', 0, 'system', '2026-06-29 10:19:53', '', NULL, 0, 'M1-03 模拟生成传感器数据');
INSERT INTO `mine_sensor_data` VALUES (45, 1, 'SEN-GAS-001', '一采区瓦斯传感器一号', 'GAS', 1, '一采区', '一采区回风巷', 0.3886, '%', 1.0000, 0, '2026-06-29 11:57:52', 0, 'system', '2026-06-29 11:58:02', '', NULL, 0, 'M1-03 模拟生成传感器数据');
INSERT INTO `mine_sensor_data` VALUES (46, 1, 'SEN-GAS-001', '一采区瓦斯传感器一号', 'GAS', 1, '一采区', '一采区回风巷', 0.3307, '%', 1.0000, 0, '2026-06-29 11:57:53', 0, 'system', '2026-06-29 11:58:02', '', NULL, 0, 'M1-03 模拟生成传感器数据');
INSERT INTO `mine_sensor_data` VALUES (47, 1, 'SEN-GAS-001', '一采区瓦斯传感器一号', 'GAS', 1, '一采区', '一采区回风巷', 0.8859, '%', 1.0000, 0, '2026-06-29 11:57:54', 0, 'system', '2026-06-29 11:58:02', '', NULL, 0, 'M1-03 模拟生成传感器数据');
INSERT INTO `mine_sensor_data` VALUES (48, 1, 'SEN-GAS-001', '一采区瓦斯传感器一号', 'GAS', 1, '一采区', '一采区回风巷', 0.3160, '%', 1.0000, 0, '2026-06-29 11:57:55', 0, 'system', '2026-06-29 11:58:02', '', NULL, 0, 'M1-03 模拟生成传感器数据');
INSERT INTO `mine_sensor_data` VALUES (49, 1, 'SEN-GAS-001', '一采区瓦斯传感器一号', 'GAS', 1, '一采区', '一采区回风巷', 0.7995, '%', 1.0000, 0, '2026-06-29 11:57:56', 0, 'system', '2026-06-29 11:58:02', '', NULL, 0, 'M1-03 模拟生成传感器数据');
INSERT INTO `mine_sensor_data` VALUES (50, 1, 'SEN-GAS-001', '一采区瓦斯传感器一号', 'GAS', 1, '一采区', '一采区回风巷', 0.9455, '%', 1.0000, 0, '2026-06-29 11:57:57', 0, 'system', '2026-06-29 11:58:02', '', NULL, 0, 'M1-03 模拟生成传感器数据');
INSERT INTO `mine_sensor_data` VALUES (51, 1, 'SEN-GAS-001', '一采区瓦斯传感器一号', 'GAS', 1, '一采区', '一采区回风巷', 0.1983, '%', 1.0000, 0, '2026-06-29 11:57:58', 0, 'system', '2026-06-29 11:58:02', '', NULL, 0, 'M1-03 模拟生成传感器数据');
INSERT INTO `mine_sensor_data` VALUES (52, 1, 'SEN-GAS-001', '一采区瓦斯传感器一号', 'GAS', 1, '一采区', '一采区回风巷', 0.6478, '%', 1.0000, 0, '2026-06-29 11:57:59', 0, 'system', '2026-06-29 11:58:03', '', NULL, 0, 'M1-03 模拟生成传感器数据');
INSERT INTO `mine_sensor_data` VALUES (53, 1, 'SEN-GAS-001', '一采区瓦斯传感器一号', 'GAS', 1, '一采区', '一采区回风巷', 0.3837, '%', 1.0000, 0, '2026-06-29 11:58:00', 0, 'system', '2026-06-29 11:58:03', '', NULL, 0, 'M1-03 模拟生成传感器数据');
INSERT INTO `mine_sensor_data` VALUES (54, 1, 'SEN-GAS-001', '一采区瓦斯传感器一号', 'GAS', 1, '一采区', '一采区回风巷', 0.3022, '%', 1.0000, 0, '2026-06-29 11:58:01', 0, 'system', '2026-06-29 11:58:03', '', NULL, 0, 'M1-03 模拟生成传感器数据');
INSERT INTO `mine_sensor_data` VALUES (55, 2, 'SEN-TEMP-001', '中央泵房温度传感器一号', 'TEMPERATURE', 2, '中央泵房', '中央泵房一号水泵旁', 57.2283, '℃', 60.0000, 0, '2026-06-29 11:57:52', 0, 'system', '2026-06-29 11:58:03', '', NULL, 0, 'M1-03 模拟生成传感器数据');
INSERT INTO `mine_sensor_data` VALUES (56, 2, 'SEN-TEMP-001', '中央泵房温度传感器一号', 'TEMPERATURE', 2, '中央泵房', '中央泵房一号水泵旁', 40.9428, '℃', 60.0000, 0, '2026-06-29 11:57:53', 0, 'system', '2026-06-29 11:58:03', '', NULL, 0, 'M1-03 模拟生成传感器数据');
INSERT INTO `mine_sensor_data` VALUES (57, 2, 'SEN-TEMP-001', '中央泵房温度传感器一号', 'TEMPERATURE', 2, '中央泵房', '中央泵房一号水泵旁', 0.3440, '℃', 60.0000, 0, '2026-06-29 11:57:54', 0, 'system', '2026-06-29 11:58:03', '', NULL, 0, 'M1-03 模拟生成传感器数据');
INSERT INTO `mine_sensor_data` VALUES (58, 2, 'SEN-TEMP-001', '中央泵房温度传感器一号', 'TEMPERATURE', 2, '中央泵房', '中央泵房一号水泵旁', 5.9699, '℃', 60.0000, 0, '2026-06-29 11:57:55', 0, 'system', '2026-06-29 11:58:03', '', NULL, 0, 'M1-03 模拟生成传感器数据');
INSERT INTO `mine_sensor_data` VALUES (59, 2, 'SEN-TEMP-001', '中央泵房温度传感器一号', 'TEMPERATURE', 2, '中央泵房', '中央泵房一号水泵旁', 29.6200, '℃', 60.0000, 0, '2026-06-29 11:57:56', 0, 'system', '2026-06-29 11:58:03', '', NULL, 0, 'M1-03 模拟生成传感器数据');
INSERT INTO `mine_sensor_data` VALUES (60, 2, 'SEN-TEMP-001', '中央泵房温度传感器一号', 'TEMPERATURE', 2, '中央泵房', '中央泵房一号水泵旁', 3.3819, '℃', 60.0000, 0, '2026-06-29 11:57:57', 0, 'system', '2026-06-29 11:58:03', '', NULL, 0, 'M1-03 模拟生成传感器数据');
INSERT INTO `mine_sensor_data` VALUES (61, 2, 'SEN-TEMP-001', '中央泵房温度传感器一号', 'TEMPERATURE', 2, '中央泵房', '中央泵房一号水泵旁', 43.9651, '℃', 60.0000, 0, '2026-06-29 11:57:58', 0, 'system', '2026-06-29 11:58:03', '', NULL, 0, 'M1-03 模拟生成传感器数据');
INSERT INTO `mine_sensor_data` VALUES (62, 2, 'SEN-TEMP-001', '中央泵房温度传感器一号', 'TEMPERATURE', 2, '中央泵房', '中央泵房一号水泵旁', 15.1048, '℃', 60.0000, 0, '2026-06-29 11:57:59', 0, 'system', '2026-06-29 11:58:03', '', NULL, 0, 'M1-03 模拟生成传感器数据');
INSERT INTO `mine_sensor_data` VALUES (63, 2, 'SEN-TEMP-001', '中央泵房温度传感器一号', 'TEMPERATURE', 2, '中央泵房', '中央泵房一号水泵旁', 56.5745, '℃', 60.0000, 0, '2026-06-29 11:58:00', 0, 'system', '2026-06-29 11:58:03', '', NULL, 0, 'M1-03 模拟生成传感器数据');
INSERT INTO `mine_sensor_data` VALUES (64, 2, 'SEN-TEMP-001', '中央泵房温度传感器一号', 'TEMPERATURE', 2, '中央泵房', '中央泵房一号水泵旁', 52.5459, '℃', 60.0000, 0, '2026-06-29 11:58:01', 0, 'system', '2026-06-29 11:58:03', '', NULL, 0, 'M1-03 模拟生成传感器数据');
INSERT INTO `mine_sensor_data` VALUES (65, 3, 'SEN-VIB-001', '主运输皮带振动传感器一号', 'VIBRATION', 3, '主运输巷', '主运输皮带机头', 0.1664, 'mm/s', 8.0000, 0, '2026-06-29 11:57:52', 0, 'system', '2026-06-29 11:58:03', '', NULL, 0, 'M1-03 模拟生成传感器数据');
INSERT INTO `mine_sensor_data` VALUES (66, 3, 'SEN-VIB-001', '主运输皮带振动传感器一号', 'VIBRATION', 3, '主运输巷', '主运输皮带机头', 1.0072, 'mm/s', 8.0000, 0, '2026-06-29 11:57:53', 0, 'system', '2026-06-29 11:58:03', '', NULL, 0, 'M1-03 模拟生成传感器数据');
INSERT INTO `mine_sensor_data` VALUES (67, 3, 'SEN-VIB-001', '主运输皮带振动传感器一号', 'VIBRATION', 3, '主运输巷', '主运输皮带机头', 3.5214, 'mm/s', 8.0000, 0, '2026-06-29 11:57:54', 0, 'system', '2026-06-29 11:58:03', '', NULL, 0, 'M1-03 模拟生成传感器数据');
INSERT INTO `mine_sensor_data` VALUES (68, 3, 'SEN-VIB-001', '主运输皮带振动传感器一号', 'VIBRATION', 3, '主运输巷', '主运输皮带机头', 2.0409, 'mm/s', 8.0000, 0, '2026-06-29 11:57:55', 0, 'system', '2026-06-29 11:58:03', '', NULL, 0, 'M1-03 模拟生成传感器数据');
INSERT INTO `mine_sensor_data` VALUES (69, 3, 'SEN-VIB-001', '主运输皮带振动传感器一号', 'VIBRATION', 3, '主运输巷', '主运输皮带机头', 4.6290, 'mm/s', 8.0000, 0, '2026-06-29 11:57:56', 0, 'system', '2026-06-29 11:58:03', '', NULL, 0, 'M1-03 模拟生成传感器数据');
INSERT INTO `mine_sensor_data` VALUES (70, 3, 'SEN-VIB-001', '主运输皮带振动传感器一号', 'VIBRATION', 3, '主运输巷', '主运输皮带机头', 7.1778, 'mm/s', 8.0000, 0, '2026-06-29 11:57:57', 0, 'system', '2026-06-29 11:58:03', '', NULL, 0, 'M1-03 模拟生成传感器数据');
INSERT INTO `mine_sensor_data` VALUES (71, 3, 'SEN-VIB-001', '主运输皮带振动传感器一号', 'VIBRATION', 3, '主运输巷', '主运输皮带机头', 5.6808, 'mm/s', 8.0000, 0, '2026-06-29 11:57:58', 0, 'system', '2026-06-29 11:58:03', '', NULL, 0, 'M1-03 模拟生成传感器数据');
INSERT INTO `mine_sensor_data` VALUES (72, 3, 'SEN-VIB-001', '主运输皮带振动传感器一号', 'VIBRATION', 3, '主运输巷', '主运输皮带机头', 1.8073, 'mm/s', 8.0000, 0, '2026-06-29 11:57:59', 0, 'system', '2026-06-29 11:58:03', '', NULL, 0, 'M1-03 模拟生成传感器数据');
INSERT INTO `mine_sensor_data` VALUES (73, 3, 'SEN-VIB-001', '主运输皮带振动传感器一号', 'VIBRATION', 3, '主运输巷', '主运输皮带机头', 2.1100, 'mm/s', 8.0000, 0, '2026-06-29 11:58:00', 0, 'system', '2026-06-29 11:58:03', '', NULL, 0, 'M1-03 模拟生成传感器数据');
INSERT INTO `mine_sensor_data` VALUES (74, 3, 'SEN-VIB-001', '主运输皮带振动传感器一号', 'VIBRATION', 3, '主运输巷', '主运输皮带机头', 1.2721, 'mm/s', 8.0000, 0, '2026-06-29 11:58:01', 0, 'system', '2026-06-29 11:58:03', '', NULL, 0, 'M1-03 模拟生成传感器数据');
INSERT INTO `mine_sensor_data` VALUES (75, 1, 'SEN-GAS-001', '一采区瓦斯传感器一号', 'GAS', 1, '一采区', '一采区回风巷', 0.7199, '%', 1.0000, 0, '2026-06-29 11:59:16', 0, 'system', '2026-06-29 11:59:26', '', NULL, 0, 'M1-03 模拟生成传感器数据');
INSERT INTO `mine_sensor_data` VALUES (76, 1, 'SEN-GAS-001', '一采区瓦斯传感器一号', 'GAS', 1, '一采区', '一采区回风巷', 0.4320, '%', 1.0000, 0, '2026-06-29 11:59:17', 0, 'system', '2026-06-29 11:59:26', '', NULL, 0, 'M1-03 模拟生成传感器数据');
INSERT INTO `mine_sensor_data` VALUES (77, 1, 'SEN-GAS-001', '一采区瓦斯传感器一号', 'GAS', 1, '一采区', '一采区回风巷', 0.2826, '%', 1.0000, 0, '2026-06-29 11:59:18', 0, 'system', '2026-06-29 11:59:26', '', NULL, 0, 'M1-03 模拟生成传感器数据');
INSERT INTO `mine_sensor_data` VALUES (78, 1, 'SEN-GAS-001', '一采区瓦斯传感器一号', 'GAS', 1, '一采区', '一采区回风巷', 0.5635, '%', 1.0000, 0, '2026-06-29 11:59:19', 0, 'system', '2026-06-29 11:59:26', '', NULL, 0, 'M1-03 模拟生成传感器数据');
INSERT INTO `mine_sensor_data` VALUES (79, 1, 'SEN-GAS-001', '一采区瓦斯传感器一号', 'GAS', 1, '一采区', '一采区回风巷', 0.3315, '%', 1.0000, 0, '2026-06-29 11:59:20', 0, 'system', '2026-06-29 11:59:26', '', NULL, 0, 'M1-03 模拟生成传感器数据');
INSERT INTO `mine_sensor_data` VALUES (80, 1, 'SEN-GAS-001', '一采区瓦斯传感器一号', 'GAS', 1, '一采区', '一采区回风巷', 0.3023, '%', 1.0000, 0, '2026-06-29 11:59:21', 0, 'system', '2026-06-29 11:59:26', '', NULL, 0, 'M1-03 模拟生成传感器数据');
INSERT INTO `mine_sensor_data` VALUES (81, 1, 'SEN-GAS-001', '一采区瓦斯传感器一号', 'GAS', 1, '一采区', '一采区回风巷', 0.6421, '%', 1.0000, 0, '2026-06-29 11:59:22', 0, 'system', '2026-06-29 11:59:26', '', NULL, 0, 'M1-03 模拟生成传感器数据');
INSERT INTO `mine_sensor_data` VALUES (82, 1, 'SEN-GAS-001', '一采区瓦斯传感器一号', 'GAS', 1, '一采区', '一采区回风巷', 0.1707, '%', 1.0000, 0, '2026-06-29 11:59:23', 0, 'system', '2026-06-29 11:59:26', '', NULL, 0, 'M1-03 模拟生成传感器数据');
INSERT INTO `mine_sensor_data` VALUES (83, 1, 'SEN-GAS-001', '一采区瓦斯传感器一号', 'GAS', 1, '一采区', '一采区回风巷', 0.9611, '%', 1.0000, 0, '2026-06-29 11:59:24', 0, 'system', '2026-06-29 11:59:26', '', NULL, 0, 'M1-03 模拟生成传感器数据');
INSERT INTO `mine_sensor_data` VALUES (84, 1, 'SEN-GAS-001', '一采区瓦斯传感器一号', 'GAS', 1, '一采区', '一采区回风巷', 0.5603, '%', 1.0000, 0, '2026-06-29 11:59:25', 0, 'system', '2026-06-29 11:59:26', '', NULL, 0, 'M1-03 模拟生成传感器数据');
INSERT INTO `mine_sensor_data` VALUES (85, 2, 'SEN-TEMP-001', '中央泵房温度传感器一号', 'TEMPERATURE', 2, '中央泵房', '中央泵房一号水泵旁', 56.6580, '℃', 60.0000, 0, '2026-06-29 11:59:16', 0, 'system', '2026-06-29 11:59:26', '', NULL, 0, 'M1-03 模拟生成传感器数据');
INSERT INTO `mine_sensor_data` VALUES (86, 2, 'SEN-TEMP-001', '中央泵房温度传感器一号', 'TEMPERATURE', 2, '中央泵房', '中央泵房一号水泵旁', 58.4608, '℃', 60.0000, 0, '2026-06-29 11:59:17', 0, 'system', '2026-06-29 11:59:26', '', NULL, 0, 'M1-03 模拟生成传感器数据');
INSERT INTO `mine_sensor_data` VALUES (87, 2, 'SEN-TEMP-001', '中央泵房温度传感器一号', 'TEMPERATURE', 2, '中央泵房', '中央泵房一号水泵旁', 35.9569, '℃', 60.0000, 0, '2026-06-29 11:59:18', 0, 'system', '2026-06-29 11:59:26', '', NULL, 0, 'M1-03 模拟生成传感器数据');
INSERT INTO `mine_sensor_data` VALUES (88, 2, 'SEN-TEMP-001', '中央泵房温度传感器一号', 'TEMPERATURE', 2, '中央泵房', '中央泵房一号水泵旁', 35.2936, '℃', 60.0000, 0, '2026-06-29 11:59:19', 0, 'system', '2026-06-29 11:59:26', '', NULL, 0, 'M1-03 模拟生成传感器数据');
INSERT INTO `mine_sensor_data` VALUES (89, 2, 'SEN-TEMP-001', '中央泵房温度传感器一号', 'TEMPERATURE', 2, '中央泵房', '中央泵房一号水泵旁', 19.9649, '℃', 60.0000, 0, '2026-06-29 11:59:20', 0, 'system', '2026-06-29 11:59:26', '', NULL, 0, 'M1-03 模拟生成传感器数据');
INSERT INTO `mine_sensor_data` VALUES (90, 2, 'SEN-TEMP-001', '中央泵房温度传感器一号', 'TEMPERATURE', 2, '中央泵房', '中央泵房一号水泵旁', 41.8996, '℃', 60.0000, 0, '2026-06-29 11:59:21', 0, 'system', '2026-06-29 11:59:26', '', NULL, 0, 'M1-03 模拟生成传感器数据');
INSERT INTO `mine_sensor_data` VALUES (91, 2, 'SEN-TEMP-001', '中央泵房温度传感器一号', 'TEMPERATURE', 2, '中央泵房', '中央泵房一号水泵旁', 25.6665, '℃', 60.0000, 0, '2026-06-29 11:59:22', 0, 'system', '2026-06-29 11:59:26', '', NULL, 0, 'M1-03 模拟生成传感器数据');
INSERT INTO `mine_sensor_data` VALUES (92, 2, 'SEN-TEMP-001', '中央泵房温度传感器一号', 'TEMPERATURE', 2, '中央泵房', '中央泵房一号水泵旁', 39.3203, '℃', 60.0000, 0, '2026-06-29 11:59:23', 0, 'system', '2026-06-29 11:59:26', '', NULL, 0, 'M1-03 模拟生成传感器数据');
INSERT INTO `mine_sensor_data` VALUES (93, 2, 'SEN-TEMP-001', '中央泵房温度传感器一号', 'TEMPERATURE', 2, '中央泵房', '中央泵房一号水泵旁', 50.2775, '℃', 60.0000, 0, '2026-06-29 11:59:24', 0, 'system', '2026-06-29 11:59:26', '', NULL, 0, 'M1-03 模拟生成传感器数据');
INSERT INTO `mine_sensor_data` VALUES (94, 2, 'SEN-TEMP-001', '中央泵房温度传感器一号', 'TEMPERATURE', 2, '中央泵房', '中央泵房一号水泵旁', 53.3887, '℃', 60.0000, 0, '2026-06-29 11:59:25', 0, 'system', '2026-06-29 11:59:26', '', NULL, 0, 'M1-03 模拟生成传感器数据');
INSERT INTO `mine_sensor_data` VALUES (95, 3, 'SEN-VIB-001', '主运输皮带振动传感器一号', 'VIBRATION', 3, '主运输巷', '主运输皮带机头', 0.8029, 'mm/s', 8.0000, 0, '2026-06-29 11:59:16', 0, 'system', '2026-06-29 11:59:26', '', NULL, 0, 'M1-03 模拟生成传感器数据');
INSERT INTO `mine_sensor_data` VALUES (96, 3, 'SEN-VIB-001', '主运输皮带振动传感器一号', 'VIBRATION', 3, '主运输巷', '主运输皮带机头', 4.6129, 'mm/s', 8.0000, 0, '2026-06-29 11:59:17', 0, 'system', '2026-06-29 11:59:26', '', NULL, 0, 'M1-03 模拟生成传感器数据');
INSERT INTO `mine_sensor_data` VALUES (97, 3, 'SEN-VIB-001', '主运输皮带振动传感器一号', 'VIBRATION', 3, '主运输巷', '主运输皮带机头', 4.2451, 'mm/s', 8.0000, 0, '2026-06-29 11:59:18', 0, 'system', '2026-06-29 11:59:26', '', NULL, 0, 'M1-03 模拟生成传感器数据');
INSERT INTO `mine_sensor_data` VALUES (98, 3, 'SEN-VIB-001', '主运输皮带振动传感器一号', 'VIBRATION', 3, '主运输巷', '主运输皮带机头', 5.7047, 'mm/s', 8.0000, 0, '2026-06-29 11:59:19', 0, 'system', '2026-06-29 11:59:26', '', NULL, 0, 'M1-03 模拟生成传感器数据');
INSERT INTO `mine_sensor_data` VALUES (99, 3, 'SEN-VIB-001', '主运输皮带振动传感器一号', 'VIBRATION', 3, '主运输巷', '主运输皮带机头', 3.1535, 'mm/s', 8.0000, 0, '2026-06-29 11:59:20', 0, 'system', '2026-06-29 11:59:26', '', NULL, 0, 'M1-03 模拟生成传感器数据');
INSERT INTO `mine_sensor_data` VALUES (100, 3, 'SEN-VIB-001', '主运输皮带振动传感器一号', 'VIBRATION', 3, '主运输巷', '主运输皮带机头', 6.8976, 'mm/s', 8.0000, 0, '2026-06-29 11:59:21', 0, 'system', '2026-06-29 11:59:26', '', NULL, 0, 'M1-03 模拟生成传感器数据');
INSERT INTO `mine_sensor_data` VALUES (101, 3, 'SEN-VIB-001', '主运输皮带振动传感器一号', 'VIBRATION', 3, '主运输巷', '主运输皮带机头', 6.1558, 'mm/s', 8.0000, 0, '2026-06-29 11:59:22', 0, 'system', '2026-06-29 11:59:26', '', NULL, 0, 'M1-03 模拟生成传感器数据');
INSERT INTO `mine_sensor_data` VALUES (102, 3, 'SEN-VIB-001', '主运输皮带振动传感器一号', 'VIBRATION', 3, '主运输巷', '主运输皮带机头', 3.4459, 'mm/s', 8.0000, 0, '2026-06-29 11:59:23', 0, 'system', '2026-06-29 11:59:26', '', NULL, 0, 'M1-03 模拟生成传感器数据');
INSERT INTO `mine_sensor_data` VALUES (103, 3, 'SEN-VIB-001', '主运输皮带振动传感器一号', 'VIBRATION', 3, '主运输巷', '主运输皮带机头', 5.4742, 'mm/s', 8.0000, 0, '2026-06-29 11:59:24', 0, 'system', '2026-06-29 11:59:26', '', NULL, 0, 'M1-03 模拟生成传感器数据');
INSERT INTO `mine_sensor_data` VALUES (104, 3, 'SEN-VIB-001', '主运输皮带振动传感器一号', 'VIBRATION', 3, '主运输巷', '主运输皮带机头', 4.5946, 'mm/s', 8.0000, 0, '2026-06-29 11:59:25', 0, 'system', '2026-06-29 11:59:26', '', NULL, 0, 'M1-03 模拟生成传感器数据');
INSERT INTO `mine_sensor_data` VALUES (105, 1, 'SEN-GAS-001', '一采区瓦斯传感器一号', 'GAS', 1, '一采区', '一采区回风巷', 0.7504, '%', 1.0000, 0, '2026-06-29 11:59:18', 0, 'system', '2026-06-29 11:59:28', '', NULL, 0, 'M1-03 模拟生成传感器数据');
INSERT INTO `mine_sensor_data` VALUES (106, 1, 'SEN-GAS-001', '一采区瓦斯传感器一号', 'GAS', 1, '一采区', '一采区回风巷', 0.2617, '%', 1.0000, 0, '2026-06-29 11:59:19', 0, 'system', '2026-06-29 11:59:28', '', NULL, 0, 'M1-03 模拟生成传感器数据');
INSERT INTO `mine_sensor_data` VALUES (107, 1, 'SEN-GAS-001', '一采区瓦斯传感器一号', 'GAS', 1, '一采区', '一采区回风巷', 0.7637, '%', 1.0000, 0, '2026-06-29 11:59:20', 0, 'system', '2026-06-29 11:59:28', '', NULL, 0, 'M1-03 模拟生成传感器数据');
INSERT INTO `mine_sensor_data` VALUES (108, 1, 'SEN-GAS-001', '一采区瓦斯传感器一号', 'GAS', 1, '一采区', '一采区回风巷', 0.9961, '%', 1.0000, 0, '2026-06-29 11:59:21', 0, 'system', '2026-06-29 11:59:28', '', NULL, 0, 'M1-03 模拟生成传感器数据');
INSERT INTO `mine_sensor_data` VALUES (109, 1, 'SEN-GAS-001', '一采区瓦斯传感器一号', 'GAS', 1, '一采区', '一采区回风巷', 0.3062, '%', 1.0000, 0, '2026-06-29 11:59:22', 0, 'system', '2026-06-29 11:59:28', '', NULL, 0, 'M1-03 模拟生成传感器数据');
INSERT INTO `mine_sensor_data` VALUES (110, 1, 'SEN-GAS-001', '一采区瓦斯传感器一号', 'GAS', 1, '一采区', '一采区回风巷', 0.2741, '%', 1.0000, 0, '2026-06-29 11:59:23', 0, 'system', '2026-06-29 11:59:28', '', NULL, 0, 'M1-03 模拟生成传感器数据');
INSERT INTO `mine_sensor_data` VALUES (111, 1, 'SEN-GAS-001', '一采区瓦斯传感器一号', 'GAS', 1, '一采区', '一采区回风巷', 0.3352, '%', 1.0000, 0, '2026-06-29 11:59:24', 0, 'system', '2026-06-29 11:59:28', '', NULL, 0, 'M1-03 模拟生成传感器数据');
INSERT INTO `mine_sensor_data` VALUES (112, 1, 'SEN-GAS-001', '一采区瓦斯传感器一号', 'GAS', 1, '一采区', '一采区回风巷', 0.1532, '%', 1.0000, 0, '2026-06-29 11:59:25', 0, 'system', '2026-06-29 11:59:28', '', NULL, 0, 'M1-03 模拟生成传感器数据');
INSERT INTO `mine_sensor_data` VALUES (113, 1, 'SEN-GAS-001', '一采区瓦斯传感器一号', 'GAS', 1, '一采区', '一采区回风巷', 0.3126, '%', 1.0000, 0, '2026-06-29 11:59:26', 0, 'system', '2026-06-29 11:59:28', '', NULL, 0, 'M1-03 模拟生成传感器数据');
INSERT INTO `mine_sensor_data` VALUES (114, 1, 'SEN-GAS-001', '一采区瓦斯传感器一号', 'GAS', 1, '一采区', '一采区回风巷', 0.6614, '%', 1.0000, 0, '2026-06-29 11:59:27', 0, 'system', '2026-06-29 11:59:28', '', NULL, 0, 'M1-03 模拟生成传感器数据');
INSERT INTO `mine_sensor_data` VALUES (115, 2, 'SEN-TEMP-001', '中央泵房温度传感器一号', 'TEMPERATURE', 2, '中央泵房', '中央泵房一号水泵旁', 48.3433, '℃', 60.0000, 0, '2026-06-29 11:59:18', 0, 'system', '2026-06-29 11:59:28', '', NULL, 0, 'M1-03 模拟生成传感器数据');
INSERT INTO `mine_sensor_data` VALUES (116, 2, 'SEN-TEMP-001', '中央泵房温度传感器一号', 'TEMPERATURE', 2, '中央泵房', '中央泵房一号水泵旁', 14.3819, '℃', 60.0000, 0, '2026-06-29 11:59:19', 0, 'system', '2026-06-29 11:59:28', '', NULL, 0, 'M1-03 模拟生成传感器数据');
INSERT INTO `mine_sensor_data` VALUES (117, 2, 'SEN-TEMP-001', '中央泵房温度传感器一号', 'TEMPERATURE', 2, '中央泵房', '中央泵房一号水泵旁', 3.6007, '℃', 60.0000, 0, '2026-06-29 11:59:20', 0, 'system', '2026-06-29 11:59:28', '', NULL, 0, 'M1-03 模拟生成传感器数据');
INSERT INTO `mine_sensor_data` VALUES (118, 2, 'SEN-TEMP-001', '中央泵房温度传感器一号', 'TEMPERATURE', 2, '中央泵房', '中央泵房一号水泵旁', 18.9143, '℃', 60.0000, 0, '2026-06-29 11:59:21', 0, 'system', '2026-06-29 11:59:28', '', NULL, 0, 'M1-03 模拟生成传感器数据');
INSERT INTO `mine_sensor_data` VALUES (119, 2, 'SEN-TEMP-001', '中央泵房温度传感器一号', 'TEMPERATURE', 2, '中央泵房', '中央泵房一号水泵旁', 5.3301, '℃', 60.0000, 0, '2026-06-29 11:59:22', 0, 'system', '2026-06-29 11:59:28', '', NULL, 0, 'M1-03 模拟生成传感器数据');
INSERT INTO `mine_sensor_data` VALUES (120, 2, 'SEN-TEMP-001', '中央泵房温度传感器一号', 'TEMPERATURE', 2, '中央泵房', '中央泵房一号水泵旁', 52.5449, '℃', 60.0000, 0, '2026-06-29 11:59:23', 0, 'system', '2026-06-29 11:59:28', '', NULL, 0, 'M1-03 模拟生成传感器数据');
INSERT INTO `mine_sensor_data` VALUES (121, 2, 'SEN-TEMP-001', '中央泵房温度传感器一号', 'TEMPERATURE', 2, '中央泵房', '中央泵房一号水泵旁', 36.8059, '℃', 60.0000, 0, '2026-06-29 11:59:24', 0, 'system', '2026-06-29 11:59:28', '', NULL, 0, 'M1-03 模拟生成传感器数据');
INSERT INTO `mine_sensor_data` VALUES (122, 2, 'SEN-TEMP-001', '中央泵房温度传感器一号', 'TEMPERATURE', 2, '中央泵房', '中央泵房一号水泵旁', 20.7581, '℃', 60.0000, 0, '2026-06-29 11:59:25', 0, 'system', '2026-06-29 11:59:28', '', NULL, 0, 'M1-03 模拟生成传感器数据');
INSERT INTO `mine_sensor_data` VALUES (123, 2, 'SEN-TEMP-001', '中央泵房温度传感器一号', 'TEMPERATURE', 2, '中央泵房', '中央泵房一号水泵旁', 21.2288, '℃', 60.0000, 0, '2026-06-29 11:59:26', 0, 'system', '2026-06-29 11:59:28', '', NULL, 0, 'M1-03 模拟生成传感器数据');
INSERT INTO `mine_sensor_data` VALUES (124, 2, 'SEN-TEMP-001', '中央泵房温度传感器一号', 'TEMPERATURE', 2, '中央泵房', '中央泵房一号水泵旁', 3.5327, '℃', 60.0000, 0, '2026-06-29 11:59:27', 0, 'system', '2026-06-29 11:59:28', '', NULL, 0, 'M1-03 模拟生成传感器数据');
INSERT INTO `mine_sensor_data` VALUES (125, 3, 'SEN-VIB-001', '主运输皮带振动传感器一号', 'VIBRATION', 3, '主运输巷', '主运输皮带机头', 1.3399, 'mm/s', 8.0000, 0, '2026-06-29 11:59:18', 0, 'system', '2026-06-29 11:59:28', '', NULL, 0, 'M1-03 模拟生成传感器数据');
INSERT INTO `mine_sensor_data` VALUES (126, 3, 'SEN-VIB-001', '主运输皮带振动传感器一号', 'VIBRATION', 3, '主运输巷', '主运输皮带机头', 1.4028, 'mm/s', 8.0000, 0, '2026-06-29 11:59:19', 0, 'system', '2026-06-29 11:59:28', '', NULL, 0, 'M1-03 模拟生成传感器数据');
INSERT INTO `mine_sensor_data` VALUES (127, 3, 'SEN-VIB-001', '主运输皮带振动传感器一号', 'VIBRATION', 3, '主运输巷', '主运输皮带机头', 6.9783, 'mm/s', 8.0000, 0, '2026-06-29 11:59:20', 0, 'system', '2026-06-29 11:59:28', '', NULL, 0, 'M1-03 模拟生成传感器数据');
INSERT INTO `mine_sensor_data` VALUES (128, 3, 'SEN-VIB-001', '主运输皮带振动传感器一号', 'VIBRATION', 3, '主运输巷', '主运输皮带机头', 0.9412, 'mm/s', 8.0000, 0, '2026-06-29 11:59:21', 0, 'system', '2026-06-29 11:59:28', '', NULL, 0, 'M1-03 模拟生成传感器数据');
INSERT INTO `mine_sensor_data` VALUES (129, 3, 'SEN-VIB-001', '主运输皮带振动传感器一号', 'VIBRATION', 3, '主运输巷', '主运输皮带机头', 1.3027, 'mm/s', 8.0000, 0, '2026-06-29 11:59:22', 0, 'system', '2026-06-29 11:59:28', '', NULL, 0, 'M1-03 模拟生成传感器数据');
INSERT INTO `mine_sensor_data` VALUES (130, 3, 'SEN-VIB-001', '主运输皮带振动传感器一号', 'VIBRATION', 3, '主运输巷', '主运输皮带机头', 7.9804, 'mm/s', 8.0000, 0, '2026-06-29 11:59:23', 0, 'system', '2026-06-29 11:59:28', '', NULL, 0, 'M1-03 模拟生成传感器数据');
INSERT INTO `mine_sensor_data` VALUES (131, 3, 'SEN-VIB-001', '主运输皮带振动传感器一号', 'VIBRATION', 3, '主运输巷', '主运输皮带机头', 4.1439, 'mm/s', 8.0000, 0, '2026-06-29 11:59:24', 0, 'system', '2026-06-29 11:59:28', '', NULL, 0, 'M1-03 模拟生成传感器数据');
INSERT INTO `mine_sensor_data` VALUES (132, 3, 'SEN-VIB-001', '主运输皮带振动传感器一号', 'VIBRATION', 3, '主运输巷', '主运输皮带机头', 3.0367, 'mm/s', 8.0000, 0, '2026-06-29 11:59:25', 0, 'system', '2026-06-29 11:59:28', '', NULL, 0, 'M1-03 模拟生成传感器数据');
INSERT INTO `mine_sensor_data` VALUES (133, 3, 'SEN-VIB-001', '主运输皮带振动传感器一号', 'VIBRATION', 3, '主运输巷', '主运输皮带机头', 3.4609, 'mm/s', 8.0000, 0, '2026-06-29 11:59:26', 0, 'system', '2026-06-29 11:59:28', '', NULL, 0, 'M1-03 模拟生成传感器数据');
INSERT INTO `mine_sensor_data` VALUES (134, 3, 'SEN-VIB-001', '主运输皮带振动传感器一号', 'VIBRATION', 3, '主运输巷', '主运输皮带机头', 2.9054, 'mm/s', 8.0000, 0, '2026-06-29 11:59:27', 0, 'system', '2026-06-29 11:59:28', '', NULL, 0, 'M1-03 模拟生成传感器数据');
INSERT INTO `mine_sensor_data` VALUES (135, 1, 'SEN-GAS-001', '一采区瓦斯传感器一号', 'GAS', 1, '一采区', '一采区回风巷', 0.3625, '%', 1.0000, 0, '2026-06-29 11:59:19', 0, 'system', '2026-06-29 11:59:29', '', NULL, 0, 'M1-03 模拟生成传感器数据');
INSERT INTO `mine_sensor_data` VALUES (136, 1, 'SEN-GAS-001', '一采区瓦斯传感器一号', 'GAS', 1, '一采区', '一采区回风巷', 0.4875, '%', 1.0000, 0, '2026-06-29 11:59:20', 0, 'system', '2026-06-29 11:59:29', '', NULL, 0, 'M1-03 模拟生成传感器数据');
INSERT INTO `mine_sensor_data` VALUES (137, 1, 'SEN-GAS-001', '一采区瓦斯传感器一号', 'GAS', 1, '一采区', '一采区回风巷', 0.0807, '%', 1.0000, 0, '2026-06-29 11:59:21', 0, 'system', '2026-06-29 11:59:29', '', NULL, 0, 'M1-03 模拟生成传感器数据');
INSERT INTO `mine_sensor_data` VALUES (138, 1, 'SEN-GAS-001', '一采区瓦斯传感器一号', 'GAS', 1, '一采区', '一采区回风巷', 0.5282, '%', 1.0000, 0, '2026-06-29 11:59:22', 0, 'system', '2026-06-29 11:59:29', '', NULL, 0, 'M1-03 模拟生成传感器数据');
INSERT INTO `mine_sensor_data` VALUES (139, 1, 'SEN-GAS-001', '一采区瓦斯传感器一号', 'GAS', 1, '一采区', '一采区回风巷', 0.8336, '%', 1.0000, 0, '2026-06-29 11:59:23', 0, 'system', '2026-06-29 11:59:29', '', NULL, 0, 'M1-03 模拟生成传感器数据');
INSERT INTO `mine_sensor_data` VALUES (140, 1, 'SEN-GAS-001', '一采区瓦斯传感器一号', 'GAS', 1, '一采区', '一采区回风巷', 0.6090, '%', 1.0000, 0, '2026-06-29 11:59:24', 0, 'system', '2026-06-29 11:59:29', '', NULL, 0, 'M1-03 模拟生成传感器数据');
INSERT INTO `mine_sensor_data` VALUES (141, 1, 'SEN-GAS-001', '一采区瓦斯传感器一号', 'GAS', 1, '一采区', '一采区回风巷', 0.4119, '%', 1.0000, 0, '2026-06-29 11:59:25', 0, 'system', '2026-06-29 11:59:29', '', NULL, 0, 'M1-03 模拟生成传感器数据');
INSERT INTO `mine_sensor_data` VALUES (142, 1, 'SEN-GAS-001', '一采区瓦斯传感器一号', 'GAS', 1, '一采区', '一采区回风巷', 0.7813, '%', 1.0000, 0, '2026-06-29 11:59:26', 0, 'system', '2026-06-29 11:59:29', '', NULL, 0, 'M1-03 模拟生成传感器数据');
INSERT INTO `mine_sensor_data` VALUES (143, 1, 'SEN-GAS-001', '一采区瓦斯传感器一号', 'GAS', 1, '一采区', '一采区回风巷', 0.4767, '%', 1.0000, 0, '2026-06-29 11:59:27', 0, 'system', '2026-06-29 11:59:29', '', NULL, 0, 'M1-03 模拟生成传感器数据');
INSERT INTO `mine_sensor_data` VALUES (144, 1, 'SEN-GAS-001', '一采区瓦斯传感器一号', 'GAS', 1, '一采区', '一采区回风巷', 0.2648, '%', 1.0000, 0, '2026-06-29 11:59:28', 0, 'system', '2026-06-29 11:59:29', '', NULL, 0, 'M1-03 模拟生成传感器数据');
INSERT INTO `mine_sensor_data` VALUES (145, 2, 'SEN-TEMP-001', '中央泵房温度传感器一号', 'TEMPERATURE', 2, '中央泵房', '中央泵房一号水泵旁', 13.2829, '℃', 60.0000, 0, '2026-06-29 11:59:19', 0, 'system', '2026-06-29 11:59:29', '', NULL, 0, 'M1-03 模拟生成传感器数据');
INSERT INTO `mine_sensor_data` VALUES (146, 2, 'SEN-TEMP-001', '中央泵房温度传感器一号', 'TEMPERATURE', 2, '中央泵房', '中央泵房一号水泵旁', 47.9672, '℃', 60.0000, 0, '2026-06-29 11:59:20', 0, 'system', '2026-06-29 11:59:29', '', NULL, 0, 'M1-03 模拟生成传感器数据');
INSERT INTO `mine_sensor_data` VALUES (147, 2, 'SEN-TEMP-001', '中央泵房温度传感器一号', 'TEMPERATURE', 2, '中央泵房', '中央泵房一号水泵旁', 26.5871, '℃', 60.0000, 0, '2026-06-29 11:59:21', 0, 'system', '2026-06-29 11:59:29', '', NULL, 0, 'M1-03 模拟生成传感器数据');
INSERT INTO `mine_sensor_data` VALUES (148, 2, 'SEN-TEMP-001', '中央泵房温度传感器一号', 'TEMPERATURE', 2, '中央泵房', '中央泵房一号水泵旁', 26.4969, '℃', 60.0000, 0, '2026-06-29 11:59:22', 0, 'system', '2026-06-29 11:59:29', '', NULL, 0, 'M1-03 模拟生成传感器数据');
INSERT INTO `mine_sensor_data` VALUES (149, 2, 'SEN-TEMP-001', '中央泵房温度传感器一号', 'TEMPERATURE', 2, '中央泵房', '中央泵房一号水泵旁', 35.2214, '℃', 60.0000, 0, '2026-06-29 11:59:23', 0, 'system', '2026-06-29 11:59:29', '', NULL, 0, 'M1-03 模拟生成传感器数据');
INSERT INTO `mine_sensor_data` VALUES (150, 2, 'SEN-TEMP-001', '中央泵房温度传感器一号', 'TEMPERATURE', 2, '中央泵房', '中央泵房一号水泵旁', 3.9617, '℃', 60.0000, 0, '2026-06-29 11:59:24', 0, 'system', '2026-06-29 11:59:29', '', NULL, 0, 'M1-03 模拟生成传感器数据');
INSERT INTO `mine_sensor_data` VALUES (151, 2, 'SEN-TEMP-001', '中央泵房温度传感器一号', 'TEMPERATURE', 2, '中央泵房', '中央泵房一号水泵旁', 47.1498, '℃', 60.0000, 0, '2026-06-29 11:59:25', 0, 'system', '2026-06-29 11:59:29', '', NULL, 0, 'M1-03 模拟生成传感器数据');
INSERT INTO `mine_sensor_data` VALUES (152, 2, 'SEN-TEMP-001', '中央泵房温度传感器一号', 'TEMPERATURE', 2, '中央泵房', '中央泵房一号水泵旁', 33.8218, '℃', 60.0000, 0, '2026-06-29 11:59:26', 0, 'system', '2026-06-29 11:59:29', '', NULL, 0, 'M1-03 模拟生成传感器数据');
INSERT INTO `mine_sensor_data` VALUES (153, 2, 'SEN-TEMP-001', '中央泵房温度传感器一号', 'TEMPERATURE', 2, '中央泵房', '中央泵房一号水泵旁', 10.4586, '℃', 60.0000, 0, '2026-06-29 11:59:27', 0, 'system', '2026-06-29 11:59:29', '', NULL, 0, 'M1-03 模拟生成传感器数据');
INSERT INTO `mine_sensor_data` VALUES (154, 2, 'SEN-TEMP-001', '中央泵房温度传感器一号', 'TEMPERATURE', 2, '中央泵房', '中央泵房一号水泵旁', 13.7250, '℃', 60.0000, 0, '2026-06-29 11:59:28', 0, 'system', '2026-06-29 11:59:29', '', NULL, 0, 'M1-03 模拟生成传感器数据');
INSERT INTO `mine_sensor_data` VALUES (155, 3, 'SEN-VIB-001', '主运输皮带振动传感器一号', 'VIBRATION', 3, '主运输巷', '主运输皮带机头', 3.4499, 'mm/s', 8.0000, 0, '2026-06-29 11:59:19', 0, 'system', '2026-06-29 11:59:29', '', NULL, 0, 'M1-03 模拟生成传感器数据');
INSERT INTO `mine_sensor_data` VALUES (156, 3, 'SEN-VIB-001', '主运输皮带振动传感器一号', 'VIBRATION', 3, '主运输巷', '主运输皮带机头', 5.2471, 'mm/s', 8.0000, 0, '2026-06-29 11:59:20', 0, 'system', '2026-06-29 11:59:29', '', NULL, 0, 'M1-03 模拟生成传感器数据');
INSERT INTO `mine_sensor_data` VALUES (157, 3, 'SEN-VIB-001', '主运输皮带振动传感器一号', 'VIBRATION', 3, '主运输巷', '主运输皮带机头', 7.2091, 'mm/s', 8.0000, 0, '2026-06-29 11:59:21', 0, 'system', '2026-06-29 11:59:29', '', NULL, 0, 'M1-03 模拟生成传感器数据');
INSERT INTO `mine_sensor_data` VALUES (158, 3, 'SEN-VIB-001', '主运输皮带振动传感器一号', 'VIBRATION', 3, '主运输巷', '主运输皮带机头', 0.1738, 'mm/s', 8.0000, 0, '2026-06-29 11:59:22', 0, 'system', '2026-06-29 11:59:29', '', NULL, 0, 'M1-03 模拟生成传感器数据');
INSERT INTO `mine_sensor_data` VALUES (159, 3, 'SEN-VIB-001', '主运输皮带振动传感器一号', 'VIBRATION', 3, '主运输巷', '主运输皮带机头', 3.6106, 'mm/s', 8.0000, 0, '2026-06-29 11:59:23', 0, 'system', '2026-06-29 11:59:29', '', NULL, 0, 'M1-03 模拟生成传感器数据');
INSERT INTO `mine_sensor_data` VALUES (160, 3, 'SEN-VIB-001', '主运输皮带振动传感器一号', 'VIBRATION', 3, '主运输巷', '主运输皮带机头', 2.8116, 'mm/s', 8.0000, 0, '2026-06-29 11:59:24', 0, 'system', '2026-06-29 11:59:29', '', NULL, 0, 'M1-03 模拟生成传感器数据');
INSERT INTO `mine_sensor_data` VALUES (161, 3, 'SEN-VIB-001', '主运输皮带振动传感器一号', 'VIBRATION', 3, '主运输巷', '主运输皮带机头', 5.0144, 'mm/s', 8.0000, 0, '2026-06-29 11:59:25', 0, 'system', '2026-06-29 11:59:29', '', NULL, 0, 'M1-03 模拟生成传感器数据');
INSERT INTO `mine_sensor_data` VALUES (162, 3, 'SEN-VIB-001', '主运输皮带振动传感器一号', 'VIBRATION', 3, '主运输巷', '主运输皮带机头', 3.9314, 'mm/s', 8.0000, 0, '2026-06-29 11:59:26', 0, 'system', '2026-06-29 11:59:29', '', NULL, 0, 'M1-03 模拟生成传感器数据');
INSERT INTO `mine_sensor_data` VALUES (163, 3, 'SEN-VIB-001', '主运输皮带振动传感器一号', 'VIBRATION', 3, '主运输巷', '主运输皮带机头', 2.8722, 'mm/s', 8.0000, 0, '2026-06-29 11:59:27', 0, 'system', '2026-06-29 11:59:29', '', NULL, 0, 'M1-03 模拟生成传感器数据');
INSERT INTO `mine_sensor_data` VALUES (164, 3, 'SEN-VIB-001', '主运输皮带振动传感器一号', 'VIBRATION', 3, '主运输巷', '主运输皮带机头', 5.2606, 'mm/s', 8.0000, 0, '2026-06-29 11:59:28', 0, 'system', '2026-06-29 11:59:29', '', NULL, 0, 'M1-03 模拟生成传感器数据');
INSERT INTO `mine_sensor_data` VALUES (165, 1, 'SEN-GAS-001', '一采区瓦斯传感器一号', 'GAS', 1, '一采区', '一采区回风巷', 0.8598, '%', 1.0000, 0, '2026-06-29 18:26:01', 0, 'system', '2026-06-29 18:26:06', '', NULL, 0, 'M1-03 模拟生成传感器数据');
INSERT INTO `mine_sensor_data` VALUES (166, 1, 'SEN-GAS-001', '一采区瓦斯传感器一号', 'GAS', 1, '一采区', '一采区回风巷', 0.9375, '%', 1.0000, 0, '2026-06-29 18:26:02', 0, 'system', '2026-06-29 18:26:06', '', NULL, 0, 'M1-03 模拟生成传感器数据');
INSERT INTO `mine_sensor_data` VALUES (167, 1, 'SEN-GAS-001', '一采区瓦斯传感器一号', 'GAS', 1, '一采区', '一采区回风巷', 0.9698, '%', 1.0000, 0, '2026-06-29 18:26:03', 0, 'system', '2026-06-29 18:26:06', '', NULL, 0, 'M1-03 模拟生成传感器数据');
INSERT INTO `mine_sensor_data` VALUES (168, 1, 'SEN-GAS-001', '一采区瓦斯传感器一号', 'GAS', 1, '一采区', '一采区回风巷', 0.5618, '%', 1.0000, 0, '2026-06-29 18:26:04', 0, 'system', '2026-06-29 18:26:06', '', NULL, 0, 'M1-03 模拟生成传感器数据');
INSERT INTO `mine_sensor_data` VALUES (169, 1, 'SEN-GAS-001', '一采区瓦斯传感器一号', 'GAS', 1, '一采区', '一采区回风巷', 0.0907, '%', 1.0000, 0, '2026-06-29 18:26:05', 0, 'system', '2026-06-29 18:26:06', '', NULL, 0, 'M1-03 模拟生成传感器数据');
INSERT INTO `mine_sensor_data` VALUES (170, 2, 'SEN-TEMP-001', '中央泵房温度传感器一号', 'TEMPERATURE', 2, '中央泵房', '中央泵房一号水泵旁', 8.5164, '℃', 60.0000, 0, '2026-06-29 18:26:01', 0, 'system', '2026-06-29 18:26:06', '', NULL, 0, 'M1-03 模拟生成传感器数据');
INSERT INTO `mine_sensor_data` VALUES (171, 2, 'SEN-TEMP-001', '中央泵房温度传感器一号', 'TEMPERATURE', 2, '中央泵房', '中央泵房一号水泵旁', 17.6144, '℃', 60.0000, 0, '2026-06-29 18:26:02', 0, 'system', '2026-06-29 18:26:06', '', NULL, 0, 'M1-03 模拟生成传感器数据');
INSERT INTO `mine_sensor_data` VALUES (172, 2, 'SEN-TEMP-001', '中央泵房温度传感器一号', 'TEMPERATURE', 2, '中央泵房', '中央泵房一号水泵旁', 35.4513, '℃', 60.0000, 0, '2026-06-29 18:26:03', 0, 'system', '2026-06-29 18:26:06', '', NULL, 0, 'M1-03 模拟生成传感器数据');
INSERT INTO `mine_sensor_data` VALUES (173, 2, 'SEN-TEMP-001', '中央泵房温度传感器一号', 'TEMPERATURE', 2, '中央泵房', '中央泵房一号水泵旁', 24.8246, '℃', 60.0000, 0, '2026-06-29 18:26:04', 0, 'system', '2026-06-29 18:26:06', '', NULL, 0, 'M1-03 模拟生成传感器数据');
INSERT INTO `mine_sensor_data` VALUES (174, 2, 'SEN-TEMP-001', '中央泵房温度传感器一号', 'TEMPERATURE', 2, '中央泵房', '中央泵房一号水泵旁', 2.8369, '℃', 60.0000, 0, '2026-06-29 18:26:05', 0, 'system', '2026-06-29 18:26:06', '', NULL, 0, 'M1-03 模拟生成传感器数据');
INSERT INTO `mine_sensor_data` VALUES (175, 3, 'SEN-VIB-001', '主运输皮带振动传感器一号', 'VIBRATION', 3, '主运输巷', '主运输皮带机头', 0.2959, 'mm/s', 8.0000, 0, '2026-06-29 18:26:01', 0, 'system', '2026-06-29 18:26:06', '', NULL, 0, 'M1-03 模拟生成传感器数据');
INSERT INTO `mine_sensor_data` VALUES (176, 3, 'SEN-VIB-001', '主运输皮带振动传感器一号', 'VIBRATION', 3, '主运输巷', '主运输皮带机头', 2.0724, 'mm/s', 8.0000, 0, '2026-06-29 18:26:02', 0, 'system', '2026-06-29 18:26:06', '', NULL, 0, 'M1-03 模拟生成传感器数据');
INSERT INTO `mine_sensor_data` VALUES (177, 3, 'SEN-VIB-001', '主运输皮带振动传感器一号', 'VIBRATION', 3, '主运输巷', '主运输皮带机头', 7.6850, 'mm/s', 8.0000, 0, '2026-06-29 18:26:03', 0, 'system', '2026-06-29 18:26:06', '', NULL, 0, 'M1-03 模拟生成传感器数据');
INSERT INTO `mine_sensor_data` VALUES (178, 3, 'SEN-VIB-001', '主运输皮带振动传感器一号', 'VIBRATION', 3, '主运输巷', '主运输皮带机头', 2.3464, 'mm/s', 8.0000, 0, '2026-06-29 18:26:04', 0, 'system', '2026-06-29 18:26:06', '', NULL, 0, 'M1-03 模拟生成传感器数据');
INSERT INTO `mine_sensor_data` VALUES (179, 3, 'SEN-VIB-001', '主运输皮带振动传感器一号', 'VIBRATION', 3, '主运输巷', '主运输皮带机头', 4.4493, 'mm/s', 8.0000, 0, '2026-06-29 18:26:05', 0, 'system', '2026-06-29 18:26:06', '', NULL, 0, 'M1-03 模拟生成传感器数据');
INSERT INTO `mine_sensor_data` VALUES (180, 1, 'SEN-GAS-001', '一采区瓦斯传感器一号', 'GAS', 1, '一采区', '一采区回风巷', 0.8315, '%', 1.0000, 0, '2026-06-29 18:26:37', 0, 'system', '2026-06-29 18:26:42', '', NULL, 0, 'M1-03 模拟生成传感器数据');
INSERT INTO `mine_sensor_data` VALUES (181, 1, 'SEN-GAS-001', '一采区瓦斯传感器一号', 'GAS', 1, '一采区', '一采区回风巷', 0.3886, '%', 1.0000, 0, '2026-06-29 18:26:38', 0, 'system', '2026-06-29 18:26:42', '', NULL, 0, 'M1-03 模拟生成传感器数据');
INSERT INTO `mine_sensor_data` VALUES (182, 1, 'SEN-GAS-001', '一采区瓦斯传感器一号', 'GAS', 1, '一采区', '一采区回风巷', 0.8115, '%', 1.0000, 0, '2026-06-29 18:26:39', 0, 'system', '2026-06-29 18:26:42', '', NULL, 0, 'M1-03 模拟生成传感器数据');
INSERT INTO `mine_sensor_data` VALUES (183, 1, 'SEN-GAS-001', '一采区瓦斯传感器一号', 'GAS', 1, '一采区', '一采区回风巷', 0.3964, '%', 1.0000, 0, '2026-06-29 18:26:40', 0, 'system', '2026-06-29 18:26:42', '', NULL, 0, 'M1-03 模拟生成传感器数据');
INSERT INTO `mine_sensor_data` VALUES (184, 1, 'SEN-GAS-001', '一采区瓦斯传感器一号', 'GAS', 1, '一采区', '一采区回风巷', 0.6408, '%', 1.0000, 0, '2026-06-29 18:26:41', 0, 'system', '2026-06-29 18:26:43', '', NULL, 0, 'M1-03 模拟生成传感器数据');
INSERT INTO `mine_sensor_data` VALUES (185, 2, 'SEN-TEMP-001', '中央泵房温度传感器一号', 'TEMPERATURE', 2, '中央泵房', '中央泵房一号水泵旁', 14.2664, '℃', 60.0000, 0, '2026-06-29 18:26:37', 0, 'system', '2026-06-29 18:26:43', '', NULL, 0, 'M1-03 模拟生成传感器数据');
INSERT INTO `mine_sensor_data` VALUES (186, 2, 'SEN-TEMP-001', '中央泵房温度传感器一号', 'TEMPERATURE', 2, '中央泵房', '中央泵房一号水泵旁', 28.9014, '℃', 60.0000, 0, '2026-06-29 18:26:38', 0, 'system', '2026-06-29 18:26:43', '', NULL, 0, 'M1-03 模拟生成传感器数据');
INSERT INTO `mine_sensor_data` VALUES (187, 2, 'SEN-TEMP-001', '中央泵房温度传感器一号', 'TEMPERATURE', 2, '中央泵房', '中央泵房一号水泵旁', 27.3109, '℃', 60.0000, 0, '2026-06-29 18:26:39', 0, 'system', '2026-06-29 18:26:43', '', NULL, 0, 'M1-03 模拟生成传感器数据');
INSERT INTO `mine_sensor_data` VALUES (188, 2, 'SEN-TEMP-001', '中央泵房温度传感器一号', 'TEMPERATURE', 2, '中央泵房', '中央泵房一号水泵旁', 18.6603, '℃', 60.0000, 0, '2026-06-29 18:26:40', 0, 'system', '2026-06-29 18:26:43', '', NULL, 0, 'M1-03 模拟生成传感器数据');
INSERT INTO `mine_sensor_data` VALUES (189, 2, 'SEN-TEMP-001', '中央泵房温度传感器一号', 'TEMPERATURE', 2, '中央泵房', '中央泵房一号水泵旁', 50.4706, '℃', 60.0000, 0, '2026-06-29 18:26:41', 0, 'system', '2026-06-29 18:26:43', '', NULL, 0, 'M1-03 模拟生成传感器数据');
INSERT INTO `mine_sensor_data` VALUES (190, 3, 'SEN-VIB-001', '主运输皮带振动传感器一号', 'VIBRATION', 3, '主运输巷', '主运输皮带机头', 3.4157, 'mm/s', 8.0000, 0, '2026-06-29 18:26:37', 0, 'system', '2026-06-29 18:26:43', '', NULL, 0, 'M1-03 模拟生成传感器数据');
INSERT INTO `mine_sensor_data` VALUES (191, 3, 'SEN-VIB-001', '主运输皮带振动传感器一号', 'VIBRATION', 3, '主运输巷', '主运输皮带机头', 0.2069, 'mm/s', 8.0000, 0, '2026-06-29 18:26:38', 0, 'system', '2026-06-29 18:26:43', '', NULL, 0, 'M1-03 模拟生成传感器数据');
INSERT INTO `mine_sensor_data` VALUES (192, 3, 'SEN-VIB-001', '主运输皮带振动传感器一号', 'VIBRATION', 3, '主运输巷', '主运输皮带机头', 7.5630, 'mm/s', 8.0000, 0, '2026-06-29 18:26:39', 0, 'system', '2026-06-29 18:26:43', '', NULL, 0, 'M1-03 模拟生成传感器数据');
INSERT INTO `mine_sensor_data` VALUES (193, 3, 'SEN-VIB-001', '主运输皮带振动传感器一号', 'VIBRATION', 3, '主运输巷', '主运输皮带机头', 2.7831, 'mm/s', 8.0000, 0, '2026-06-29 18:26:40', 0, 'system', '2026-06-29 18:26:43', '', NULL, 0, 'M1-03 模拟生成传感器数据');
INSERT INTO `mine_sensor_data` VALUES (194, 3, 'SEN-VIB-001', '主运输皮带振动传感器一号', 'VIBRATION', 3, '主运输巷', '主运输皮带机头', 3.9171, 'mm/s', 8.0000, 0, '2026-06-29 18:26:41', 0, 'system', '2026-06-29 18:26:43', '', NULL, 0, 'M1-03 模拟生成传感器数据');
INSERT INTO `mine_sensor_data` VALUES (195, 1, 'SEN-GAS-001', '一采区瓦斯传感器一号', 'GAS', 1, '一采区', '一采区回风巷', 0.3962, '%', 1.0000, 0, '2026-06-29 18:26:41', 0, 'system', '2026-06-29 18:26:46', '', NULL, 0, 'M1-03 模拟生成传感器数据');
INSERT INTO `mine_sensor_data` VALUES (196, 1, 'SEN-GAS-001', '一采区瓦斯传感器一号', 'GAS', 1, '一采区', '一采区回风巷', 0.0108, '%', 1.0000, 0, '2026-06-29 18:26:42', 0, 'system', '2026-06-29 18:26:46', '', NULL, 0, 'M1-03 模拟生成传感器数据');
INSERT INTO `mine_sensor_data` VALUES (197, 1, 'SEN-GAS-001', '一采区瓦斯传感器一号', 'GAS', 1, '一采区', '一采区回风巷', 0.6541, '%', 1.0000, 0, '2026-06-29 18:26:43', 0, 'system', '2026-06-29 18:26:46', '', NULL, 0, 'M1-03 模拟生成传感器数据');
INSERT INTO `mine_sensor_data` VALUES (198, 1, 'SEN-GAS-001', '一采区瓦斯传感器一号', 'GAS', 1, '一采区', '一采区回风巷', 0.8539, '%', 1.0000, 0, '2026-06-29 18:26:44', 0, 'system', '2026-06-29 18:26:46', '', NULL, 0, 'M1-03 模拟生成传感器数据');
INSERT INTO `mine_sensor_data` VALUES (199, 1, 'SEN-GAS-001', '一采区瓦斯传感器一号', 'GAS', 1, '一采区', '一采区回风巷', 0.8550, '%', 1.0000, 0, '2026-06-29 18:26:45', 0, 'system', '2026-06-29 18:26:46', '', NULL, 0, 'M1-03 模拟生成传感器数据');
INSERT INTO `mine_sensor_data` VALUES (200, 2, 'SEN-TEMP-001', '中央泵房温度传感器一号', 'TEMPERATURE', 2, '中央泵房', '中央泵房一号水泵旁', 5.5246, '℃', 60.0000, 0, '2026-06-29 18:26:41', 0, 'system', '2026-06-29 18:26:46', '', NULL, 0, 'M1-03 模拟生成传感器数据');
INSERT INTO `mine_sensor_data` VALUES (201, 2, 'SEN-TEMP-001', '中央泵房温度传感器一号', 'TEMPERATURE', 2, '中央泵房', '中央泵房一号水泵旁', 13.4751, '℃', 60.0000, 0, '2026-06-29 18:26:42', 0, 'system', '2026-06-29 18:26:46', '', NULL, 0, 'M1-03 模拟生成传感器数据');
INSERT INTO `mine_sensor_data` VALUES (202, 2, 'SEN-TEMP-001', '中央泵房温度传感器一号', 'TEMPERATURE', 2, '中央泵房', '中央泵房一号水泵旁', 27.9876, '℃', 60.0000, 0, '2026-06-29 18:26:43', 0, 'system', '2026-06-29 18:26:46', '', NULL, 0, 'M1-03 模拟生成传感器数据');
INSERT INTO `mine_sensor_data` VALUES (203, 2, 'SEN-TEMP-001', '中央泵房温度传感器一号', 'TEMPERATURE', 2, '中央泵房', '中央泵房一号水泵旁', 23.8260, '℃', 60.0000, 0, '2026-06-29 18:26:44', 0, 'system', '2026-06-29 18:26:46', '', NULL, 0, 'M1-03 模拟生成传感器数据');
INSERT INTO `mine_sensor_data` VALUES (204, 2, 'SEN-TEMP-001', '中央泵房温度传感器一号', 'TEMPERATURE', 2, '中央泵房', '中央泵房一号水泵旁', 53.7905, '℃', 60.0000, 0, '2026-06-29 18:26:45', 0, 'system', '2026-06-29 18:26:46', '', NULL, 0, 'M1-03 模拟生成传感器数据');
INSERT INTO `mine_sensor_data` VALUES (205, 3, 'SEN-VIB-001', '主运输皮带振动传感器一号', 'VIBRATION', 3, '主运输巷', '主运输皮带机头', 1.2523, 'mm/s', 8.0000, 0, '2026-06-29 18:26:41', 0, 'system', '2026-06-29 18:26:46', '', NULL, 0, 'M1-03 模拟生成传感器数据');
INSERT INTO `mine_sensor_data` VALUES (206, 3, 'SEN-VIB-001', '主运输皮带振动传感器一号', 'VIBRATION', 3, '主运输巷', '主运输皮带机头', 6.3600, 'mm/s', 8.0000, 0, '2026-06-29 18:26:42', 0, 'system', '2026-06-29 18:26:46', '', NULL, 0, 'M1-03 模拟生成传感器数据');
INSERT INTO `mine_sensor_data` VALUES (207, 3, 'SEN-VIB-001', '主运输皮带振动传感器一号', 'VIBRATION', 3, '主运输巷', '主运输皮带机头', 5.3288, 'mm/s', 8.0000, 0, '2026-06-29 18:26:43', 0, 'system', '2026-06-29 18:26:46', '', NULL, 0, 'M1-03 模拟生成传感器数据');
INSERT INTO `mine_sensor_data` VALUES (208, 3, 'SEN-VIB-001', '主运输皮带振动传感器一号', 'VIBRATION', 3, '主运输巷', '主运输皮带机头', 2.7634, 'mm/s', 8.0000, 0, '2026-06-29 18:26:44', 0, 'system', '2026-06-29 18:26:46', '', NULL, 0, 'M1-03 模拟生成传感器数据');
INSERT INTO `mine_sensor_data` VALUES (209, 3, 'SEN-VIB-001', '主运输皮带振动传感器一号', 'VIBRATION', 3, '主运输巷', '主运输皮带机头', 0.6805, 'mm/s', 8.0000, 0, '2026-06-29 18:26:45', 0, 'system', '2026-06-29 18:26:46', '', NULL, 0, 'M1-03 模拟生成传感器数据');
INSERT INTO `mine_sensor_data` VALUES (210, 1, 'SEN-GAS-001', '一采区瓦斯传感器一号', 'GAS', 1, '一采区', '一采区回风巷', 1.6800, '%', 1.0000, 1, '2026-06-29 19:54:39', 1, 'mqtt', '2026-06-29 19:54:39', 'mqtt', '2026-06-29 19:54:39', 0, 'M1-07 MQTT模拟上报');

-- ----------------------------
-- Table structure for mine_work_order
-- ----------------------------
DROP TABLE IF EXISTS `mine_work_order`;
CREATE TABLE `mine_work_order`  (
  `id` bigint NOT NULL AUTO_INCREMENT COMMENT '主键ID',
  `work_order_code` varchar(64) CHARACTER SET utf8mb4 COLLATE utf8mb4_unicode_ci NOT NULL COMMENT '工单编码',
  `alarm_event_id` bigint NOT NULL COMMENT '告警事件ID',
  `event_code` varchar(64) CHARACTER SET utf8mb4 COLLATE utf8mb4_unicode_ci NULL DEFAULT NULL COMMENT '告警事件编码',
  `alarm_level` tinyint NULL DEFAULT NULL COMMENT '告警级别：1一般，2重要，3严重',
  `work_order_title` varchar(200) CHARACTER SET utf8mb4 COLLATE utf8mb4_unicode_ci NOT NULL COMMENT '工单标题',
  `work_order_content` varchar(1000) CHARACTER SET utf8mb4 COLLATE utf8mb4_unicode_ci NULL DEFAULT NULL COMMENT '工单内容',
  `device_id` bigint NULL DEFAULT NULL COMMENT '设备ID',
  `sensor_id` bigint NULL DEFAULT NULL COMMENT '传感器ID',
  `sensor_code` varchar(64) CHARACTER SET utf8mb4 COLLATE utf8mb4_unicode_ci NULL DEFAULT NULL COMMENT '传感器编码',
  `sensor_name` varchar(100) CHARACTER SET utf8mb4 COLLATE utf8mb4_unicode_ci NULL DEFAULT NULL COMMENT '传感器名称',
  `sensor_type` varchar(64) CHARACTER SET utf8mb4 COLLATE utf8mb4_unicode_ci NULL DEFAULT NULL COMMENT '传感器类型',
  `area_name` varchar(100) CHARACTER SET utf8mb4 COLLATE utf8mb4_unicode_ci NULL DEFAULT NULL COMMENT '所属区域',
  `location` varchar(200) CHARACTER SET utf8mb4 COLLATE utf8mb4_unicode_ci NULL DEFAULT NULL COMMENT '安装位置',
  `order_status` tinyint NOT NULL DEFAULT 0 COMMENT '工单状态：0待处理，1处理中，2已处理，3已关闭',
  `handler_user_id` bigint NULL DEFAULT NULL COMMENT '处理人ID',
  `handler_username` varchar(64) CHARACTER SET utf8mb4 COLLATE utf8mb4_unicode_ci NULL DEFAULT NULL COMMENT '处理人用户名',
  `handle_time` datetime NULL DEFAULT NULL COMMENT '处理时间',
  `handle_result` varchar(1000) CHARACTER SET utf8mb4 COLLATE utf8mb4_unicode_ci NULL DEFAULT NULL COMMENT '处理结果',
  `close_user_id` bigint NULL DEFAULT NULL COMMENT '关闭人ID',
  `close_username` varchar(64) CHARACTER SET utf8mb4 COLLATE utf8mb4_unicode_ci NULL DEFAULT NULL COMMENT '关闭人用户名',
  `close_time` datetime NULL DEFAULT NULL COMMENT '关闭时间',
  `close_result` varchar(1000) CHARACTER SET utf8mb4 COLLATE utf8mb4_unicode_ci NULL DEFAULT NULL COMMENT '关闭结果',
  `status` tinyint NOT NULL DEFAULT 0 COMMENT '状态：0有效，1无效',
  `create_by` varchar(64) CHARACTER SET utf8mb4 COLLATE utf8mb4_unicode_ci NULL DEFAULT NULL COMMENT '创建者',
  `create_time` datetime NOT NULL DEFAULT CURRENT_TIMESTAMP COMMENT '创建时间',
  `update_by` varchar(64) CHARACTER SET utf8mb4 COLLATE utf8mb4_unicode_ci NULL DEFAULT NULL COMMENT '更新者',
  `update_time` datetime NULL DEFAULT NULL COMMENT '更新时间',
  `deleted` tinyint NOT NULL DEFAULT 0 COMMENT '逻辑删除：0未删除，1已删除',
  `remark` varchar(500) CHARACTER SET utf8mb4 COLLATE utf8mb4_unicode_ci NULL DEFAULT NULL COMMENT '备注',
  PRIMARY KEY (`id`) USING BTREE,
  UNIQUE INDEX `uk_work_order_code`(`work_order_code` ASC) USING BTREE,
  UNIQUE INDEX `uk_alarm_event_id`(`alarm_event_id` ASC) USING BTREE,
  INDEX `idx_event_code`(`event_code` ASC) USING BTREE,
  INDEX `idx_sensor_code`(`sensor_code` ASC) USING BTREE,
  INDEX `idx_sensor_type`(`sensor_type` ASC) USING BTREE,
  INDEX `idx_area_name`(`area_name` ASC) USING BTREE,
  INDEX `idx_alarm_level`(`alarm_level` ASC) USING BTREE,
  INDEX `idx_order_status`(`order_status` ASC) USING BTREE,
  INDEX `idx_status`(`status` ASC) USING BTREE,
  INDEX `idx_create_time`(`create_time` ASC) USING BTREE
) ENGINE = InnoDB AUTO_INCREMENT = 2 CHARACTER SET = utf8mb4 COLLATE = utf8mb4_unicode_ci COMMENT = '智能矿山工单表' ROW_FORMAT = Dynamic;

-- ----------------------------
-- Records of mine_work_order
-- ----------------------------
INSERT INTO `mine_work_order` VALUES (1, 'WO-20260629120130-155439', 10, 'ALM-D94-R2', 2, '温度过高', '中央泵房温度传感器一号 采集值 53.3887℃ 触发规则【温度过高告警】，规则阈值为 40.0000℃。', 2, 2, 'SEN-TEMP-001', '中央泵房温度传感器一号', 'TEMPERATURE', '中央泵房', '中央泵房一号水泵旁', 3, 1, 'admin', '2026-06-29 12:03:44', '已安排检修人员到现场检查，确认传感器数据异常并完成初步处置。', 1, 'admin', '2026-06-29 12:04:08', '现场复核完成，设备运行正常，告警已解除，工单关闭。', 0, 'admin', '2026-06-29 12:01:31', 'admin', '2026-06-29 12:04:08', 0, '闭环完成');

-- ----------------------------
-- Table structure for risk_review_order
-- ----------------------------
DROP TABLE IF EXISTS `risk_review_order`;
CREATE TABLE `risk_review_order`  (
  `id` bigint NOT NULL AUTO_INCREMENT COMMENT '主键ID',
  `review_order_code` varchar(64) CHARACTER SET utf8mb4 COLLATE utf8mb4_unicode_ci NOT NULL COMMENT '审核单编号',
  `transaction_id` bigint NOT NULL COMMENT '交易ID',
  `transaction_no` varchar(64) CHARACTER SET utf8mb4 COLLATE utf8mb4_unicode_ci NOT NULL COMMENT '交易流水号',
  `account_no` varchar(64) CHARACTER SET utf8mb4 COLLATE utf8mb4_unicode_ci NULL DEFAULT NULL COMMENT '账户号',
  `customer_id` varchar(64) CHARACTER SET utf8mb4 COLLATE utf8mb4_unicode_ci NULL DEFAULT NULL COMMENT '客户ID',
  `customer_name` varchar(100) CHARACTER SET utf8mb4 COLLATE utf8mb4_unicode_ci NULL DEFAULT NULL COMMENT '客户姓名',
  `merchant_id` varchar(64) CHARACTER SET utf8mb4 COLLATE utf8mb4_unicode_ci NULL DEFAULT NULL COMMENT '商户ID',
  `merchant_name` varchar(128) CHARACTER SET utf8mb4 COLLATE utf8mb4_unicode_ci NULL DEFAULT NULL COMMENT '商户名称',
  `transaction_type` varchar(32) CHARACTER SET utf8mb4 COLLATE utf8mb4_unicode_ci NULL DEFAULT NULL COMMENT '交易类型',
  `channel` varchar(32) CHARACTER SET utf8mb4 COLLATE utf8mb4_unicode_ci NULL DEFAULT NULL COMMENT '交易渠道',
  `amount` decimal(18, 2) NULL DEFAULT NULL COMMENT '交易金额',
  `currency` varchar(16) CHARACTER SET utf8mb4 COLLATE utf8mb4_unicode_ci NULL DEFAULT 'CNY' COMMENT '币种',
  `total_score` int NOT NULL DEFAULT 0 COMMENT '风险总分',
  `risk_level` tinyint NOT NULL DEFAULT 1 COMMENT '风险等级：1低风险，2中风险，3高风险',
  `risk_result` varchar(32) CHARACTER SET utf8mb4 COLLATE utf8mb4_unicode_ci NOT NULL DEFAULT 'REVIEW' COMMENT '风险结果：PASS放行，REVIEW人工审核，REJECT拒绝',
  `review_status` tinyint NOT NULL DEFAULT 0 COMMENT '审核状态：0待审核，1审核通过，2审核拒绝',
  `reviewer_user_id` bigint NULL DEFAULT NULL COMMENT '审核人用户ID',
  `reviewer_username` varchar(64) CHARACTER SET utf8mb4 COLLATE utf8mb4_unicode_ci NULL DEFAULT NULL COMMENT '审核人用户名',
  `review_time` datetime NULL DEFAULT NULL COMMENT '审核时间',
  `review_result` varchar(500) CHARACTER SET utf8mb4 COLLATE utf8mb4_unicode_ci NULL DEFAULT NULL COMMENT '审核意见',
  `status` tinyint NOT NULL DEFAULT 0 COMMENT '状态：0正常，1异常',
  `create_by` varchar(64) CHARACTER SET utf8mb4 COLLATE utf8mb4_unicode_ci NULL DEFAULT NULL COMMENT '创建人',
  `create_time` datetime NOT NULL DEFAULT CURRENT_TIMESTAMP COMMENT '创建时间',
  `update_by` varchar(64) CHARACTER SET utf8mb4 COLLATE utf8mb4_unicode_ci NULL DEFAULT NULL COMMENT '更新人',
  `update_time` datetime NULL DEFAULT NULL COMMENT '更新时间',
  `deleted` tinyint NOT NULL DEFAULT 0 COMMENT '逻辑删除：0未删除，1已删除',
  `remark` varchar(500) CHARACTER SET utf8mb4 COLLATE utf8mb4_unicode_ci NULL DEFAULT NULL COMMENT '备注',
  PRIMARY KEY (`id`) USING BTREE,
  UNIQUE INDEX `uk_review_order_code`(`review_order_code` ASC) USING BTREE,
  UNIQUE INDEX `uk_transaction_id`(`transaction_id` ASC) USING BTREE,
  INDEX `idx_transaction_no`(`transaction_no` ASC) USING BTREE,
  INDEX `idx_account_no`(`account_no` ASC) USING BTREE,
  INDEX `idx_customer_id`(`customer_id` ASC) USING BTREE,
  INDEX `idx_risk_level`(`risk_level` ASC) USING BTREE,
  INDEX `idx_risk_result`(`risk_result` ASC) USING BTREE,
  INDEX `idx_review_status`(`review_status` ASC) USING BTREE,
  INDEX `idx_create_time`(`create_time` ASC) USING BTREE
) ENGINE = InnoDB AUTO_INCREMENT = 2 CHARACTER SET = utf8mb4 COLLATE = utf8mb4_unicode_ci COMMENT = '风险人工审核单表' ROW_FORMAT = Dynamic;

-- ----------------------------
-- Records of risk_review_order
-- ----------------------------
INSERT INTO `risk_review_order` VALUES (1, 'REV202607080153316005', 10, 'RT202607072352549500095886', 'ACC_BLACK_001', '340415', '刘洋', 'M33599', '运城便民服务', 'PAYMENT', 'APP', 46376.28, 'CNY', 165, 3, 'REJECT', 0, NULL, NULL, NULL, NULL, 0, 'system', '2026-07-08 01:53:31', NULL, NULL, 0, 'R3-04 risk score generated from risk_rule_hit');

-- ----------------------------
-- Table structure for risk_rule
-- ----------------------------
DROP TABLE IF EXISTS `risk_rule`;
CREATE TABLE `risk_rule`  (
  `id` bigint NOT NULL AUTO_INCREMENT COMMENT '主键ID',
  `rule_code` varchar(64) CHARACTER SET utf8mb4 COLLATE utf8mb4_unicode_ci NOT NULL COMMENT '规则编码',
  `rule_name` varchar(100) CHARACTER SET utf8mb4 COLLATE utf8mb4_unicode_ci NOT NULL COMMENT '规则名称',
  `rule_type` varchar(32) CHARACTER SET utf8mb4 COLLATE utf8mb4_unicode_ci NOT NULL COMMENT '规则类型：AMOUNT/FREQUENCY/LOCATION/DEVICE/TIME/BLACKLIST',
  `condition_type` varchar(32) CHARACTER SET utf8mb4 COLLATE utf8mb4_unicode_ci NOT NULL COMMENT '条件类型',
  `compare_operator` varchar(32) CHARACTER SET utf8mb4 COLLATE utf8mb4_unicode_ci NOT NULL COMMENT '比较操作符：GT/GTE/LT/LTE/EQ/CONTAINS/NIGHT',
  `threshold_value` decimal(18, 2) NULL DEFAULT NULL COMMENT '阈值',
  `risk_level` tinyint NOT NULL DEFAULT 1 COMMENT '风险等级：1低风险，2中风险，3高风险',
  `risk_score` int NOT NULL DEFAULT 0 COMMENT '风险分',
  `rule_content` varchar(500) CHARACTER SET utf8mb4 COLLATE utf8mb4_unicode_ci NULL DEFAULT NULL COMMENT '规则内容',
  `status` tinyint NOT NULL DEFAULT 0 COMMENT '状态：0启用，1停用',
  `create_by` varchar(64) CHARACTER SET utf8mb4 COLLATE utf8mb4_unicode_ci NULL DEFAULT 'system' COMMENT '创建人',
  `create_time` datetime NOT NULL DEFAULT CURRENT_TIMESTAMP COMMENT '创建时间',
  `update_by` varchar(64) CHARACTER SET utf8mb4 COLLATE utf8mb4_unicode_ci NULL DEFAULT NULL COMMENT '更新人',
  `update_time` datetime NULL DEFAULT NULL ON UPDATE CURRENT_TIMESTAMP COMMENT '更新时间',
  `deleted` tinyint NOT NULL DEFAULT 0 COMMENT '逻辑删除：0未删除，1已删除',
  `remark` varchar(500) CHARACTER SET utf8mb4 COLLATE utf8mb4_unicode_ci NULL DEFAULT NULL COMMENT '备注',
  PRIMARY KEY (`id`) USING BTREE,
  UNIQUE INDEX `uk_rule_code`(`rule_code` ASC) USING BTREE,
  INDEX `idx_rule_type`(`rule_type` ASC) USING BTREE,
  INDEX `idx_risk_level`(`risk_level` ASC) USING BTREE,
  INDEX `idx_status`(`status` ASC) USING BTREE,
  INDEX `idx_create_time`(`create_time` ASC) USING BTREE
) ENGINE = InnoDB AUTO_INCREMENT = 7 CHARACTER SET = utf8mb4 COLLATE = utf8mb4_unicode_ci COMMENT = '风控规则表' ROW_FORMAT = Dynamic;

-- ----------------------------
-- Records of risk_rule
-- ----------------------------
INSERT INTO `risk_rule` VALUES (1, 'RISK_AMOUNT_10000', '大额交易规则', 'AMOUNT', 'amount', 'GTE', 10000.00, 2, 30, '交易金额大于等于10000元', 0, 'system', '2026-07-08 00:40:52', NULL, NULL, 0, 'R3-03 默认规则：大额交易');
INSERT INTO `risk_rule` VALUES (2, 'RISK_FREQ_3_10MIN', '十分钟高频交易规则', 'FREQUENCY', 'account_no', 'GTE', 3.00, 3, 40, '同一账号10分钟内交易次数大于等于3次', 0, 'system', '2026-07-08 00:40:52', NULL, NULL, 0, 'R3-03 默认规则：高频交易');
INSERT INTO `risk_rule` VALUES (3, 'RISK_LOCATION_OVERSEA', '异地交易规则', 'LOCATION', 'location', 'CONTAINS', NULL, 3, 35, '境外,香港,澳门,港澳', 0, 'system', '2026-07-08 00:40:52', NULL, NULL, 0, 'R3-03 默认规则：异地交易');
INSERT INTO `risk_rule` VALUES (4, 'RISK_DEVICE_ABNORMAL', '异常设备规则', 'DEVICE', 'device_id', 'CONTAINS', NULL, 2, 25, 'UNKNOWN,ROOT,ROOTED,EMULATOR,VIRTUAL', 0, 'system', '2026-07-08 00:40:52', NULL, NULL, 0, 'R3-03 默认规则：异常设备');
INSERT INTO `risk_rule` VALUES (5, 'RISK_TIME_NIGHT', '夜间交易规则', 'TIME', 'transaction_time', 'NIGHT', 23.00, 1, 15, '23:00-06:00 夜间交易', 0, 'system', '2026-07-08 00:40:52', NULL, NULL, 0, 'R3-03 默认规则：夜间交易');
INSERT INTO `risk_rule` VALUES (6, 'RISK_BLACKLIST_CUSTOMER', '黑名单客户规则', 'BLACKLIST', 'customer_id/account_no', 'CONTAINS', NULL, 3, 60, 'CUST_BLACK_001,ACC_BLACK_001', 0, 'system', '2026-07-08 00:40:52', NULL, NULL, 0, 'R3-03 默认规则：黑名单');

-- ----------------------------
-- Table structure for risk_rule_hit
-- ----------------------------
DROP TABLE IF EXISTS `risk_rule_hit`;
CREATE TABLE `risk_rule_hit`  (
  `id` bigint NOT NULL AUTO_INCREMENT COMMENT '主键ID',
  `hit_code` varchar(64) CHARACTER SET utf8mb4 COLLATE utf8mb4_unicode_ci NOT NULL COMMENT '命中编码',
  `transaction_id` bigint NOT NULL COMMENT '交易ID',
  `transaction_no` varchar(64) CHARACTER SET utf8mb4 COLLATE utf8mb4_unicode_ci NOT NULL COMMENT '交易流水号',
  `account_no` varchar(64) CHARACTER SET utf8mb4 COLLATE utf8mb4_unicode_ci NOT NULL COMMENT '账号',
  `customer_id` varchar(64) CHARACTER SET utf8mb4 COLLATE utf8mb4_unicode_ci NOT NULL COMMENT '客户ID',
  `customer_name` varchar(100) CHARACTER SET utf8mb4 COLLATE utf8mb4_unicode_ci NOT NULL COMMENT '客户姓名',
  `rule_id` bigint NOT NULL COMMENT '规则ID',
  `rule_code` varchar(64) CHARACTER SET utf8mb4 COLLATE utf8mb4_unicode_ci NOT NULL COMMENT '规则编码',
  `rule_name` varchar(100) CHARACTER SET utf8mb4 COLLATE utf8mb4_unicode_ci NOT NULL COMMENT '规则名称',
  `rule_type` varchar(32) CHARACTER SET utf8mb4 COLLATE utf8mb4_unicode_ci NOT NULL COMMENT '规则类型',
  `hit_value` varchar(200) CHARACTER SET utf8mb4 COLLATE utf8mb4_unicode_ci NULL DEFAULT NULL COMMENT '命中值',
  `threshold_value` decimal(18, 2) NULL DEFAULT NULL COMMENT '命中阈值',
  `risk_level` tinyint NOT NULL DEFAULT 1 COMMENT '风险等级：1低风险，2中风险，3高风险',
  `risk_score` int NOT NULL DEFAULT 0 COMMENT '风险分',
  `hit_time` datetime NOT NULL COMMENT '命中时间',
  `status` tinyint NOT NULL DEFAULT 0 COMMENT '状态：0未处理，1已处理',
  `create_by` varchar(64) CHARACTER SET utf8mb4 COLLATE utf8mb4_unicode_ci NULL DEFAULT 'system' COMMENT '创建人',
  `create_time` datetime NOT NULL DEFAULT CURRENT_TIMESTAMP COMMENT '创建时间',
  `update_by` varchar(64) CHARACTER SET utf8mb4 COLLATE utf8mb4_unicode_ci NULL DEFAULT NULL COMMENT '更新人',
  `update_time` datetime NULL DEFAULT NULL ON UPDATE CURRENT_TIMESTAMP COMMENT '更新时间',
  `deleted` tinyint NOT NULL DEFAULT 0 COMMENT '逻辑删除：0未删除，1已删除',
  `remark` varchar(500) CHARACTER SET utf8mb4 COLLATE utf8mb4_unicode_ci NULL DEFAULT NULL COMMENT '备注',
  PRIMARY KEY (`id`) USING BTREE,
  UNIQUE INDEX `uk_hit_code`(`hit_code` ASC) USING BTREE,
  UNIQUE INDEX `uk_transaction_rule`(`transaction_id` ASC, `rule_id` ASC) USING BTREE,
  INDEX `idx_transaction_id`(`transaction_id` ASC) USING BTREE,
  INDEX `idx_transaction_no`(`transaction_no` ASC) USING BTREE,
  INDEX `idx_account_no`(`account_no` ASC) USING BTREE,
  INDEX `idx_customer_id`(`customer_id` ASC) USING BTREE,
  INDEX `idx_rule_id`(`rule_id` ASC) USING BTREE,
  INDEX `idx_rule_code`(`rule_code` ASC) USING BTREE,
  INDEX `idx_rule_type`(`rule_type` ASC) USING BTREE,
  INDEX `idx_risk_level`(`risk_level` ASC) USING BTREE,
  INDEX `idx_status`(`status` ASC) USING BTREE,
  INDEX `idx_hit_time`(`hit_time` ASC) USING BTREE,
  INDEX `idx_create_time`(`create_time` ASC) USING BTREE
) ENGINE = InnoDB AUTO_INCREMENT = 20 CHARACTER SET = utf8mb4 COLLATE = utf8mb4_unicode_ci COMMENT = '风控规则命中表' ROW_FORMAT = Dynamic;

-- ----------------------------
-- Records of risk_rule_hit
-- ----------------------------
INSERT INTO `risk_rule_hit` VALUES (1, 'HIT202607080049073281', 3, 'RT202607072352549270024692', '6222029004357135', '806307', '孙磊', 1, 'RISK_AMOUNT_10000', '大额交易规则', 'AMOUNT', '21612.32', 10000.00, 2, 30, '2026-07-08 00:49:08', 0, 'system', '2026-07-08 00:49:08', NULL, NULL, 0, 'R3-03 rule engine generated');
INSERT INTO `risk_rule_hit` VALUES (2, 'HIT202607080049076580', 3, 'RT202607072352549270024692', '6222029004357135', '806307', '孙磊', 5, 'RISK_TIME_NIGHT', '夜间交易规则', 'TIME', '23', 23.00, 1, 15, '2026-07-08 00:49:08', 0, 'system', '2026-07-08 00:49:08', NULL, NULL, 0, 'R3-03 rule engine generated');
INSERT INTO `risk_rule_hit` VALUES (3, 'HIT202607080049077371', 8, 'RT202607072352549460075174', '6222023205293303', '137900', '周颖', 1, 'RISK_AMOUNT_10000', '大额交易规则', 'AMOUNT', '49822.14', 10000.00, 2, 30, '2026-07-08 00:49:08', 0, 'system', '2026-07-08 00:49:08', NULL, NULL, 0, 'R3-03 rule engine generated');
INSERT INTO `risk_rule_hit` VALUES (4, 'HIT202607080049073841', 8, 'RT202607072352549460075174', '6222023205293303', '137900', '周颖', 5, 'RISK_TIME_NIGHT', '夜间交易规则', 'TIME', '23', 23.00, 1, 15, '2026-07-08 00:49:08', 0, 'system', '2026-07-08 00:49:08', NULL, NULL, 0, 'R3-03 rule engine generated');
INSERT INTO `risk_rule_hit` VALUES (5, 'HIT202607080049074312', 7, 'RT202607072352549450063045', '6222024063845381', '773449', '赵敏', 1, 'RISK_AMOUNT_10000', '大额交易规则', 'AMOUNT', '13383.91', 10000.00, 2, 30, '2026-07-08 00:49:08', 0, 'system', '2026-07-08 00:49:08', NULL, NULL, 0, 'R3-03 rule engine generated');
INSERT INTO `risk_rule_hit` VALUES (6, 'HIT202607080049074923', 7, 'RT202607072352549450063045', '6222024063845381', '773449', '赵敏', 5, 'RISK_TIME_NIGHT', '夜间交易规则', 'TIME', '23', 23.00, 1, 15, '2026-07-08 00:49:08', 0, 'system', '2026-07-08 00:49:08', NULL, NULL, 0, 'R3-03 rule engine generated');
INSERT INTO `risk_rule_hit` VALUES (7, 'HIT202607080049073310', 4, 'RT202607072352549310033914', '6222026296680255', '947685', '李娜', 1, 'RISK_AMOUNT_10000', '大额交易规则', 'AMOUNT', '39329.43', 10000.00, 2, 30, '2026-07-08 00:49:08', 0, 'system', '2026-07-08 00:49:08', NULL, NULL, 0, 'R3-03 rule engine generated');
INSERT INTO `risk_rule_hit` VALUES (8, 'HIT202607080049079175', 4, 'RT202607072352549310033914', '6222026296680255', '947685', '李娜', 5, 'RISK_TIME_NIGHT', '夜间交易规则', 'TIME', '23', 23.00, 1, 15, '2026-07-08 00:49:08', 0, 'system', '2026-07-08 00:49:08', NULL, NULL, 0, 'R3-03 rule engine generated');
INSERT INTO `risk_rule_hit` VALUES (9, 'HIT202607080049078976', 10, 'RT202607072352549500095886', '6222026259628208', '340415', '刘洋', 1, 'RISK_AMOUNT_10000', '大额交易规则', 'AMOUNT', '46376.28', 10000.00, 2, 30, '2026-07-08 00:49:08', 0, 'system', '2026-07-08 00:49:08', NULL, NULL, 0, 'R3-03 rule engine generated');
INSERT INTO `risk_rule_hit` VALUES (10, 'HIT202607080049071219', 10, 'RT202607072352549500095886', '6222026259628208', '340415', '刘洋', 5, 'RISK_TIME_NIGHT', '夜间交易规则', 'TIME', '23', 23.00, 1, 15, '2026-07-08 00:49:08', 0, 'system', '2026-07-08 00:49:08', NULL, NULL, 0, 'R3-03 rule engine generated');
INSERT INTO `risk_rule_hit` VALUES (11, 'HIT202607080049088673', 5, 'RT202607072352549340047959', '6222028923102728', '437160', '孙磊', 5, 'RISK_TIME_NIGHT', '夜间交易规则', 'TIME', '23', 23.00, 1, 15, '2026-07-08 00:49:08', 0, 'system', '2026-07-08 00:49:08', NULL, NULL, 0, 'R3-03 rule engine generated');
INSERT INTO `risk_rule_hit` VALUES (12, 'HIT202607080049085299', 2, 'RT202607072352549210012060', '6222022546055643', '830227', '王强', 1, 'RISK_AMOUNT_10000', '大额交易规则', 'AMOUNT', '27940.35', 10000.00, 2, 30, '2026-07-08 00:49:08', 0, 'system', '2026-07-08 00:49:08', NULL, NULL, 0, 'R3-03 rule engine generated');
INSERT INTO `risk_rule_hit` VALUES (13, 'HIT202607080049081552', 2, 'RT202607072352549210012060', '6222022546055643', '830227', '王强', 5, 'RISK_TIME_NIGHT', '夜间交易规则', 'TIME', '23', 23.00, 1, 15, '2026-07-08 00:49:08', 0, 'system', '2026-07-08 00:49:08', NULL, NULL, 0, 'R3-03 rule engine generated');
INSERT INTO `risk_rule_hit` VALUES (14, 'HIT202607080049086252', 1, 'RT202607072352548320002934', '6222029026687084', '388543', '张明', 1, 'RISK_AMOUNT_10000', '大额交易规则', 'AMOUNT', '27235.97', 10000.00, 2, 30, '2026-07-08 00:49:08', 0, 'system', '2026-07-08 00:49:08', NULL, NULL, 0, 'R3-03 rule engine generated');
INSERT INTO `risk_rule_hit` VALUES (15, 'HIT202607080049088931', 1, 'RT202607072352548320002934', '6222029026687084', '388543', '张明', 5, 'RISK_TIME_NIGHT', '夜间交易规则', 'TIME', '23', 23.00, 1, 15, '2026-07-08 00:49:08', 0, 'system', '2026-07-08 00:49:08', NULL, NULL, 0, 'R3-03 rule engine generated');
INSERT INTO `risk_rule_hit` VALUES (16, 'HIT202607080049088892', 6, 'RT202607072352549360053951', '6222026754565815', '212512', '孙磊', 1, 'RISK_AMOUNT_10000', '大额交易规则', 'AMOUNT', '41773.30', 10000.00, 2, 30, '2026-07-08 00:49:08', 0, 'system', '2026-07-08 00:49:08', NULL, NULL, 0, 'R3-03 rule engine generated');
INSERT INTO `risk_rule_hit` VALUES (17, 'HIT202607080153033958', 10, 'RT202607072352549500095886', 'ACC_BLACK_001', '340415', '刘洋', 3, 'RISK_LOCATION_OVERSEA', '异地交易规则', 'LOCATION', '境外', NULL, 3, 35, '2026-07-08 01:53:04', 0, 'system', '2026-07-08 01:53:04', NULL, NULL, 0, 'R3-03 rule engine generated');
INSERT INTO `risk_rule_hit` VALUES (18, 'HIT202607080153035219', 10, 'RT202607072352549500095886', 'ACC_BLACK_001', '340415', '刘洋', 4, 'RISK_DEVICE_ABNORMAL', '异常设备规则', 'DEVICE', 'UNKNOWN-DEVICE', NULL, 2, 25, '2026-07-08 01:53:04', 0, 'system', '2026-07-08 01:53:04', NULL, NULL, 0, 'R3-03 rule engine generated');
INSERT INTO `risk_rule_hit` VALUES (19, 'HIT202607080153037341', 10, 'RT202607072352549500095886', 'ACC_BLACK_001', '340415', '刘洋', 6, 'RISK_BLACKLIST_CUSTOMER', '黑名单客户规则', 'BLACKLIST', 'ACC_BLACK_001', NULL, 3, 60, '2026-07-08 01:53:04', 0, 'system', '2026-07-08 01:53:04', NULL, NULL, 0, 'R3-03 rule engine generated');

-- ----------------------------
-- Table structure for risk_transaction
-- ----------------------------
DROP TABLE IF EXISTS `risk_transaction`;
CREATE TABLE `risk_transaction`  (
  `id` bigint NOT NULL AUTO_INCREMENT COMMENT '主键ID',
  `transaction_no` varchar(64) CHARACTER SET utf8mb4 COLLATE utf8mb4_unicode_ci NOT NULL COMMENT '交易流水号',
  `account_no` varchar(64) CHARACTER SET utf8mb4 COLLATE utf8mb4_unicode_ci NOT NULL COMMENT '账户号',
  `customer_id` bigint NULL DEFAULT NULL COMMENT '客户ID',
  `customer_name` varchar(100) CHARACTER SET utf8mb4 COLLATE utf8mb4_unicode_ci NULL DEFAULT NULL COMMENT '客户姓名',
  `merchant_id` varchar(64) CHARACTER SET utf8mb4 COLLATE utf8mb4_unicode_ci NULL DEFAULT NULL COMMENT '商户ID',
  `merchant_name` varchar(100) CHARACTER SET utf8mb4 COLLATE utf8mb4_unicode_ci NULL DEFAULT NULL COMMENT '商户名称',
  `transaction_type` varchar(32) CHARACTER SET utf8mb4 COLLATE utf8mb4_unicode_ci NOT NULL COMMENT '交易类型：PAYMENT支付，TRANSFER转账，WITHDRAW取现，CONSUME消费',
  `channel` varchar(32) CHARACTER SET utf8mb4 COLLATE utf8mb4_unicode_ci NOT NULL COMMENT '交易渠道：APP，WEB，ATM，POS',
  `amount` decimal(18, 2) NOT NULL COMMENT '交易金额',
  `currency` varchar(16) CHARACTER SET utf8mb4 COLLATE utf8mb4_unicode_ci NOT NULL DEFAULT 'CNY' COMMENT '币种',
  `ip_addr` varchar(64) CHARACTER SET utf8mb4 COLLATE utf8mb4_unicode_ci NULL DEFAULT NULL COMMENT '交易IP',
  `device_id` varchar(128) CHARACTER SET utf8mb4 COLLATE utf8mb4_unicode_ci NULL DEFAULT NULL COMMENT '设备ID',
  `location` varchar(100) CHARACTER SET utf8mb4 COLLATE utf8mb4_unicode_ci NULL DEFAULT NULL COMMENT '交易地点',
  `transaction_time` datetime NOT NULL COMMENT '交易时间',
  `transaction_status` int NOT NULL DEFAULT 0 COMMENT '交易状态：0成功，1失败，2处理中',
  `risk_flag` int NOT NULL DEFAULT 0 COMMENT '风险标记：0未命中风险，1命中风险',
  `status` int NOT NULL DEFAULT 0 COMMENT '状态：0正常，1异常',
  `create_by` varchar(64) CHARACTER SET utf8mb4 COLLATE utf8mb4_unicode_ci NULL DEFAULT NULL COMMENT '创建人',
  `create_time` datetime NOT NULL DEFAULT CURRENT_TIMESTAMP COMMENT '创建时间',
  `update_by` varchar(64) CHARACTER SET utf8mb4 COLLATE utf8mb4_unicode_ci NULL DEFAULT NULL COMMENT '更新人',
  `update_time` datetime NOT NULL DEFAULT CURRENT_TIMESTAMP ON UPDATE CURRENT_TIMESTAMP COMMENT '更新时间',
  `deleted` tinyint NOT NULL DEFAULT 0 COMMENT '逻辑删除：0未删除，1已删除',
  `remark` varchar(500) CHARACTER SET utf8mb4 COLLATE utf8mb4_unicode_ci NULL DEFAULT NULL COMMENT '备注',
  PRIMARY KEY (`id`) USING BTREE,
  UNIQUE INDEX `uk_transaction_no`(`transaction_no` ASC) USING BTREE,
  INDEX `idx_account_no`(`account_no` ASC) USING BTREE,
  INDEX `idx_customer_id`(`customer_id` ASC) USING BTREE,
  INDEX `idx_customer_name`(`customer_name` ASC) USING BTREE,
  INDEX `idx_merchant_id`(`merchant_id` ASC) USING BTREE,
  INDEX `idx_transaction_type`(`transaction_type` ASC) USING BTREE,
  INDEX `idx_channel`(`channel` ASC) USING BTREE,
  INDEX `idx_transaction_time`(`transaction_time` ASC) USING BTREE,
  INDEX `idx_transaction_status`(`transaction_status` ASC) USING BTREE,
  INDEX `idx_risk_flag`(`risk_flag` ASC) USING BTREE,
  INDEX `idx_status`(`status` ASC) USING BTREE,
  INDEX `idx_create_time`(`create_time` ASC) USING BTREE
) ENGINE = InnoDB AUTO_INCREMENT = 11 CHARACTER SET = utf8mb4 COLLATE = utf8mb4_unicode_ci COMMENT = '银行风控交易流水表' ROW_FORMAT = Dynamic;

-- ----------------------------
-- Records of risk_transaction
-- ----------------------------
INSERT INTO `risk_transaction` VALUES (1, 'RT202607072352548320002934', '6222029026687084', 388543, '张明', 'M23149', '晋中数码商城', 'CONSUME', 'POS', 27235.97, 'CNY', '10.133.33.12', 'DEV-334130', '山西长治', '2026-07-07 23:11:01', 1, 1, 1, 'system', '2026-07-07 23:52:55', 'system', '2026-07-08 00:49:08', 0, 'R3-02交易模拟生成');
INSERT INTO `risk_transaction` VALUES (2, 'RT202607072352549210012060', '6222022546055643', 830227, '王强', 'M54575', '山西能源缴费平台', 'TRANSFER', 'POS', 27940.35, 'CNY', '10.28.105.47', 'DEV-367484', '山西长治', '2026-07-07 23:14:33', 0, 1, 1, 'system', '2026-07-07 23:52:55', 'system', '2026-07-08 00:49:08', 0, 'R3-02交易模拟生成');
INSERT INTO `risk_transaction` VALUES (3, 'RT202607072352549270024692', '6222029004357135', 806307, '孙磊', 'M36384', '大同餐饮连锁', 'CONSUME', 'APP', 21612.32, 'CNY', '10.71.185.156', 'DEV-663306', '山西晋中', '2026-07-07 23:52:07', 0, 1, 1, 'system', '2026-07-07 23:52:55', 'system', '2026-07-08 00:49:08', 0, 'R3-02交易模拟生成');
INSERT INTO `risk_transaction` VALUES (4, 'RT202607072352549310033914', '6222026296680255', 947685, '李娜', 'M72377', '阳泉交通出行', 'CONSUME', 'WEB', 39329.43, 'CNY', '10.232.92.82', 'DEV-849660', '山西长治', '2026-07-07 23:44:28', 0, 1, 1, 'system', '2026-07-07 23:52:55', 'system', '2026-07-08 00:49:08', 0, 'R3-02交易模拟生成');
INSERT INTO `risk_transaction` VALUES (5, 'RT202607072352549340047959', '6222028923102728', 437160, '孙磊', 'M20891', '晋中数码商城', 'PAYMENT', 'ATM', 1823.19, 'CNY', '10.161.107.73', 'DEV-890591', '山西大同', '2026-07-07 23:16:50', 0, 1, 1, 'system', '2026-07-07 23:52:55', 'system', '2026-07-08 00:49:08', 0, 'R3-02交易模拟生成');
INSERT INTO `risk_transaction` VALUES (6, 'RT202607072352549360053951', '6222026754565815', 212512, '孙磊', 'M77465', '运城便民服务', 'CONSUME', 'ATM', 41773.30, 'CNY', '10.89.25.222', 'DEV-459844', '山西运城', '2026-07-07 22:56:29', 0, 1, 1, 'system', '2026-07-07 23:52:55', 'system', '2026-07-08 00:49:08', 0, 'R3-02交易模拟生成');
INSERT INTO `risk_transaction` VALUES (7, 'RT202607072352549450063045', '6222024063845381', 773449, '赵敏', 'M63883', '运城便民服务', 'PAYMENT', 'APP', 13383.91, 'CNY', '10.28.15.15', 'DEV-632694', '山西运城', '2026-07-07 23:49:53', 0, 1, 1, 'system', '2026-07-07 23:52:55', 'system', '2026-07-08 00:49:08', 0, 'R3-02交易模拟生成');
INSERT INTO `risk_transaction` VALUES (8, 'RT202607072352549460075174', '6222023205293303', 137900, '周颖', 'M67414', '大同餐饮连锁', 'TRANSFER', 'POS', 49822.14, 'CNY', '10.40.88.236', 'DEV-966410', '山西太原', '2026-07-07 23:51:32', 0, 1, 1, 'system', '2026-07-07 23:52:55', 'system', '2026-07-08 00:49:08', 0, 'R3-02交易模拟生成');
INSERT INTO `risk_transaction` VALUES (9, 'RT202607072352549490085587', '6222027042426434', 526183, '周颖', 'M13498', '阳泉交通出行', 'PAYMENT', 'POS', 3958.54, 'CNY', '10.170.56.91', 'DEV-872526', '山西阳泉', '2026-07-07 22:57:54', 0, 0, 0, 'system', '2026-07-07 23:52:55', 'system', '2026-07-07 23:52:55', 0, 'R3-02交易模拟生成');
INSERT INTO `risk_transaction` VALUES (10, 'RT202607072352549500095886', 'ACC_BLACK_001', 340415, '刘洋', 'M33599', '运城便民服务', 'PAYMENT', 'APP', 46376.28, 'CNY', '10.134.7.125', 'UNKNOWN-DEVICE', '境外', '2026-07-07 23:18:11', 0, 1, 1, 'system', '2026-07-07 23:52:55', 'system', '2026-07-08 01:53:04', 0, 'R3-02交易模拟生成');

-- ----------------------------
-- Table structure for sys_dept
-- ----------------------------
DROP TABLE IF EXISTS `sys_dept`;
CREATE TABLE `sys_dept`  (
  `id` bigint NOT NULL AUTO_INCREMENT COMMENT '部门ID',
  `parent_id` bigint NOT NULL DEFAULT 0 COMMENT '父部门ID',
  `ancestors` varchar(255) CHARACTER SET utf8mb4 COLLATE utf8mb4_unicode_ci NOT NULL DEFAULT '' COMMENT '祖级列表，例如 0,1,2',
  `dept_name` varchar(100) CHARACTER SET utf8mb4 COLLATE utf8mb4_unicode_ci NOT NULL COMMENT '部门名称',
  `dept_code` varchar(64) CHARACTER SET utf8mb4 COLLATE utf8mb4_unicode_ci NOT NULL COMMENT '部门编码',
  `order_num` int NOT NULL DEFAULT 0 COMMENT '显示顺序',
  `leader` varchar(50) CHARACTER SET utf8mb4 COLLATE utf8mb4_unicode_ci NULL DEFAULT NULL COMMENT '负责人',
  `phone` varchar(20) CHARACTER SET utf8mb4 COLLATE utf8mb4_unicode_ci NULL DEFAULT NULL COMMENT '联系电话',
  `email` varchar(100) CHARACTER SET utf8mb4 COLLATE utf8mb4_unicode_ci NULL DEFAULT NULL COMMENT '邮箱',
  `status` tinyint NOT NULL DEFAULT 0 COMMENT '状态：0正常 1停用',
  `create_by` varchar(64) CHARACTER SET utf8mb4 COLLATE utf8mb4_unicode_ci NULL DEFAULT NULL COMMENT '创建者',
  `create_time` datetime NOT NULL DEFAULT CURRENT_TIMESTAMP COMMENT '创建时间',
  `update_by` varchar(64) CHARACTER SET utf8mb4 COLLATE utf8mb4_unicode_ci NULL DEFAULT NULL COMMENT '更新者',
  `update_time` datetime NOT NULL DEFAULT CURRENT_TIMESTAMP ON UPDATE CURRENT_TIMESTAMP COMMENT '更新时间',
  `deleted` tinyint NOT NULL DEFAULT 0 COMMENT '逻辑删除：0未删除 1已删除',
  `remark` varchar(500) CHARACTER SET utf8mb4 COLLATE utf8mb4_unicode_ci NULL DEFAULT NULL COMMENT '备注',
  PRIMARY KEY (`id`) USING BTREE,
  UNIQUE INDEX `uk_dept_code`(`dept_code` ASC) USING BTREE,
  INDEX `idx_parent_id`(`parent_id` ASC) USING BTREE,
  INDEX `idx_status`(`status` ASC) USING BTREE
) ENGINE = InnoDB AUTO_INCREMENT = 2 CHARACTER SET = utf8mb4 COLLATE = utf8mb4_unicode_ci COMMENT = '部门表' ROW_FORMAT = Dynamic;

-- ----------------------------
-- Records of sys_dept
-- ----------------------------
INSERT INTO `sys_dept` VALUES (1, 0, '0', '平台管理部', 'PLATFORM', 1, 'admin', NULL, NULL, 0, 'system', '2026-06-26 17:06:20', NULL, '2026-06-26 17:06:20', 0, '系统初始化部门');

-- ----------------------------
-- Table structure for sys_dict_data
-- ----------------------------
DROP TABLE IF EXISTS `sys_dict_data`;
CREATE TABLE `sys_dict_data`  (
  `id` bigint NOT NULL AUTO_INCREMENT COMMENT '字典数据ID',
  `dict_type` varchar(100) CHARACTER SET utf8mb4 COLLATE utf8mb4_unicode_ci NOT NULL COMMENT '字典类型',
  `dict_label` varchar(100) CHARACTER SET utf8mb4 COLLATE utf8mb4_unicode_ci NOT NULL COMMENT '字典标签',
  `dict_value` varchar(100) CHARACTER SET utf8mb4 COLLATE utf8mb4_unicode_ci NOT NULL COMMENT '字典键值',
  `dict_sort` int NOT NULL DEFAULT 0 COMMENT '显示顺序',
  `css_class` varchar(100) CHARACTER SET utf8mb4 COLLATE utf8mb4_unicode_ci NULL DEFAULT NULL COMMENT '样式属性',
  `list_class` varchar(100) CHARACTER SET utf8mb4 COLLATE utf8mb4_unicode_ci NULL DEFAULT NULL COMMENT '表格回显样式',
  `is_default` tinyint NOT NULL DEFAULT 0 COMMENT '是否默认：0否 1是',
  `status` tinyint NOT NULL DEFAULT 0 COMMENT '状态：0正常 1停用',
  `create_by` varchar(64) CHARACTER SET utf8mb4 COLLATE utf8mb4_unicode_ci NULL DEFAULT NULL COMMENT '创建者',
  `create_time` datetime NOT NULL DEFAULT CURRENT_TIMESTAMP COMMENT '创建时间',
  `update_by` varchar(64) CHARACTER SET utf8mb4 COLLATE utf8mb4_unicode_ci NULL DEFAULT NULL COMMENT '更新者',
  `update_time` datetime NOT NULL DEFAULT CURRENT_TIMESTAMP ON UPDATE CURRENT_TIMESTAMP COMMENT '更新时间',
  `deleted` tinyint NOT NULL DEFAULT 0 COMMENT '逻辑删除：0未删除 1已删除',
  `remark` varchar(500) CHARACTER SET utf8mb4 COLLATE utf8mb4_unicode_ci NULL DEFAULT NULL COMMENT '备注',
  PRIMARY KEY (`id`) USING BTREE,
  INDEX `idx_dict_type`(`dict_type` ASC) USING BTREE,
  INDEX `idx_status`(`status` ASC) USING BTREE
) ENGINE = InnoDB AUTO_INCREMENT = 9 CHARACTER SET = utf8mb4 COLLATE = utf8mb4_unicode_ci COMMENT = '字典数据表' ROW_FORMAT = Dynamic;

-- ----------------------------
-- Records of sys_dict_data
-- ----------------------------
INSERT INTO `sys_dict_data` VALUES (1, 'sys_status', '正常', '0', 1, NULL, NULL, 1, 0, 'system', '2026-06-26 17:06:20', NULL, '2026-06-26 17:06:20', 0, '正常状态');
INSERT INTO `sys_dict_data` VALUES (2, 'sys_status', '停用', '1', 2, NULL, NULL, 0, 0, 'system', '2026-06-26 17:06:20', NULL, '2026-06-26 17:06:20', 0, '停用状态');
INSERT INTO `sys_dict_data` VALUES (3, 'sys_user_gender', '未知', '0', 1, NULL, NULL, 1, 0, 'system', '2026-06-26 17:06:20', NULL, '2026-06-26 17:06:20', 0, '未知性别');
INSERT INTO `sys_dict_data` VALUES (4, 'sys_user_gender', '男', '1', 2, NULL, NULL, 0, 0, 'system', '2026-06-26 17:06:20', NULL, '2026-06-26 17:06:20', 0, '男性');
INSERT INTO `sys_dict_data` VALUES (5, 'sys_user_gender', '女', '2', 3, NULL, NULL, 0, 0, 'system', '2026-06-26 17:06:20', NULL, '2026-06-26 17:06:20', 0, '女性');
INSERT INTO `sys_dict_data` VALUES (6, 'sys_menu_type', '目录', 'M', 1, NULL, NULL, 0, 0, 'system', '2026-06-26 17:06:20', NULL, '2026-06-26 17:06:20', 0, '目录');
INSERT INTO `sys_dict_data` VALUES (7, 'sys_menu_type', '菜单', 'C', 2, NULL, NULL, 0, 0, 'system', '2026-06-26 17:06:20', NULL, '2026-06-26 17:06:20', 0, '菜单');
INSERT INTO `sys_dict_data` VALUES (8, 'sys_menu_type', '按钮', 'F', 3, NULL, NULL, 0, 0, 'system', '2026-06-26 17:06:20', NULL, '2026-06-26 17:06:20', 0, '按钮');

-- ----------------------------
-- Table structure for sys_dict_type
-- ----------------------------
DROP TABLE IF EXISTS `sys_dict_type`;
CREATE TABLE `sys_dict_type`  (
  `id` bigint NOT NULL AUTO_INCREMENT COMMENT '字典类型ID',
  `dict_name` varchar(100) CHARACTER SET utf8mb4 COLLATE utf8mb4_unicode_ci NOT NULL COMMENT '字典名称',
  `dict_type` varchar(100) CHARACTER SET utf8mb4 COLLATE utf8mb4_unicode_ci NOT NULL COMMENT '字典类型，例如 sys_user_status',
  `status` tinyint NOT NULL DEFAULT 0 COMMENT '状态：0正常 1停用',
  `create_by` varchar(64) CHARACTER SET utf8mb4 COLLATE utf8mb4_unicode_ci NULL DEFAULT NULL COMMENT '创建者',
  `create_time` datetime NOT NULL DEFAULT CURRENT_TIMESTAMP COMMENT '创建时间',
  `update_by` varchar(64) CHARACTER SET utf8mb4 COLLATE utf8mb4_unicode_ci NULL DEFAULT NULL COMMENT '更新者',
  `update_time` datetime NOT NULL DEFAULT CURRENT_TIMESTAMP ON UPDATE CURRENT_TIMESTAMP COMMENT '更新时间',
  `deleted` tinyint NOT NULL DEFAULT 0 COMMENT '逻辑删除：0未删除 1已删除',
  `remark` varchar(500) CHARACTER SET utf8mb4 COLLATE utf8mb4_unicode_ci NULL DEFAULT NULL COMMENT '备注',
  PRIMARY KEY (`id`) USING BTREE,
  UNIQUE INDEX `uk_dict_type`(`dict_type` ASC) USING BTREE
) ENGINE = InnoDB AUTO_INCREMENT = 4 CHARACTER SET = utf8mb4 COLLATE = utf8mb4_unicode_ci COMMENT = '字典类型表' ROW_FORMAT = Dynamic;

-- ----------------------------
-- Records of sys_dict_type
-- ----------------------------
INSERT INTO `sys_dict_type` VALUES (1, '系统状态', 'sys_status', 0, 'system', '2026-06-26 17:06:20', NULL, '2026-06-26 17:06:20', 0, '通用启停状态');
INSERT INTO `sys_dict_type` VALUES (2, '用户性别', 'sys_user_gender', 0, 'system', '2026-06-26 17:06:20', NULL, '2026-06-26 17:06:20', 0, '用户性别字典');
INSERT INTO `sys_dict_type` VALUES (3, '菜单类型', 'sys_menu_type', 0, 'system', '2026-06-26 17:06:20', NULL, '2026-06-26 17:06:20', 0, '菜单类型字典');

-- ----------------------------
-- Table structure for sys_file
-- ----------------------------
DROP TABLE IF EXISTS `sys_file`;
CREATE TABLE `sys_file`  (
  `id` bigint NOT NULL AUTO_INCREMENT COMMENT '文件ID',
  `file_name` varchar(255) CHARACTER SET utf8mb4 COLLATE utf8mb4_unicode_ci NOT NULL COMMENT '存储文件名',
  `original_name` varchar(255) CHARACTER SET utf8mb4 COLLATE utf8mb4_unicode_ci NOT NULL COMMENT '原始文件名',
  `file_type` varchar(100) CHARACTER SET utf8mb4 COLLATE utf8mb4_unicode_ci NULL DEFAULT NULL COMMENT '文件类型',
  `file_size` bigint NOT NULL DEFAULT 0 COMMENT '文件大小，字节',
  `storage_type` varchar(50) CHARACTER SET utf8mb4 COLLATE utf8mb4_unicode_ci NOT NULL DEFAULT 'LOCAL' COMMENT '存储类型：LOCAL本地 MINIO对象存储',
  `bucket_name` varchar(100) CHARACTER SET utf8mb4 COLLATE utf8mb4_unicode_ci NULL DEFAULT NULL COMMENT '存储桶名称',
  `object_name` varchar(255) CHARACTER SET utf8mb4 COLLATE utf8mb4_unicode_ci NULL DEFAULT NULL COMMENT '对象存储路径',
  `url` varchar(500) CHARACTER SET utf8mb4 COLLATE utf8mb4_unicode_ci NULL DEFAULT NULL COMMENT '访问地址',
  `md5` varchar(64) CHARACTER SET utf8mb4 COLLATE utf8mb4_unicode_ci NULL DEFAULT NULL COMMENT '文件MD5',
  `upload_user_id` bigint NULL DEFAULT NULL COMMENT '上传用户ID',
  `status` tinyint NOT NULL DEFAULT 0 COMMENT '状态：0正常 1禁用',
  `create_by` varchar(64) CHARACTER SET utf8mb4 COLLATE utf8mb4_unicode_ci NULL DEFAULT NULL COMMENT '创建者',
  `create_time` datetime NOT NULL DEFAULT CURRENT_TIMESTAMP COMMENT '创建时间',
  `update_by` varchar(64) CHARACTER SET utf8mb4 COLLATE utf8mb4_unicode_ci NULL DEFAULT NULL COMMENT '更新者',
  `update_time` datetime NOT NULL DEFAULT CURRENT_TIMESTAMP ON UPDATE CURRENT_TIMESTAMP COMMENT '更新时间',
  `deleted` tinyint NOT NULL DEFAULT 0 COMMENT '逻辑删除：0未删除 1已删除',
  `remark` varchar(500) CHARACTER SET utf8mb4 COLLATE utf8mb4_unicode_ci NULL DEFAULT NULL COMMENT '备注',
  PRIMARY KEY (`id`) USING BTREE,
  INDEX `idx_upload_user_id`(`upload_user_id` ASC) USING BTREE,
  INDEX `idx_md5`(`md5` ASC) USING BTREE,
  INDEX `idx_status`(`status` ASC) USING BTREE
) ENGINE = InnoDB AUTO_INCREMENT = 2 CHARACTER SET = utf8mb4 COLLATE = utf8mb4_unicode_ci COMMENT = '文件表' ROW_FORMAT = Dynamic;

-- ----------------------------
-- Records of sys_file
-- ----------------------------
INSERT INTO `sys_file` VALUES (1, '5dcf42b60980487e84ba0cac97eb41ab.png', '王欣颖电子签名.png', 'png', 50401, 'LOCAL', NULL, '20260627/5dcf42b60980487e84ba0cac97eb41ab.png', '/files/20260627/5dcf42b60980487e84ba0cac97eb41ab.png', '0ee551c03479161ad0492aab5a3a8b0b', 1, 0, 'admin', '2026-06-27 13:22:55', NULL, '2026-06-27 13:22:55', 0, NULL);

-- ----------------------------
-- Table structure for sys_login_log
-- ----------------------------
DROP TABLE IF EXISTS `sys_login_log`;
CREATE TABLE `sys_login_log`  (
  `id` bigint NOT NULL AUTO_INCREMENT COMMENT '登录日志ID',
  `username` varchar(50) CHARACTER SET utf8mb4 COLLATE utf8mb4_unicode_ci NULL DEFAULT NULL COMMENT '登录账号',
  `ipaddr` varchar(64) CHARACTER SET utf8mb4 COLLATE utf8mb4_unicode_ci NULL DEFAULT NULL COMMENT '登录IP',
  `login_location` varchar(255) CHARACTER SET utf8mb4 COLLATE utf8mb4_unicode_ci NULL DEFAULT NULL COMMENT '登录地点',
  `browser` varchar(100) CHARACTER SET utf8mb4 COLLATE utf8mb4_unicode_ci NULL DEFAULT NULL COMMENT '浏览器',
  `os` varchar(100) CHARACTER SET utf8mb4 COLLATE utf8mb4_unicode_ci NULL DEFAULT NULL COMMENT '操作系统',
  `status` tinyint NOT NULL DEFAULT 0 COMMENT '登录状态：0成功 1失败',
  `msg` varchar(500) CHARACTER SET utf8mb4 COLLATE utf8mb4_unicode_ci NULL DEFAULT NULL COMMENT '提示消息',
  `login_time` datetime NOT NULL DEFAULT CURRENT_TIMESTAMP COMMENT '访问时间',
  `create_by` varchar(64) CHARACTER SET utf8mb4 COLLATE utf8mb4_unicode_ci NULL DEFAULT NULL COMMENT '创建者',
  `create_time` datetime NOT NULL DEFAULT CURRENT_TIMESTAMP COMMENT '创建时间',
  `update_by` varchar(64) CHARACTER SET utf8mb4 COLLATE utf8mb4_unicode_ci NULL DEFAULT NULL COMMENT '更新者',
  `update_time` datetime NOT NULL DEFAULT CURRENT_TIMESTAMP ON UPDATE CURRENT_TIMESTAMP COMMENT '更新时间',
  `deleted` tinyint NOT NULL DEFAULT 0 COMMENT '逻辑删除：0未删除 1已删除',
  `remark` varchar(500) CHARACTER SET utf8mb4 COLLATE utf8mb4_unicode_ci NULL DEFAULT NULL COMMENT '备注',
  PRIMARY KEY (`id`) USING BTREE,
  INDEX `idx_username`(`username` ASC) USING BTREE,
  INDEX `idx_status`(`status` ASC) USING BTREE,
  INDEX `idx_login_time`(`login_time` ASC) USING BTREE
) ENGINE = InnoDB AUTO_INCREMENT = 20 CHARACTER SET = utf8mb4 COLLATE = utf8mb4_unicode_ci COMMENT = '登录日志表' ROW_FORMAT = Dynamic;

-- ----------------------------
-- Records of sys_login_log
-- ----------------------------
INSERT INTO `sys_login_log` VALUES (1, 'admin', '0:0:0:0:0:0:0:1', '本地开发环境', 'Other', 'Other', 0, '登录成功', '2026-06-26 22:22:31', 'admin', '2026-06-26 22:22:31', NULL, '2026-06-26 22:22:30', 0, NULL);
INSERT INTO `sys_login_log` VALUES (2, 'admin', '0:0:0:0:0:0:0:1', '本地开发环境', 'Other', 'Other', 0, '登录成功', '2026-06-26 22:24:47', 'admin', '2026-06-26 22:24:47', NULL, '2026-06-26 22:24:46', 0, NULL);
INSERT INTO `sys_login_log` VALUES (3, 'admin', '0:0:0:0:0:0:0:1', '本地开发环境', 'Other', 'Other', 1, '用户名或密码错误', '2026-06-26 22:25:20', 'admin', '2026-06-26 22:25:20', NULL, '2026-06-26 22:25:19', 0, NULL);
INSERT INTO `sys_login_log` VALUES (4, 'admin', '127.0.0.1', '本地开发环境', 'Chrome', 'Windows', 0, '登录成功', '2026-06-26 22:33:10', 'admin', '2026-06-26 22:33:10', NULL, '2026-06-26 22:33:10', 0, NULL);
INSERT INTO `sys_login_log` VALUES (5, 'admin', '127.0.0.1', '本地开发环境', 'Chrome', 'Android', 0, '登录成功', '2026-06-26 22:33:54', 'admin', '2026-06-26 22:33:54', NULL, '2026-06-26 22:33:54', 0, NULL);
INSERT INTO `sys_login_log` VALUES (6, 'admin', '127.0.0.1', '本地开发环境', 'Chrome', 'Windows', 0, '登录成功', '2026-06-26 22:37:43', 'admin', '2026-06-26 22:37:43', NULL, '2026-06-26 22:37:42', 0, NULL);
INSERT INTO `sys_login_log` VALUES (7, 'admin', '0:0:0:0:0:0:0:1', '本地开发环境', 'Other', 'Other', 0, '登录成功', '2026-06-27 13:16:38', 'admin', '2026-06-27 13:16:38', NULL, '2026-06-27 13:16:38', 0, NULL);
INSERT INTO `sys_login_log` VALUES (8, 'admin', '0:0:0:0:0:0:0:1', '本地开发环境', 'Other', 'Other', 0, '登录成功', '2026-06-27 13:22:12', 'admin', '2026-06-27 13:22:12', NULL, '2026-06-27 13:22:11', 0, NULL);
INSERT INTO `sys_login_log` VALUES (9, 'admin', '0:0:0:0:0:0:0:1', '本地开发环境', 'Other', 'Other', 0, '登录成功', '2026-06-27 23:53:20', 'admin', '2026-06-27 23:53:20', NULL, '2026-06-27 23:53:20', 0, NULL);
INSERT INTO `sys_login_log` VALUES (10, 'admin', '0:0:0:0:0:0:0:1', '本地开发环境', 'Other', 'Other', 0, '登录成功', '2026-06-28 23:28:28', 'admin', '2026-06-28 23:28:28', NULL, '2026-06-28 23:28:27', 0, NULL);
INSERT INTO `sys_login_log` VALUES (11, 'admin', '0:0:0:0:0:0:0:1', '本地开发环境', 'Other', 'Other', 0, '登录成功', '2026-06-28 23:34:53', 'admin', '2026-06-28 23:34:53', NULL, '2026-06-28 23:34:52', 0, NULL);
INSERT INTO `sys_login_log` VALUES (12, 'admin', '0:0:0:0:0:0:0:1', '本地开发环境', 'Other', 'Other', 0, '登录成功', '2026-06-29 00:11:03', 'admin', '2026-06-29 00:11:03', NULL, '2026-06-29 00:11:03', 0, NULL);
INSERT INTO `sys_login_log` VALUES (13, 'admin', '0:0:0:0:0:0:0:1', '本地开发环境', 'Other', 'Other', 0, '登录成功', '2026-06-29 10:17:09', 'admin', '2026-06-29 10:17:09', NULL, '2026-06-29 10:17:08', 0, NULL);
INSERT INTO `sys_login_log` VALUES (14, 'admin', '0:0:0:0:0:0:0:1', '本地开发环境', 'Other', 'Other', 0, '登录成功', '2026-06-29 18:05:18', 'admin', '2026-06-29 18:05:18', NULL, '2026-06-29 18:05:18', 0, NULL);
INSERT INTO `sys_login_log` VALUES (15, 'admin', '127.0.0.1', '本地开发环境', 'Chrome', 'Windows', 0, '登录成功', '2026-06-29 18:10:15', 'admin', '2026-06-29 18:10:15', NULL, '2026-06-29 18:10:15', 0, NULL);
INSERT INTO `sys_login_log` VALUES (16, 'admin', '0:0:0:0:0:0:0:1', '本地开发环境', 'Other', 'Other', 0, '登录成功', '2026-06-29 19:53:06', 'admin', '2026-06-29 19:53:06', NULL, '2026-06-29 19:53:06', 0, NULL);
INSERT INTO `sys_login_log` VALUES (17, 'admin', '0:0:0:0:0:0:0:1', '本地开发环境', 'Other', 'Other', 0, '登录成功', '2026-06-30 01:38:12', 'admin', '2026-06-30 01:38:12', NULL, '2026-06-30 01:38:11', 0, NULL);
INSERT INTO `sys_login_log` VALUES (18, 'admin', '0:0:0:0:0:0:0:1', '本地开发环境', 'Other', 'Other', 0, '登录成功', '2026-07-07 22:53:20', 'admin', '2026-07-07 22:53:20', NULL, '2026-07-07 22:53:20', 0, NULL);
INSERT INTO `sys_login_log` VALUES (19, 'admin', '127.0.0.1', '本地开发环境', 'Chrome', 'Windows', 0, '登录成功', '2026-07-08 01:35:24', 'admin', '2026-07-08 01:35:24', NULL, '2026-07-08 01:35:23', 0, NULL);

-- ----------------------------
-- Table structure for sys_menu
-- ----------------------------
DROP TABLE IF EXISTS `sys_menu`;
CREATE TABLE `sys_menu`  (
  `id` bigint NOT NULL AUTO_INCREMENT COMMENT '菜单ID',
  `parent_id` bigint NOT NULL DEFAULT 0 COMMENT '父菜单ID',
  `menu_name` varchar(50) CHARACTER SET utf8mb4 COLLATE utf8mb4_unicode_ci NOT NULL COMMENT '菜单名称',
  `menu_type` char(1) CHARACTER SET utf8mb4 COLLATE utf8mb4_unicode_ci NOT NULL COMMENT '菜单类型：M目录 C菜单 F按钮',
  `path` varchar(255) CHARACTER SET utf8mb4 COLLATE utf8mb4_unicode_ci NULL DEFAULT NULL COMMENT '路由地址',
  `component` varchar(255) CHARACTER SET utf8mb4 COLLATE utf8mb4_unicode_ci NULL DEFAULT NULL COMMENT '组件路径',
  `perms` varchar(100) CHARACTER SET utf8mb4 COLLATE utf8mb4_unicode_ci NULL DEFAULT NULL COMMENT '权限标识，例如 system:user:list',
  `icon` varchar(100) CHARACTER SET utf8mb4 COLLATE utf8mb4_unicode_ci NULL DEFAULT NULL COMMENT '菜单图标',
  `order_num` int NOT NULL DEFAULT 0 COMMENT '显示顺序',
  `visible` tinyint NOT NULL DEFAULT 0 COMMENT '是否显示：0显示 1隐藏',
  `status` tinyint NOT NULL DEFAULT 0 COMMENT '状态：0正常 1停用',
  `is_frame` tinyint NOT NULL DEFAULT 1 COMMENT '是否外链：0是 1否',
  `is_cache` tinyint NOT NULL DEFAULT 0 COMMENT '是否缓存：0缓存 1不缓存',
  `create_by` varchar(64) CHARACTER SET utf8mb4 COLLATE utf8mb4_unicode_ci NULL DEFAULT NULL COMMENT '创建者',
  `create_time` datetime NOT NULL DEFAULT CURRENT_TIMESTAMP COMMENT '创建时间',
  `update_by` varchar(64) CHARACTER SET utf8mb4 COLLATE utf8mb4_unicode_ci NULL DEFAULT NULL COMMENT '更新者',
  `update_time` datetime NOT NULL DEFAULT CURRENT_TIMESTAMP ON UPDATE CURRENT_TIMESTAMP COMMENT '更新时间',
  `deleted` tinyint NOT NULL DEFAULT 0 COMMENT '逻辑删除：0未删除 1已删除',
  `remark` varchar(500) CHARACTER SET utf8mb4 COLLATE utf8mb4_unicode_ci NULL DEFAULT NULL COMMENT '备注',
  PRIMARY KEY (`id`) USING BTREE,
  INDEX `idx_parent_id`(`parent_id` ASC) USING BTREE,
  INDEX `idx_perms`(`perms` ASC) USING BTREE,
  INDEX `idx_status`(`status` ASC) USING BTREE
) ENGINE = InnoDB AUTO_INCREMENT = 9 CHARACTER SET = utf8mb4 COLLATE = utf8mb4_unicode_ci COMMENT = '菜单权限表' ROW_FORMAT = Dynamic;

-- ----------------------------
-- Records of sys_menu
-- ----------------------------
INSERT INTO `sys_menu` VALUES (1, 0, '系统管理', 'M', '/system', NULL, NULL, 'setting', 1, 0, 0, 1, 0, 'system', '2026-06-26 17:06:20', NULL, '2026-06-26 17:06:20', 0, '系统管理目录');
INSERT INTO `sys_menu` VALUES (2, 1, '用户管理', 'C', 'user', 'system/user/index', 'system:user:list', 'user', 1, 0, 0, 1, 0, 'system', '2026-06-26 17:06:20', NULL, '2026-06-26 17:06:20', 0, '用户管理菜单');
INSERT INTO `sys_menu` VALUES (3, 1, '角色管理', 'C', 'role', 'system/role/index', 'system:role:list', 'peoples', 2, 0, 0, 1, 0, 'system', '2026-06-26 17:06:20', NULL, '2026-06-26 17:06:20', 0, '角色管理菜单');
INSERT INTO `sys_menu` VALUES (4, 1, '菜单管理', 'C', 'menu', 'system/menu/index', 'system:menu:list', 'tree-table', 3, 0, 0, 1, 0, 'system', '2026-06-26 17:06:20', NULL, '2026-06-26 17:06:20', 0, '菜单管理菜单');
INSERT INTO `sys_menu` VALUES (5, 2, '用户查询', 'F', NULL, NULL, 'system:user:query', NULL, 1, 0, 0, 1, 0, 'system', '2026-06-26 17:06:20', NULL, '2026-06-26 17:06:20', 0, '用户查询按钮');
INSERT INTO `sys_menu` VALUES (6, 2, '用户新增', 'F', NULL, NULL, 'system:user:add', NULL, 2, 0, 0, 1, 0, 'system', '2026-06-26 17:06:20', NULL, '2026-06-26 17:06:20', 0, '用户新增按钮');
INSERT INTO `sys_menu` VALUES (7, 2, '用户修改', 'F', NULL, NULL, 'system:user:edit', NULL, 3, 0, 0, 1, 0, 'system', '2026-06-26 17:06:20', NULL, '2026-06-26 17:06:20', 0, '用户修改按钮');
INSERT INTO `sys_menu` VALUES (8, 2, '用户删除', 'F', NULL, NULL, 'system:user:delete', NULL, 4, 0, 0, 1, 0, 'system', '2026-06-26 17:06:20', NULL, '2026-06-26 17:06:20', 0, '用户删除按钮');

-- ----------------------------
-- Table structure for sys_oper_log
-- ----------------------------
DROP TABLE IF EXISTS `sys_oper_log`;
CREATE TABLE `sys_oper_log`  (
  `id` bigint NOT NULL AUTO_INCREMENT COMMENT '操作日志ID',
  `title` varchar(100) CHARACTER SET utf8mb4 COLLATE utf8mb4_unicode_ci NULL DEFAULT NULL COMMENT '模块标题',
  `business_type` varchar(50) CHARACTER SET utf8mb4 COLLATE utf8mb4_unicode_ci NULL DEFAULT NULL COMMENT '业务类型：新增 修改 删除 查询 导出 登录等',
  `method` varchar(255) CHARACTER SET utf8mb4 COLLATE utf8mb4_unicode_ci NULL DEFAULT NULL COMMENT '方法名称',
  `request_method` varchar(20) CHARACTER SET utf8mb4 COLLATE utf8mb4_unicode_ci NULL DEFAULT NULL COMMENT '请求方式',
  `operator_type` varchar(50) CHARACTER SET utf8mb4 COLLATE utf8mb4_unicode_ci NULL DEFAULT NULL COMMENT '操作类别：后台用户 手机端用户 定时任务等',
  `oper_name` varchar(50) CHARACTER SET utf8mb4 COLLATE utf8mb4_unicode_ci NULL DEFAULT NULL COMMENT '操作人员',
  `dept_name` varchar(100) CHARACTER SET utf8mb4 COLLATE utf8mb4_unicode_ci NULL DEFAULT NULL COMMENT '部门名称',
  `oper_url` varchar(255) CHARACTER SET utf8mb4 COLLATE utf8mb4_unicode_ci NULL DEFAULT NULL COMMENT '请求URL',
  `oper_ip` varchar(64) CHARACTER SET utf8mb4 COLLATE utf8mb4_unicode_ci NULL DEFAULT NULL COMMENT '主机地址',
  `oper_location` varchar(255) CHARACTER SET utf8mb4 COLLATE utf8mb4_unicode_ci NULL DEFAULT NULL COMMENT '操作地点',
  `oper_param` text CHARACTER SET utf8mb4 COLLATE utf8mb4_unicode_ci NULL COMMENT '请求参数',
  `json_result` text CHARACTER SET utf8mb4 COLLATE utf8mb4_unicode_ci NULL COMMENT '返回参数',
  `status` tinyint NOT NULL DEFAULT 0 COMMENT '操作状态：0正常 1异常',
  `error_msg` text CHARACTER SET utf8mb4 COLLATE utf8mb4_unicode_ci NULL COMMENT '错误消息',
  `oper_time` datetime NOT NULL DEFAULT CURRENT_TIMESTAMP COMMENT '操作时间',
  `cost_time` bigint NULL DEFAULT NULL COMMENT '消耗时间，毫秒',
  `create_by` varchar(64) CHARACTER SET utf8mb4 COLLATE utf8mb4_unicode_ci NULL DEFAULT NULL COMMENT '创建者',
  `create_time` datetime NOT NULL DEFAULT CURRENT_TIMESTAMP COMMENT '创建时间',
  `update_by` varchar(64) CHARACTER SET utf8mb4 COLLATE utf8mb4_unicode_ci NULL DEFAULT NULL COMMENT '更新者',
  `update_time` datetime NOT NULL DEFAULT CURRENT_TIMESTAMP ON UPDATE CURRENT_TIMESTAMP COMMENT '更新时间',
  `deleted` tinyint NOT NULL DEFAULT 0 COMMENT '逻辑删除：0未删除 1已删除',
  `remark` varchar(500) CHARACTER SET utf8mb4 COLLATE utf8mb4_unicode_ci NULL DEFAULT NULL COMMENT '备注',
  PRIMARY KEY (`id`) USING BTREE,
  INDEX `idx_oper_name`(`oper_name` ASC) USING BTREE,
  INDEX `idx_status`(`status` ASC) USING BTREE,
  INDEX `idx_oper_time`(`oper_time` ASC) USING BTREE
) ENGINE = InnoDB AUTO_INCREMENT = 189 CHARACTER SET = utf8mb4 COLLATE = utf8mb4_unicode_ci COMMENT = '操作日志表' ROW_FORMAT = Dynamic;

-- ----------------------------
-- Records of sys_oper_log
-- ----------------------------
INSERT INTO `sys_oper_log` VALUES (1, '登录日志', '分页查询', 'cn.sxu.enterprise.module.system.controller.SysLoginLogController.pageLoginLogs()', 'GET', 'WEB', 'admin', NULL, '/api/system/login-logs/page', '0:0:0:0:0:0:0:1', '本地开发环境', '[{\"pageNo\":1,\"pageSize\":10,\"username\":null,\"status\":null}]', '{\"code\":0,\"msg\":\"success\",\"data\":{\"pageNo\":1,\"pageSize\":10,\"total\":2,\"pages\":1,\"records\":[{\"id\":2,\"username\":\"admin\",\"ipaddr\":\"0:0:0:0:0:0:0:1\",\"loginLocation\":\"本地开发环境\",\"browser\":\"Other\",\"os\":\"Other\",\"status\":0,\"msg\":\"登录成功\",\"loginTime\":\"2026-06-26T22:24:47\"},{\"id\":1,\"username\":\"admin\",\"ipaddr\":\"0:0:0:0:0:0:0:1\",\"loginLocation\":\"本地开发环境\",\"browser\":\"Other\",\"os\":\"Other\",\"status\":0,\"msg\":\"登录成功\",\"loginTime\":\"2026-06-26T22:22:31\"}]}}', 0, NULL, '2026-06-26 22:25:06', 79, 'admin', '2026-06-26 22:25:06', NULL, '2026-06-26 22:25:05', 0, NULL);
INSERT INTO `sys_oper_log` VALUES (2, '登录日志', '分页查询', 'cn.sxu.enterprise.module.system.controller.SysLoginLogController.pageLoginLogs()', 'GET', 'WEB', 'admin', NULL, '/api/system/login-logs/page', '0:0:0:0:0:0:0:1', '本地开发环境', '[{\"pageNo\":1,\"pageSize\":10,\"username\":null,\"status\":null}]', '{\"code\":0,\"msg\":\"success\",\"data\":{\"pageNo\":1,\"pageSize\":10,\"total\":3,\"pages\":1,\"records\":[{\"id\":3,\"username\":\"admin\",\"ipaddr\":\"0:0:0:0:0:0:0:1\",\"loginLocation\":\"本地开发环境\",\"browser\":\"Other\",\"os\":\"Other\",\"status\":1,\"msg\":\"用户名或密码错误\",\"loginTime\":\"2026-06-26T22:25:20\"},{\"id\":2,\"username\":\"admin\",\"ipaddr\":\"0:0:0:0:0:0:0:1\",\"loginLocation\":\"本地开发环境\",\"browser\":\"Other\",\"os\":\"Other\",\"status\":0,\"msg\":\"登录成功\",\"loginTime\":\"2026-06-26T22:24:47\"},{\"id\":1,\"username\":\"admin\",\"ipaddr\":\"0:0:0:0:0:0:0:1\",\"loginLocation\":\"本地开发环境\",\"browser\":\"Other\",\"os\":\"Other\",\"status\":0,\"msg\":\"登录成功\",\"loginTime\":\"2026-06-26T22:22:31\"}]}}', 0, NULL, '2026-06-26 22:25:30', 11, 'admin', '2026-06-26 22:25:30', NULL, '2026-06-26 22:25:30', 0, NULL);
INSERT INTO `sys_oper_log` VALUES (3, '操作日志', '分页查询', 'cn.sxu.enterprise.module.system.controller.SysOperLogController.pageOperLogs()', 'GET', 'WEB', 'admin', NULL, '/api/system/oper-logs/page', '0:0:0:0:0:0:0:1', '本地开发环境', '[{\"pageNo\":1,\"pageSize\":10,\"title\":null,\"businessType\":null,\"operName\":null,\"status\":null}]', '{\"code\":0,\"msg\":\"success\",\"data\":{\"pageNo\":1,\"pageSize\":10,\"total\":2,\"pages\":1,\"records\":[{\"id\":2,\"title\":\"登录日志\",\"businessType\":\"分页查询\",\"method\":\"cn.sxu.enterprise.module.system.controller.SysLoginLogController.pageLoginLogs()\",\"requestMethod\":\"GET\",\"operatorType\":\"WEB\",\"operName\":\"admin\",\"operUrl\":\"/api/system/login-logs/page\",\"operIp\":\"0:0:0:0:0:0:0:1\",\"status\":0,\"errorMsg\":null,\"operTime\":\"2026-06-26T22:25:30\",\"costTime\":11},{\"id\":1,\"title\":\"登录日志\",\"businessType\":\"分页查询\",\"method\":\"cn.sxu.enterprise.module.system.controller.SysLoginLogController.pageLoginLogs()\",\"requestMethod\":\"GET\",\"operatorType\":\"WEB\",\"operName\":\"admin\",\"operUrl\":\"/api/system/login-logs/page\",\"operIp\":\"0:0:0:0:0:0:0:1\",\"status\":0,\"errorMsg\":null,\"operTime\":\"2026-06-26T22:25:06\",\"costTime\":79}]}}', 0, NULL, '2026-06-26 22:25:53', 17, 'admin', '2026-06-26 22:25:53', NULL, '2026-06-26 22:25:53', 0, NULL);
INSERT INTO `sys_oper_log` VALUES (4, '字典类型', '分页查询', 'cn.sxu.enterprise.module.system.controller.SysDictTypeController.pageDictTypes()', 'GET', 'WEB', 'admin', NULL, '/api/system/dict-types/page', '0:0:0:0:0:0:0:1', '本地开发环境', '[{\"pageNo\":1,\"pageSize\":10,\"dictName\":null,\"dictType\":null,\"status\":null}]', '{\"code\":0,\"msg\":\"success\",\"data\":{\"pageNo\":1,\"pageSize\":10,\"total\":3,\"pages\":1,\"records\":[{\"id\":3,\"dictName\":\"菜单类型\",\"dictType\":\"sys_menu_type\",\"status\":0,\"createTime\":\"2026-06-26T17:06:20\",\"remark\":\"菜单类型字典\"},{\"id\":2,\"dictName\":\"用户性别\",\"dictType\":\"sys_user_gender\",\"status\":0,\"createTime\":\"2026-06-26T17:06:20\",\"remark\":\"用户性别字典\"},{\"id\":1,\"dictName\":\"系统状态\",\"dictType\":\"sys_status\",\"status\":0,\"createTime\":\"2026-06-26T17:06:20\",\"remark\":\"通用启停状态\"}]}}', 0, NULL, '2026-06-27 13:17:21', 92, 'admin', '2026-06-27 13:17:21', NULL, '2026-06-27 13:17:21', 0, NULL);
INSERT INTO `sys_oper_log` VALUES (5, '字典数据', '分页查询', 'cn.sxu.enterprise.module.system.controller.SysDictDataController.pageDictData()', 'GET', 'WEB', 'admin', NULL, '/api/system/dict-data/page', '0:0:0:0:0:0:0:1', '本地开发环境', '[{\"pageNo\":1,\"pageSize\":10,\"dictType\":null,\"dictLabel\":null,\"status\":null}]', '{\"code\":0,\"msg\":\"success\",\"data\":{\"pageNo\":1,\"pageSize\":10,\"total\":8,\"pages\":1,\"records\":[{\"id\":6,\"dictType\":\"sys_menu_type\",\"dictLabel\":\"目录\",\"dictValue\":\"M\",\"dictSort\":1,\"cssClass\":null,\"listClass\":null,\"isDefault\":\"0\",\"status\":0,\"createTime\":\"2026-06-26T17:06:20\",\"remark\":\"目录\"},{\"id\":3,\"dictType\":\"sys_user_gender\",\"dictLabel\":\"未知\",\"dictValue\":\"0\",\"dictSort\":1,\"cssClass\":null,\"listClass\":null,\"isDefault\":\"1\",\"status\":0,\"createTime\":\"2026-06-26T17:06:20\",\"remark\":\"未知性别\"},{\"id\":1,\"dictType\":\"sys_status\",\"dictLabel\":\"正常\",\"dictValue\":\"0\",\"dictSort\":1,\"cssClass\":null,\"listClass\":null,\"isDefault\":\"1\",\"status\":0,\"createTime\":\"2026-06-26T17:06:20\",\"remark\":\"正常状态\"},{\"id\":7,\"dictType\":\"sys_menu_type\",\"dictLabel\":\"菜单\",\"dictValue\":\"C\",\"dictSort\":2,\"cssClass\":null,\"listClass\":null,\"isDefault\":\"0\",\"status\":0,\"createTime\":\"2026-06-26T17:06:20\",\"remark\":\"菜单\"},{\"id\":4,\"dictType\":\"sys_user_gender\",\"dictLabel\":\"男\",\"dictValue\":\"1\",\"dictSort\":2,\"cssClass\":null,\"listClass\":null,\"isDefault\":\"0\",\"status\":0,\"createTime\":\"2026-06-26T17:06:20\",\"remark\":\"男性\"},{\"id\":2,\"dictType\":\"sys_status\",\"dictLabel\":\"停用\",\"dictValue\":\"1\",\"dictSort\":2,\"cssClass\":null,\"listClass\":null,\"isDefault\":\"0\",\"status\":0,\"createTime\":\"2026-06-26T17:06:20\",\"remark\":\"停用状态\"},{\"id\":8,\"dictType\":\"sys_menu_type\",\"dictLabel\":\"按钮\",\"dictValue\":\"F\",\"dictSort\":3,\"cssClass\":null,\"listClass\":null,\"isDefault\":\"0\",\"status\":0,\"createTime\":\"2026-06-26T17:06:20\",\"remark\":\"按钮\"},{\"id\":5,\"dictType\":\"sys_user_gender\",\"dictLabel\":\"女\",\"dictValue\":\"2\",\"dictSort\":3,\"cssClass\":null,\"listClass\":null,\"isDefault\":\"0\",\"status\":0,\"createTime\":\"2026-06-26T17:06:20\",\"remark\":\"女性\"}]}}', 0, NULL, '2026-06-27 13:17:52', 28, 'admin', '2026-06-27 13:17:52', NULL, '2026-06-27 13:17:51', 0, NULL);
INSERT INTO `sys_oper_log` VALUES (6, '字典数据', '分页查询', 'cn.sxu.enterprise.module.system.controller.SysDictDataController.pageDictData()', 'GET', 'WEB', 'admin', NULL, '/api/system/dict-data/page', '0:0:0:0:0:0:0:1', '本地开发环境', '[{\"pageNo\":1,\"pageSize\":10,\"dictType\":null,\"dictLabel\":null,\"status\":0}]', '{\"code\":0,\"msg\":\"success\",\"data\":{\"pageNo\":1,\"pageSize\":10,\"total\":8,\"pages\":1,\"records\":[{\"id\":6,\"dictType\":\"sys_menu_type\",\"dictLabel\":\"目录\",\"dictValue\":\"M\",\"dictSort\":1,\"cssClass\":null,\"listClass\":null,\"isDefault\":\"0\",\"status\":0,\"createTime\":\"2026-06-26T17:06:20\",\"remark\":\"目录\"},{\"id\":3,\"dictType\":\"sys_user_gender\",\"dictLabel\":\"未知\",\"dictValue\":\"0\",\"dictSort\":1,\"cssClass\":null,\"listClass\":null,\"isDefault\":\"1\",\"status\":0,\"createTime\":\"2026-06-26T17:06:20\",\"remark\":\"未知性别\"},{\"id\":1,\"dictType\":\"sys_status\",\"dictLabel\":\"正常\",\"dictValue\":\"0\",\"dictSort\":1,\"cssClass\":null,\"listClass\":null,\"isDefault\":\"1\",\"status\":0,\"createTime\":\"2026-06-26T17:06:20\",\"remark\":\"正常状态\"},{\"id\":7,\"dictType\":\"sys_menu_type\",\"dictLabel\":\"菜单\",\"dictValue\":\"C\",\"dictSort\":2,\"cssClass\":null,\"listClass\":null,\"isDefault\":\"0\",\"status\":0,\"createTime\":\"2026-06-26T17:06:20\",\"remark\":\"菜单\"},{\"id\":4,\"dictType\":\"sys_user_gender\",\"dictLabel\":\"男\",\"dictValue\":\"1\",\"dictSort\":2,\"cssClass\":null,\"listClass\":null,\"isDefault\":\"0\",\"status\":0,\"createTime\":\"2026-06-26T17:06:20\",\"remark\":\"男性\"},{\"id\":2,\"dictType\":\"sys_status\",\"dictLabel\":\"停用\",\"dictValue\":\"1\",\"dictSort\":2,\"cssClass\":null,\"listClass\":null,\"isDefault\":\"0\",\"status\":0,\"createTime\":\"2026-06-26T17:06:20\",\"remark\":\"停用状态\"},{\"id\":8,\"dictType\":\"sys_menu_type\",\"dictLabel\":\"按钮\",\"dictValue\":\"F\",\"dictSort\":3,\"cssClass\":null,\"listClass\":null,\"isDefault\":\"0\",\"status\":0,\"createTime\":\"2026-06-26T17:06:20\",\"remark\":\"按钮\"},{\"id\":5,\"dictType\":\"sys_user_gender\",\"dictLabel\":\"女\",\"dictValue\":\"2\",\"dictSort\":3,\"cssClass\":null,\"listClass\":null,\"isDefault\":\"0\",\"status\":0,\"createTime\":\"2026-06-26T17:06:20\",\"remark\":\"女性\"}]}}', 0, NULL, '2026-06-27 13:18:05', 21, 'admin', '2026-06-27 13:18:05', NULL, '2026-06-27 13:18:04', 0, NULL);
INSERT INTO `sys_oper_log` VALUES (7, '字典数据', '按类型查询', 'cn.sxu.enterprise.module.system.controller.SysDictDataController.listByDictType()', 'GET', 'WEB', 'admin', NULL, '/api/system/dict-data/type/sys_normal_disable', '0:0:0:0:0:0:0:1', '本地开发环境', '[\"sys_normal_disable\"]', '{\"code\":0,\"msg\":\"success\",\"data\":[]}', 0, NULL, '2026-06-27 13:18:43', 14, 'admin', '2026-06-27 13:18:43', NULL, '2026-06-27 13:18:43', 0, NULL);
INSERT INTO `sys_oper_log` VALUES (8, '字典数据', '按类型查询', 'cn.sxu.enterprise.module.system.controller.SysDictDataController.listByDictType()', 'GET', 'WEB', 'admin', NULL, '/api/system/dict-data/type/sys_status', '0:0:0:0:0:0:0:1', '本地开发环境', '[\"sys_status\"]', '{\"code\":0,\"msg\":\"success\",\"data\":[{\"id\":1,\"dictType\":\"sys_status\",\"dictLabel\":\"正常\",\"dictValue\":\"0\",\"dictSort\":1,\"listClass\":null,\"isDefault\":\"1\"},{\"id\":2,\"dictType\":\"sys_status\",\"dictLabel\":\"停用\",\"dictValue\":\"1\",\"dictSort\":2,\"listClass\":null,\"isDefault\":\"0\"}]}', 0, NULL, '2026-06-27 13:19:53', 4, 'admin', '2026-06-27 13:19:53', NULL, '2026-06-27 13:19:53', 0, NULL);
INSERT INTO `sys_oper_log` VALUES (9, '文件管理', '文件上传', 'cn.sxu.enterprise.module.system.controller.SysFileController.upload()', 'POST', 'WEB', 'admin', NULL, '/api/system/files/upload', '0:0:0:0:0:0:0:1', '本地开发环境', '[org.springframework.web.multipart.support.StandardMultipartHttpServletRequest$StandardMultipartFile@2dbc1cfa]', '{\"code\":0,\"msg\":\"success\",\"data\":{\"id\":1,\"fileName\":\"5dcf42b60980487e84ba0cac97eb41ab.png\",\"originalName\":\"王欣颖电子签名.png\",\"fileType\":\"png\",\"fileSize\":50401,\"storageType\":\"LOCAL\",\"objectName\":\"20260627/5dcf42b60980487e84ba0cac97eb41ab.png\",\"url\":\"/files/20260627/5dcf42b60980487e84ba0cac97eb41ab.png\",\"md5\":\"0ee551c03479161ad0492aab5a3a8b0b\"}}', 0, NULL, '2026-06-27 13:22:55', 31, 'admin', '2026-06-27 13:22:55', NULL, '2026-06-27 13:22:55', 0, NULL);
INSERT INTO `sys_oper_log` VALUES (10, '文件管理', '分页查询', 'cn.sxu.enterprise.module.system.controller.SysFileController.pageFiles()', 'GET', 'WEB', 'admin', NULL, '/api/system/files/page', '0:0:0:0:0:0:0:1', '本地开发环境', '[{\"pageNo\":1,\"pageSize\":10,\"originalName\":null,\"fileType\":null,\"storageType\":null,\"status\":null}]', '{\"code\":0,\"msg\":\"success\",\"data\":{\"pageNo\":1,\"pageSize\":10,\"total\":1,\"pages\":1,\"records\":[{\"id\":1,\"fileName\":\"5dcf42b60980487e84ba0cac97eb41ab.png\",\"originalName\":\"王欣颖电子签名.png\",\"fileType\":\"png\",\"fileSize\":50401,\"storageType\":\"LOCAL\",\"bucketName\":null,\"objectName\":\"20260627/5dcf42b60980487e84ba0cac97eb41ab.png\",\"url\":\"/files/20260627/5dcf42b60980487e84ba0cac97eb41ab.png\",\"md5\":\"0ee551c03479161ad0492aab5a3a8b0b\",\"uploadUserId\":1,\"status\":0,\"createTime\":\"2026-06-27T13:22:55\",\"remark\":null}]}}', 0, NULL, '2026-06-27 13:25:34', 18, 'admin', '2026-06-27 13:25:34', NULL, '2026-06-27 13:25:34', 0, NULL);
INSERT INTO `sys_oper_log` VALUES (11, '文件管理', '分页查询', 'cn.sxu.enterprise.module.system.controller.SysFileController.pageFiles()', 'GET', 'WEB', 'admin', NULL, '/api/system/files/page', '0:0:0:0:0:0:0:1', '本地开发环境', '[{\"pageNo\":1,\"pageSize\":10,\"originalName\":null,\"fileType\":null,\"storageType\":\"LOCAL\",\"status\":null}]', '{\"code\":0,\"msg\":\"success\",\"data\":{\"pageNo\":1,\"pageSize\":10,\"total\":1,\"pages\":1,\"records\":[{\"id\":1,\"fileName\":\"5dcf42b60980487e84ba0cac97eb41ab.png\",\"originalName\":\"王欣颖电子签名.png\",\"fileType\":\"png\",\"fileSize\":50401,\"storageType\":\"LOCAL\",\"bucketName\":null,\"objectName\":\"20260627/5dcf42b60980487e84ba0cac97eb41ab.png\",\"url\":\"/files/20260627/5dcf42b60980487e84ba0cac97eb41ab.png\",\"md5\":\"0ee551c03479161ad0492aab5a3a8b0b\",\"uploadUserId\":1,\"status\":0,\"createTime\":\"2026-06-27T13:22:55\",\"remark\":null}]}}', 0, NULL, '2026-06-27 13:25:48', 9, 'admin', '2026-06-27 13:25:48', NULL, '2026-06-27 13:25:47', 0, NULL);
INSERT INTO `sys_oper_log` VALUES (12, '文件管理', '分页查询', 'cn.sxu.enterprise.module.system.controller.SysFileController.pageFiles()', 'GET', 'WEB', 'admin', NULL, '/api/system/files/page', '0:0:0:0:0:0:0:1', '本地开发环境', '[{\"pageNo\":1,\"pageSize\":10,\"originalName\":null,\"fileType\":null,\"storageType\":\"LOCAL\",\"status\":null}]', '{\"code\":0,\"msg\":\"success\",\"data\":{\"pageNo\":1,\"pageSize\":10,\"total\":1,\"pages\":1,\"records\":[{\"id\":1,\"fileName\":\"5dcf42b60980487e84ba0cac97eb41ab.png\",\"originalName\":\"王欣颖电子签名.png\",\"fileType\":\"png\",\"fileSize\":50401,\"storageType\":\"LOCAL\",\"bucketName\":null,\"objectName\":\"20260627/5dcf42b60980487e84ba0cac97eb41ab.png\",\"url\":\"/files/20260627/5dcf42b60980487e84ba0cac97eb41ab.png\",\"md5\":\"0ee551c03479161ad0492aab5a3a8b0b\",\"uploadUserId\":1,\"status\":0,\"createTime\":\"2026-06-27T13:22:55\",\"remark\":null}]}}', 0, NULL, '2026-06-27 13:33:04', 8, 'admin', '2026-06-27 13:33:04', NULL, '2026-06-27 13:33:04', 0, NULL);
INSERT INTO `sys_oper_log` VALUES (13, '智能矿山-设备台账', '分页查询', 'cn.sxu.enterprise.module.mine.controller.MineDeviceController.page()', 'GET', 'WEB', 'admin', NULL, '/api/mine/devices/page', '0:0:0:0:0:0:0:1', '本地开发环境', '[{\"pageNo\":1,\"pageSize\":10,\"deviceCode\":null,\"deviceName\":null,\"deviceType\":null,\"areaName\":null,\"status\":null}]', '{\"code\":0,\"msg\":\"success\",\"data\":{\"pageNo\":1,\"pageSize\":10,\"total\":3,\"pages\":1,\"records\":[{\"id\":3,\"deviceCode\":\"DEV-BELT-001\",\"deviceName\":\"主运输皮带一号\",\"deviceType\":\"BELT_CONVEYOR\",\"areaName\":\"主运输巷\",\"location\":\"主运输巷入口\",\"manufacturer\":\"山西煤机装备有限公司\",\"model\":\"DSJ100\",\"installDate\":\"2024-07-15\",\"status\":2,\"lastMaintenanceTime\":\"2026-06-15T14:00:00\",\"createTime\":\"2026-06-27T23:31:38\",\"remark\":\"当前处于计划检修状态\"},{\"id\":2,\"deviceCode\":\"DEV-PUMP-001\",\"deviceName\":\"中央水泵一号\",\"deviceType\":\"WATER_PUMP\",\"areaName\":\"中央泵房\",\"location\":\"中央泵房一号位\",\"manufacturer\":\"太原泵业设备有限公司\",\"model\":\"MD280-43x5\",\"installDate\":\"2024-05-10\",\"status\":0,\"lastMaintenanceTime\":\"2026-06-10T10:00:00\",\"createTime\":\"2026-06-27T23:31:38\",\"remark\":\"用于井下排水\"},{\"id\":1,\"deviceCode\":\"DEV-FAN-001\",\"deviceName\":\"主通风机一号\",\"deviceType\":\"VENTILATION_FAN\",\"areaName\":\"一采区\",\"location\":\"一采区主通风硐室\",\"manufacturer\":\"山西矿山装备厂\",\"model\":\"FBD-2x55\",\"installDate\":\"2024-03-01\",\"status\":0,\"lastMaintenanceTime\":\"2026-06-01T09:00:00\",\"createTime\":\"2026-06-27T23:31:38\",\"remark\":\"用于一采区主通风\"}]}}', 0, NULL, '2026-06-27 23:53:45', 84, 'admin', '2026-06-27 23:53:45', NULL, '2026-06-27 23:53:44', 0, NULL);
INSERT INTO `sys_oper_log` VALUES (14, '智能矿山-设备台账', '分页查询', 'cn.sxu.enterprise.module.mine.controller.MineDeviceController.page()', 'GET', 'WEB', 'admin', NULL, '/api/mine/devices/page', '0:0:0:0:0:0:0:1', '本地开发环境', '[{\"pageNo\":1,\"pageSize\":10,\"deviceCode\":null,\"deviceName\":null,\"deviceType\":\"WATER_PUMP\",\"areaName\":null,\"status\":null}]', '{\"code\":0,\"msg\":\"success\",\"data\":{\"pageNo\":1,\"pageSize\":10,\"total\":1,\"pages\":1,\"records\":[{\"id\":2,\"deviceCode\":\"DEV-PUMP-001\",\"deviceName\":\"中央水泵一号\",\"deviceType\":\"WATER_PUMP\",\"areaName\":\"中央泵房\",\"location\":\"中央泵房一号位\",\"manufacturer\":\"太原泵业设备有限公司\",\"model\":\"MD280-43x5\",\"installDate\":\"2024-05-10\",\"status\":0,\"lastMaintenanceTime\":\"2026-06-10T10:00:00\",\"createTime\":\"2026-06-27T23:31:38\",\"remark\":\"用于井下排水\"}]}}', 0, NULL, '2026-06-27 23:54:01', 18, 'admin', '2026-06-27 23:54:01', NULL, '2026-06-27 23:54:01', 0, NULL);
INSERT INTO `sys_oper_log` VALUES (15, '智能矿山-设备台账', '分页查询', 'cn.sxu.enterprise.module.mine.controller.MineDeviceController.page()', 'GET', 'WEB', 'admin', NULL, '/api/mine/devices/page', '0:0:0:0:0:0:0:1', '本地开发环境', '[{\"pageNo\":1,\"pageSize\":10,\"deviceCode\":null,\"deviceName\":null,\"deviceType\":null,\"areaName\":\"一采区\",\"status\":null}]', '{\"code\":0,\"msg\":\"success\",\"data\":{\"pageNo\":1,\"pageSize\":10,\"total\":1,\"pages\":1,\"records\":[{\"id\":1,\"deviceCode\":\"DEV-FAN-001\",\"deviceName\":\"主通风机一号\",\"deviceType\":\"VENTILATION_FAN\",\"areaName\":\"一采区\",\"location\":\"一采区主通风硐室\",\"manufacturer\":\"山西矿山装备厂\",\"model\":\"FBD-2x55\",\"installDate\":\"2024-03-01\",\"status\":0,\"lastMaintenanceTime\":\"2026-06-01T09:00:00\",\"createTime\":\"2026-06-27T23:31:38\",\"remark\":\"用于一采区主通风\"}]}}', 0, NULL, '2026-06-27 23:54:12', 13, 'admin', '2026-06-27 23:54:12', NULL, '2026-06-27 23:54:12', 0, NULL);
INSERT INTO `sys_oper_log` VALUES (16, '智能矿山-传感器台账', '分页查询', 'cn.sxu.enterprise.module.mine.controller.MineSensorController.page()', 'GET', 'WEB', 'admin', NULL, '/api/mine/sensors/page', '0:0:0:0:0:0:0:1', '本地开发环境', '[{\"pageNo\":1,\"pageSize\":10,\"sensorCode\":null,\"sensorName\":null,\"sensorType\":null,\"deviceId\":null,\"areaName\":null,\"status\":null}]', '{\"code\":0,\"msg\":\"success\",\"data\":{\"pageNo\":1,\"pageSize\":10,\"total\":3,\"pages\":1,\"records\":[{\"id\":3,\"sensorCode\":\"SEN-VIB-001\",\"sensorName\":\"主运输皮带振动传感器一号\",\"sensorType\":\"VIBRATION\",\"deviceId\":3,\"areaName\":\"主运输巷\",\"location\":\"主运输皮带机头\",\"unit\":\"mm/s\",\"minValue\":0.0000,\"maxValue\":8.0000,\"alarmThreshold\":8.0000,\"status\":0,\"lastReportTime\":\"2026-06-27T10:00:00\",\"createTime\":\"2026-06-27T23:31:38\",\"remark\":\"皮带机振动监测\"},{\"id\":2,\"sensorCode\":\"SEN-TEMP-001\",\"sensorName\":\"中央泵房温度传感器一号\",\"sensorType\":\"TEMPERATURE\",\"deviceId\":2,\"areaName\":\"中央泵房\",\"location\":\"中央泵房一号水泵旁\",\"unit\":\"℃\",\"minValue\":0.0000,\"maxValue\":60.0000,\"alarmThreshold\":60.0000,\"status\":0,\"lastReportTime\":\"2026-06-27T10:00:00\",\"createTime\":\"2026-06-27T23:31:38\",\"remark\":\"设备环境温度监测\"},{\"id\":1,\"sensorCode\":\"SEN-GAS-001\",\"sensorName\":\"一采区瓦斯传感器一号\",\"sensorType\":\"GAS\",\"deviceId\":1,\"areaName\":\"一采区\",\"location\":\"一采区回风巷\",\"unit\":\"%\",\"minValue\":0.0000,\"maxValue\":1.0000,\"alarmThreshold\":1.0000,\"status\":0,\"lastReportTime\":\"2026-06-27T10:00:00\",\"createTime\":\"2026-06-27T23:31:38\",\"remark\":\"瓦斯浓度监测\"}]}}', 0, NULL, '2026-06-27 23:54:20', 13, 'admin', '2026-06-27 23:54:20', NULL, '2026-06-27 23:54:20', 0, NULL);
INSERT INTO `sys_oper_log` VALUES (17, '智能矿山-传感器台账', '分页查询', 'cn.sxu.enterprise.module.mine.controller.MineSensorController.page()', 'GET', 'WEB', 'admin', NULL, '/api/mine/sensors/page', '0:0:0:0:0:0:0:1', '本地开发环境', '[{\"pageNo\":1,\"pageSize\":10,\"sensorCode\":null,\"sensorName\":null,\"sensorType\":\"GAS\",\"deviceId\":null,\"areaName\":null,\"status\":null}]', '{\"code\":0,\"msg\":\"success\",\"data\":{\"pageNo\":1,\"pageSize\":10,\"total\":1,\"pages\":1,\"records\":[{\"id\":1,\"sensorCode\":\"SEN-GAS-001\",\"sensorName\":\"一采区瓦斯传感器一号\",\"sensorType\":\"GAS\",\"deviceId\":1,\"areaName\":\"一采区\",\"location\":\"一采区回风巷\",\"unit\":\"%\",\"minValue\":0.0000,\"maxValue\":1.0000,\"alarmThreshold\":1.0000,\"status\":0,\"lastReportTime\":\"2026-06-27T10:00:00\",\"createTime\":\"2026-06-27T23:31:38\",\"remark\":\"瓦斯浓度监测\"}]}}', 0, NULL, '2026-06-27 23:54:33', 9, 'admin', '2026-06-27 23:54:33', NULL, '2026-06-27 23:54:32', 0, NULL);
INSERT INTO `sys_oper_log` VALUES (18, '智能矿山-传感器台账', '分页查询', 'cn.sxu.enterprise.module.mine.controller.MineSensorController.page()', 'GET', 'WEB', 'admin', NULL, '/api/mine/sensors/page', '0:0:0:0:0:0:0:1', '本地开发环境', '[{\"pageNo\":1,\"pageSize\":10,\"sensorCode\":null,\"sensorName\":null,\"sensorType\":null,\"deviceId\":null,\"areaName\":\"中央泵房\",\"status\":null}]', '{\"code\":0,\"msg\":\"success\",\"data\":{\"pageNo\":1,\"pageSize\":10,\"total\":1,\"pages\":1,\"records\":[{\"id\":2,\"sensorCode\":\"SEN-TEMP-001\",\"sensorName\":\"中央泵房温度传感器一号\",\"sensorType\":\"TEMPERATURE\",\"deviceId\":2,\"areaName\":\"中央泵房\",\"location\":\"中央泵房一号水泵旁\",\"unit\":\"℃\",\"minValue\":0.0000,\"maxValue\":60.0000,\"alarmThreshold\":60.0000,\"status\":0,\"lastReportTime\":\"2026-06-27T10:00:00\",\"createTime\":\"2026-06-27T23:31:38\",\"remark\":\"设备环境温度监测\"}]}}', 0, NULL, '2026-06-27 23:54:46', 6, 'admin', '2026-06-27 23:54:46', NULL, '2026-06-27 23:54:46', 0, NULL);
INSERT INTO `sys_oper_log` VALUES (19, '智能矿山-设备台账', '分页查询', 'cn.sxu.enterprise.module.mine.controller.MineDeviceController.page()', 'GET', 'WEB', 'admin', NULL, '/api/mine/devices/page', '0:0:0:0:0:0:0:1', '本地开发环境', '[{\"pageNo\":1,\"pageSize\":10,\"deviceCode\":null,\"deviceName\":null,\"deviceType\":null,\"areaName\":null,\"status\":null}]', '{\"code\":0,\"msg\":\"success\",\"data\":{\"pageNo\":1,\"pageSize\":10,\"total\":3,\"pages\":1,\"records\":[{\"id\":3,\"deviceCode\":\"DEV-BELT-001\",\"deviceName\":\"主运输皮带一号\",\"deviceType\":\"BELT_CONVEYOR\",\"areaName\":\"主运输巷\",\"location\":\"主运输巷入口\",\"manufacturer\":\"山西煤机装备有限公司\",\"model\":\"DSJ100\",\"installDate\":\"2024-07-15\",\"status\":2,\"lastMaintenanceTime\":\"2026-06-15T14:00:00\",\"createTime\":\"2026-06-27T23:31:38\",\"remark\":\"当前处于计划检修状态\"},{\"id\":2,\"deviceCode\":\"DEV-PUMP-001\",\"deviceName\":\"中央水泵一号\",\"deviceType\":\"WATER_PUMP\",\"areaName\":\"中央泵房\",\"location\":\"中央泵房一号位\",\"manufacturer\":\"太原泵业设备有限公司\",\"model\":\"MD280-43x5\",\"installDate\":\"2024-05-10\",\"status\":0,\"lastMaintenanceTime\":\"2026-06-10T10:00:00\",\"createTime\":\"2026-06-27T23:31:38\",\"remark\":\"用于井下排水\"},{\"id\":1,\"deviceCode\":\"DEV-FAN-001\",\"deviceName\":\"主通风机一号\",\"deviceType\":\"VENTILATION_FAN\",\"areaName\":\"一采区\",\"location\":\"一采区主通风硐室\",\"manufacturer\":\"山西矿山装备厂\",\"model\":\"FBD-2x55\",\"installDate\":\"2024-03-01\",\"status\":0,\"lastMaintenanceTime\":\"2026-06-01T09:00:00\",\"createTime\":\"2026-06-27T23:31:38\",\"remark\":\"用于一采区主通风\"}]}}', 0, NULL, '2026-06-27 23:55:23', 8, 'admin', '2026-06-27 23:55:23', NULL, '2026-06-27 23:55:22', 0, NULL);
INSERT INTO `sys_oper_log` VALUES (20, '智能矿山-传感器台账', '分页查询', 'cn.sxu.enterprise.module.mine.controller.MineSensorController.page()', 'GET', 'WEB', 'admin', NULL, '/api/mine/sensors/page', '0:0:0:0:0:0:0:1', '本地开发环境', '[{\"pageNo\":1,\"pageSize\":10,\"sensorCode\":null,\"sensorName\":null,\"sensorType\":null,\"deviceId\":null,\"areaName\":null,\"status\":null}]', '{\"code\":0,\"msg\":\"success\",\"data\":{\"pageNo\":1,\"pageSize\":10,\"total\":3,\"pages\":1,\"records\":[{\"id\":3,\"sensorCode\":\"SEN-VIB-001\",\"sensorName\":\"主运输皮带振动传感器一号\",\"sensorType\":\"VIBRATION\",\"deviceId\":3,\"areaName\":\"主运输巷\",\"location\":\"主运输皮带机头\",\"unit\":\"mm/s\",\"minValue\":0.0000,\"maxValue\":8.0000,\"alarmThreshold\":8.0000,\"status\":0,\"lastReportTime\":\"2026-06-27T10:00:00\",\"createTime\":\"2026-06-27T23:31:38\",\"remark\":\"皮带机振动监测\"},{\"id\":2,\"sensorCode\":\"SEN-TEMP-001\",\"sensorName\":\"中央泵房温度传感器一号\",\"sensorType\":\"TEMPERATURE\",\"deviceId\":2,\"areaName\":\"中央泵房\",\"location\":\"中央泵房一号水泵旁\",\"unit\":\"℃\",\"minValue\":0.0000,\"maxValue\":60.0000,\"alarmThreshold\":60.0000,\"status\":0,\"lastReportTime\":\"2026-06-27T10:00:00\",\"createTime\":\"2026-06-27T23:31:38\",\"remark\":\"设备环境温度监测\"},{\"id\":1,\"sensorCode\":\"SEN-GAS-001\",\"sensorName\":\"一采区瓦斯传感器一号\",\"sensorType\":\"GAS\",\"deviceId\":1,\"areaName\":\"一采区\",\"location\":\"一采区回风巷\",\"unit\":\"%\",\"minValue\":0.0000,\"maxValue\":1.0000,\"alarmThreshold\":1.0000,\"status\":0,\"lastReportTime\":\"2026-06-27T10:00:00\",\"createTime\":\"2026-06-27T23:31:38\",\"remark\":\"瓦斯浓度监测\"}]}}', 0, NULL, '2026-06-27 23:55:35', 16, 'admin', '2026-06-27 23:55:35', NULL, '2026-06-27 23:55:35', 0, NULL);
INSERT INTO `sys_oper_log` VALUES (21, '操作日志', '分页查询', 'cn.sxu.enterprise.module.system.controller.SysOperLogController.pageOperLogs()', 'GET', 'WEB', 'admin', NULL, '/api/system/oper-logs/page', '0:0:0:0:0:0:0:1', '本地开发环境', '[{\"pageNo\":1,\"pageSize\":10,\"title\":\"智能矿山\",\"businessType\":null,\"operName\":null,\"status\":null}]', '{\"code\":0,\"msg\":\"success\",\"data\":{\"pageNo\":1,\"pageSize\":10,\"total\":8,\"pages\":1,\"records\":[{\"id\":20,\"title\":\"智能矿山-传感器台账\",\"businessType\":\"分页查询\",\"method\":\"cn.sxu.enterprise.module.mine.controller.MineSensorController.page()\",\"requestMethod\":\"GET\",\"operatorType\":\"WEB\",\"operName\":\"admin\",\"operUrl\":\"/api/mine/sensors/page\",\"operIp\":\"0:0:0:0:0:0:0:1\",\"status\":0,\"errorMsg\":null,\"operTime\":\"2026-06-27T23:55:35\",\"costTime\":16},{\"id\":19,\"title\":\"智能矿山-设备台账\",\"businessType\":\"分页查询\",\"method\":\"cn.sxu.enterprise.module.mine.controller.MineDeviceController.page()\",\"requestMethod\":\"GET\",\"operatorType\":\"WEB\",\"operName\":\"admin\",\"operUrl\":\"/api/mine/devices/page\",\"operIp\":\"0:0:0:0:0:0:0:1\",\"status\":0,\"errorMsg\":null,\"operTime\":\"2026-06-27T23:55:23\",\"costTime\":8},{\"id\":18,\"title\":\"智能矿山-传感器台账\",\"businessType\":\"分页查询\",\"method\":\"cn.sxu.enterprise.module.mine.controller.MineSensorController.page()\",\"requestMethod\":\"GET\",\"operatorType\":\"WEB\",\"operName\":\"admin\",\"operUrl\":\"/api/mine/sensors/page\",\"operIp\":\"0:0:0:0:0:0:0:1\",\"status\":0,\"errorMsg\":null,\"operTime\":\"2026-06-27T23:54:46\",\"costTime\":6},{\"id\":17,\"title\":\"智能矿山-传感器台账\",\"businessType\":\"分页查询\",\"method\":\"cn.sxu.enterprise.module.mine.controller.MineSensorController.page()\",\"requestMethod\":\"GET\",\"operatorType\":\"WEB\",\"operName\":\"admin\",\"operUrl\":\"/api/mine/sensors/page\",\"operIp\":\"0:0:0:0:0:0:0:1\",\"status\":0,\"errorMsg\":null,\"operTime\":\"2026-06-27T23:54:33\",\"costTime\":9},{\"id\":16,\"title\":\"智能矿山-传感器台账\",\"businessType\":\"分页查询\",\"method\":\"cn.sxu.enterprise.module.mine.controller.MineSensorController.page()\",\"requestMethod\":\"GET\",\"operatorType\":\"WEB\",\"operName\":\"admin\",\"operUrl\":\"/api/mine/sensors/page\",\"operIp\":\"0:0:0:0:0:0:0:1\",\"status\":0,\"errorMsg\":null,\"operTime\":\"2026-06-27T23:54:20\",\"costTime\":13},{\"id\":15,\"title\":\"智能矿山-设备台账\",\"businessType\":\"分页查询\",\"method\":\"cn.sxu.enterprise.module.mine.controller.MineDeviceController.page()\",\"requestMethod\":\"GET\",\"operatorType\":\"WEB\",\"operName\":\"admin\",\"operUrl\":\"/api/mine/devices/page\",\"operIp\":\"0:0:0:0:0:0:0:1\",\"sta', 0, NULL, '2026-06-27 23:55:47', 17, 'admin', '2026-06-27 23:55:47', NULL, '2026-06-27 23:55:47', 0, NULL);
INSERT INTO `sys_oper_log` VALUES (22, '智能矿山-传感器数据', '模拟生成', 'cn.sxu.enterprise.module.mine.controller.MineSensorDataController.simulate()', 'POST', 'WEB', 'admin', NULL, '/api/mine/sensor-data/simulate', '0:0:0:0:0:0:0:1', '本地开发环境', '[{\"sensorId\":null,\"sensorType\":null,\"count\":3}]', '{\"code\":0,\"msg\":\"success\",\"data\":[{\"id\":1,\"sensorId\":1,\"sensorCode\":\"SEN-GAS-001\",\"sensorName\":\"一采区瓦斯传感器一号\",\"sensorType\":\"GAS\",\"deviceId\":1,\"areaName\":\"一采区\",\"location\":\"一采区回风巷\",\"dataValue\":0.4239,\"unit\":\"%\",\"alarmThreshold\":1.0000,\"alarmFlag\":0,\"collectTime\":\"2026-06-29T00:12:53.9208674\",\"status\":0,\"createTime\":\"2026-06-29T00:12:56.9208674\",\"remark\":\"M1-03 模拟生成传感器数据\"},{\"id\":2,\"sensorId\":1,\"sensorCode\":\"SEN-GAS-001\",\"sensorName\":\"一采区瓦斯传感器一号\",\"sensorType\":\"GAS\",\"deviceId\":1,\"areaName\":\"一采区\",\"location\":\"一采区回风巷\",\"dataValue\":0.4286,\"unit\":\"%\",\"alarmThreshold\":1.0000,\"alarmFlag\":0,\"collectTime\":\"2026-06-29T00:12:54.9208674\",\"status\":0,\"createTime\":\"2026-06-29T00:12:56.9328673\",\"remark\":\"M1-03 模拟生成传感器数据\"},{\"id\":3,\"sensorId\":1,\"sensorCode\":\"SEN-GAS-001\",\"sensorName\":\"一采区瓦斯传感器一号\",\"sensorType\":\"GAS\",\"deviceId\":1,\"areaName\":\"一采区\",\"location\":\"一采区回风巷\",\"dataValue\":0.6685,\"unit\":\"%\",\"alarmThreshold\":1.0000,\"alarmFlag\":0,\"collectTime\":\"2026-06-29T00:12:55.9208674\",\"status\":0,\"createTime\":\"2026-06-29T00:12:56.942469\",\"remark\":\"M1-03 模拟生成传感器数据\"},{\"id\":4,\"sensorId\":2,\"sensorCode\":\"SEN-TEMP-001\",\"sensorName\":\"中央泵房温度传感器一号\",\"sensorType\":\"TEMPERATURE\",\"deviceId\":2,\"areaName\":\"中央泵房\",\"location\":\"中央泵房一号水泵旁\",\"dataValue\":8.8260,\"unit\":\"℃\",\"alarmThreshold\":60.0000,\"alarmFlag\":0,\"collectTime\":\"2026-06-29T00:12:53.9208674\",\"status\":0,\"createTime\":\"2026-06-29T00:12:56.9594701\",\"remark\":\"M1-03 模拟生成传感器数据\"},{\"id\":5,\"sensorId\":2,\"sensorCode\":\"SEN-TEMP-001\",\"sensorName\":\"中央泵房温度传感器一号\",\"sensorType\":\"TEMPERATURE\",\"deviceId\":2,\"areaName\":\"中央泵房\",\"location\":\"中央泵房一号水泵旁\",\"dataValue\":16.1956,\"unit\":\"℃\",\"alarmThreshold\":60.0000,\"alarmFlag\":0,\"collectTime\":\"2026-06-29T00:12:54.9208674\",\"status\":0,\"createTime\":\"2026-06-29T00:12:56.9664681\",\"remark\":\"M1-03 模拟生成传感器数据\"},{\"id\":6,\"sensorId\":2,\"sensorCode\":\"SEN-TEMP-001\",\"sensorName\":\"中央泵房温度传感器一号\",\"sensorType\":\"TEMPERATURE\",\"deviceId\":2,\"areaName\":\"中央泵房\",\"location\":\"中央泵房一号水泵旁\",\"dataValue\":50.5579,\"unit\":\"℃\",\"alarmThreshold\":60.0000,\"alarmFlag\":0,\"collectTime\":\"2026-06-2', 0, NULL, '2026-06-29 00:12:57', 121, 'admin', '2026-06-29 00:12:57', NULL, '2026-06-29 00:12:57', 0, NULL);
INSERT INTO `sys_oper_log` VALUES (23, '智能矿山-传感器数据', '模拟生成', 'cn.sxu.enterprise.module.mine.controller.MineSensorDataController.simulate()', 'POST', 'WEB', 'admin', NULL, '/api/mine/sensor-data/simulate', '0:0:0:0:0:0:0:1', '本地开发环境', '[{\"sensorId\":null,\"sensorType\":\"GAS\",\"count\":5}]', '{\"code\":0,\"msg\":\"success\",\"data\":[{\"id\":10,\"sensorId\":1,\"sensorCode\":\"SEN-GAS-001\",\"sensorName\":\"一采区瓦斯传感器一号\",\"sensorType\":\"GAS\",\"deviceId\":1,\"areaName\":\"一采区\",\"location\":\"一采区回风巷\",\"dataValue\":0.8909,\"unit\":\"%\",\"alarmThreshold\":1.0000,\"alarmFlag\":0,\"collectTime\":\"2026-06-29T00:13:28.3767869\",\"status\":0,\"createTime\":\"2026-06-29T00:13:33.3767869\",\"remark\":\"M1-03 模拟生成传感器数据\"},{\"id\":11,\"sensorId\":1,\"sensorCode\":\"SEN-GAS-001\",\"sensorName\":\"一采区瓦斯传感器一号\",\"sensorType\":\"GAS\",\"deviceId\":1,\"areaName\":\"一采区\",\"location\":\"一采区回风巷\",\"dataValue\":0.7466,\"unit\":\"%\",\"alarmThreshold\":1.0000,\"alarmFlag\":0,\"collectTime\":\"2026-06-29T00:13:29.3767869\",\"status\":0,\"createTime\":\"2026-06-29T00:13:33.3837865\",\"remark\":\"M1-03 模拟生成传感器数据\"},{\"id\":12,\"sensorId\":1,\"sensorCode\":\"SEN-GAS-001\",\"sensorName\":\"一采区瓦斯传感器一号\",\"sensorType\":\"GAS\",\"deviceId\":1,\"areaName\":\"一采区\",\"location\":\"一采区回风巷\",\"dataValue\":0.1069,\"unit\":\"%\",\"alarmThreshold\":1.0000,\"alarmFlag\":0,\"collectTime\":\"2026-06-29T00:13:30.3767869\",\"status\":0,\"createTime\":\"2026-06-29T00:13:33.390784\",\"remark\":\"M1-03 模拟生成传感器数据\"},{\"id\":13,\"sensorId\":1,\"sensorCode\":\"SEN-GAS-001\",\"sensorName\":\"一采区瓦斯传感器一号\",\"sensorType\":\"GAS\",\"deviceId\":1,\"areaName\":\"一采区\",\"location\":\"一采区回风巷\",\"dataValue\":0.3578,\"unit\":\"%\",\"alarmThreshold\":1.0000,\"alarmFlag\":0,\"collectTime\":\"2026-06-29T00:13:31.3767869\",\"status\":0,\"createTime\":\"2026-06-29T00:13:33.400038\",\"remark\":\"M1-03 模拟生成传感器数据\"},{\"id\":14,\"sensorId\":1,\"sensorCode\":\"SEN-GAS-001\",\"sensorName\":\"一采区瓦斯传感器一号\",\"sensorType\":\"GAS\",\"deviceId\":1,\"areaName\":\"一采区\",\"location\":\"一采区回风巷\",\"dataValue\":0.6967,\"unit\":\"%\",\"alarmThreshold\":1.0000,\"alarmFlag\":0,\"collectTime\":\"2026-06-29T00:13:32.3767869\",\"status\":0,\"createTime\":\"2026-06-29T00:13:33.4079116\",\"remark\":\"M1-03 模拟生成传感器数据\"}]}', 0, NULL, '2026-06-29 00:13:33', 49, 'admin', '2026-06-29 00:13:33', NULL, '2026-06-29 00:13:33', 0, NULL);
INSERT INTO `sys_oper_log` VALUES (24, '智能矿山-传感器数据', '查询最新数据', 'cn.sxu.enterprise.module.mine.controller.MineSensorDataController.latest()', 'GET', 'WEB', 'admin', NULL, '/api/mine/sensor-data/latest', '0:0:0:0:0:0:0:1', '本地开发环境', '[{\"pageNo\":1,\"pageSize\":10,\"sensorId\":null,\"sensorCode\":null,\"sensorName\":null,\"sensorType\":null,\"areaName\":null,\"alarmFlag\":null,\"status\":null}]', '{\"code\":0,\"msg\":\"success\",\"data\":[{\"id\":14,\"sensorId\":1,\"sensorCode\":\"SEN-GAS-001\",\"sensorName\":\"一采区瓦斯传感器一号\",\"sensorType\":\"GAS\",\"deviceId\":1,\"areaName\":\"一采区\",\"location\":\"一采区回风巷\",\"dataValue\":0.6967,\"unit\":\"%\",\"alarmThreshold\":1.0000,\"alarmFlag\":0,\"collectTime\":\"2026-06-29T00:13:32\",\"status\":0,\"createTime\":\"2026-06-29T00:13:33\",\"remark\":\"M1-03 模拟生成传感器数据\"},{\"id\":9,\"sensorId\":3,\"sensorCode\":\"SEN-VIB-001\",\"sensorName\":\"主运输皮带振动传感器一号\",\"sensorType\":\"VIBRATION\",\"deviceId\":3,\"areaName\":\"主运输巷\",\"location\":\"主运输皮带机头\",\"dataValue\":6.0519,\"unit\":\"mm/s\",\"alarmThreshold\":8.0000,\"alarmFlag\":0,\"collectTime\":\"2026-06-29T00:12:56\",\"status\":0,\"createTime\":\"2026-06-29T00:12:57\",\"remark\":\"M1-03 模拟生成传感器数据\"},{\"id\":6,\"sensorId\":2,\"sensorCode\":\"SEN-TEMP-001\",\"sensorName\":\"中央泵房温度传感器一号\",\"sensorType\":\"TEMPERATURE\",\"deviceId\":2,\"areaName\":\"中央泵房\",\"location\":\"中央泵房一号水泵旁\",\"dataValue\":50.5579,\"unit\":\"℃\",\"alarmThreshold\":60.0000,\"alarmFlag\":0,\"collectTime\":\"2026-06-29T00:12:56\",\"status\":0,\"createTime\":\"2026-06-29T00:12:57\",\"remark\":\"M1-03 模拟生成传感器数据\"}]}', 0, NULL, '2026-06-29 00:14:01', 11, 'admin', '2026-06-29 00:14:01', NULL, '2026-06-29 00:14:00', 0, NULL);
INSERT INTO `sys_oper_log` VALUES (25, '智能矿山-传感器数据', '查询最新数据', 'cn.sxu.enterprise.module.mine.controller.MineSensorDataController.latest()', 'GET', 'WEB', 'admin', NULL, '/api/mine/sensor-data/latest', '0:0:0:0:0:0:0:1', '本地开发环境', '[{\"pageNo\":1,\"pageSize\":10,\"sensorId\":null,\"sensorCode\":null,\"sensorName\":null,\"sensorType\":\"GAS\",\"areaName\":null,\"alarmFlag\":null,\"status\":null}]', '{\"code\":0,\"msg\":\"success\",\"data\":[{\"id\":14,\"sensorId\":1,\"sensorCode\":\"SEN-GAS-001\",\"sensorName\":\"一采区瓦斯传感器一号\",\"sensorType\":\"GAS\",\"deviceId\":1,\"areaName\":\"一采区\",\"location\":\"一采区回风巷\",\"dataValue\":0.6967,\"unit\":\"%\",\"alarmThreshold\":1.0000,\"alarmFlag\":0,\"collectTime\":\"2026-06-29T00:13:32\",\"status\":0,\"createTime\":\"2026-06-29T00:13:33\",\"remark\":\"M1-03 模拟生成传感器数据\"}]}', 0, NULL, '2026-06-29 00:14:19', 12, 'admin', '2026-06-29 00:14:19', NULL, '2026-06-29 00:14:18', 0, NULL);
INSERT INTO `sys_oper_log` VALUES (26, '智能矿山-传感器数据', '分页查询', 'cn.sxu.enterprise.module.mine.controller.MineSensorDataController.page()', 'GET', 'WEB', 'admin', NULL, '/api/mine/sensor-data/page', '0:0:0:0:0:0:0:1', '本地开发环境', '[{\"pageNo\":1,\"pageSize\":10,\"sensorId\":null,\"sensorCode\":null,\"sensorName\":null,\"sensorType\":null,\"areaName\":null,\"alarmFlag\":null,\"status\":null}]', '{\"code\":0,\"msg\":\"success\",\"data\":{\"pageNo\":1,\"pageSize\":10,\"total\":14,\"pages\":2,\"records\":[{\"id\":14,\"sensorId\":1,\"sensorCode\":\"SEN-GAS-001\",\"sensorName\":\"一采区瓦斯传感器一号\",\"sensorType\":\"GAS\",\"deviceId\":1,\"areaName\":\"一采区\",\"location\":\"一采区回风巷\",\"dataValue\":0.6967,\"unit\":\"%\",\"alarmThreshold\":1.0000,\"alarmFlag\":0,\"collectTime\":\"2026-06-29T00:13:32\",\"status\":0,\"createTime\":\"2026-06-29T00:13:33\",\"remark\":\"M1-03 模拟生成传感器数据\"},{\"id\":13,\"sensorId\":1,\"sensorCode\":\"SEN-GAS-001\",\"sensorName\":\"一采区瓦斯传感器一号\",\"sensorType\":\"GAS\",\"deviceId\":1,\"areaName\":\"一采区\",\"location\":\"一采区回风巷\",\"dataValue\":0.3578,\"unit\":\"%\",\"alarmThreshold\":1.0000,\"alarmFlag\":0,\"collectTime\":\"2026-06-29T00:13:31\",\"status\":0,\"createTime\":\"2026-06-29T00:13:33\",\"remark\":\"M1-03 模拟生成传感器数据\"},{\"id\":12,\"sensorId\":1,\"sensorCode\":\"SEN-GAS-001\",\"sensorName\":\"一采区瓦斯传感器一号\",\"sensorType\":\"GAS\",\"deviceId\":1,\"areaName\":\"一采区\",\"location\":\"一采区回风巷\",\"dataValue\":0.1069,\"unit\":\"%\",\"alarmThreshold\":1.0000,\"alarmFlag\":0,\"collectTime\":\"2026-06-29T00:13:30\",\"status\":0,\"createTime\":\"2026-06-29T00:13:33\",\"remark\":\"M1-03 模拟生成传感器数据\"},{\"id\":11,\"sensorId\":1,\"sensorCode\":\"SEN-GAS-001\",\"sensorName\":\"一采区瓦斯传感器一号\",\"sensorType\":\"GAS\",\"deviceId\":1,\"areaName\":\"一采区\",\"location\":\"一采区回风巷\",\"dataValue\":0.7466,\"unit\":\"%\",\"alarmThreshold\":1.0000,\"alarmFlag\":0,\"collectTime\":\"2026-06-29T00:13:29\",\"status\":0,\"createTime\":\"2026-06-29T00:13:33\",\"remark\":\"M1-03 模拟生成传感器数据\"},{\"id\":10,\"sensorId\":1,\"sensorCode\":\"SEN-GAS-001\",\"sensorName\":\"一采区瓦斯传感器一号\",\"sensorType\":\"GAS\",\"deviceId\":1,\"areaName\":\"一采区\",\"location\":\"一采区回风巷\",\"dataValue\":0.8909,\"unit\":\"%\",\"alarmThreshold\":1.0000,\"alarmFlag\":0,\"collectTime\":\"2026-06-29T00:13:28\",\"status\":0,\"createTime\":\"2026-06-29T00:13:33\",\"remark\":\"M1-03 模拟生成传感器数据\"},{\"id\":9,\"sensorId\":3,\"sensorCode\":\"SEN-VIB-001\",\"sensorName\":\"主运输皮带振动传感器一号\",\"sensorType\":\"VIBRATION\",\"deviceId\":3,\"areaName\":\"主运输巷\",\"location\":\"主运输皮带机头\",\"dataValue\":6.0519,\"unit\":\"mm/s\",\"alarmThreshold\":8.0000,\"alarmFlag\":0,\"collectTime\":\"2026-06-29T00:12:56\",\"status\":0,\"createTime\":\"2026-06-29T00:', 0, NULL, '2026-06-29 00:14:30', 84, 'admin', '2026-06-29 00:14:30', NULL, '2026-06-29 00:14:29', 0, NULL);
INSERT INTO `sys_oper_log` VALUES (27, '智能矿山-传感器数据', '分页查询', 'cn.sxu.enterprise.module.mine.controller.MineSensorDataController.page()', 'GET', 'WEB', 'admin', NULL, '/api/mine/sensor-data/page', '0:0:0:0:0:0:0:1', '本地开发环境', '[{\"pageNo\":1,\"pageSize\":10,\"sensorId\":null,\"sensorCode\":null,\"sensorName\":null,\"sensorType\":null,\"areaName\":null,\"alarmFlag\":1,\"status\":null}]', '{\"code\":0,\"msg\":\"success\",\"data\":{\"pageNo\":1,\"pageSize\":10,\"total\":0,\"pages\":0,\"records\":[]}}', 0, NULL, '2026-06-29 00:14:40', 17, 'admin', '2026-06-29 00:14:40', NULL, '2026-06-29 00:14:39', 0, NULL);
INSERT INTO `sys_oper_log` VALUES (28, '操作日志', '分页查询', 'cn.sxu.enterprise.module.system.controller.SysOperLogController.pageOperLogs()', 'GET', 'WEB', 'admin', NULL, '/api/system/oper-logs/page', '0:0:0:0:0:0:0:1', '本地开发环境', '[{\"pageNo\":1,\"pageSize\":10,\"title\":\"智能矿山-传感器数据\",\"businessType\":null,\"operName\":null,\"status\":null}]', '{\"code\":0,\"msg\":\"success\",\"data\":{\"pageNo\":1,\"pageSize\":10,\"total\":6,\"pages\":1,\"records\":[{\"id\":27,\"title\":\"智能矿山-传感器数据\",\"businessType\":\"分页查询\",\"method\":\"cn.sxu.enterprise.module.mine.controller.MineSensorDataController.page()\",\"requestMethod\":\"GET\",\"operatorType\":\"WEB\",\"operName\":\"admin\",\"operUrl\":\"/api/mine/sensor-data/page\",\"operIp\":\"0:0:0:0:0:0:0:1\",\"status\":0,\"errorMsg\":null,\"operTime\":\"2026-06-29T00:14:40\",\"costTime\":17},{\"id\":26,\"title\":\"智能矿山-传感器数据\",\"businessType\":\"分页查询\",\"method\":\"cn.sxu.enterprise.module.mine.controller.MineSensorDataController.page()\",\"requestMethod\":\"GET\",\"operatorType\":\"WEB\",\"operName\":\"admin\",\"operUrl\":\"/api/mine/sensor-data/page\",\"operIp\":\"0:0:0:0:0:0:0:1\",\"status\":0,\"errorMsg\":null,\"operTime\":\"2026-06-29T00:14:30\",\"costTime\":84},{\"id\":25,\"title\":\"智能矿山-传感器数据\",\"businessType\":\"查询最新数据\",\"method\":\"cn.sxu.enterprise.module.mine.controller.MineSensorDataController.latest()\",\"requestMethod\":\"GET\",\"operatorType\":\"WEB\",\"operName\":\"admin\",\"operUrl\":\"/api/mine/sensor-data/latest\",\"operIp\":\"0:0:0:0:0:0:0:1\",\"status\":0,\"errorMsg\":null,\"operTime\":\"2026-06-29T00:14:19\",\"costTime\":12},{\"id\":24,\"title\":\"智能矿山-传感器数据\",\"businessType\":\"查询最新数据\",\"method\":\"cn.sxu.enterprise.module.mine.controller.MineSensorDataController.latest()\",\"requestMethod\":\"GET\",\"operatorType\":\"WEB\",\"operName\":\"admin\",\"operUrl\":\"/api/mine/sensor-data/latest\",\"operIp\":\"0:0:0:0:0:0:0:1\",\"status\":0,\"errorMsg\":null,\"operTime\":\"2026-06-29T00:14:01\",\"costTime\":11},{\"id\":23,\"title\":\"智能矿山-传感器数据\",\"businessType\":\"模拟生成\",\"method\":\"cn.sxu.enterprise.module.mine.controller.MineSensorDataController.simulate()\",\"requestMethod\":\"POST\",\"operatorType\":\"WEB\",\"operName\":\"admin\",\"operUrl\":\"/api/mine/sensor-data/simulate\",\"operIp\":\"0:0:0:0:0:0:0:1\",\"status\":0,\"errorMsg\":null,\"operTime\":\"2026-06-29T00:13:33\",\"costTime\":49},{\"id\":22,\"title\":\"智能矿山-传感器数据\",\"businessType\":\"模拟生成\",\"method\":\"cn.sxu.enterprise.module.mine.controller.MineSensorDataController.simulate()\",\"requestMethod\":\"POST\",\"operatorType\":\"WEB\",\"operName\"', 0, NULL, '2026-06-29 00:14:56', 17, 'admin', '2026-06-29 00:14:56', NULL, '2026-06-29 00:14:56', 0, NULL);
INSERT INTO `sys_oper_log` VALUES (29, '智能矿山-告警规则', '分页查询', 'cn.sxu.enterprise.module.mine.controller.MineAlarmRuleController.page()', 'GET', 'WEB', 'admin', NULL, '/api/mine/alarm-rules/page', '0:0:0:0:0:0:0:1', '本地开发环境', '[{\"pageNo\":1,\"pageSize\":10,\"ruleCode\":null,\"ruleName\":null,\"sensorType\":null,\"alarmLevel\":null,\"status\":null}]', '{\"code\":0,\"msg\":\"success\",\"data\":{\"pageNo\":1,\"pageSize\":10,\"total\":3,\"pages\":1,\"records\":[{\"id\":1,\"ruleCode\":\"ALM-RULE-GAS-001\",\"ruleName\":\"瓦斯浓度超限告警\",\"sensorType\":\"GAS\",\"compareOperator\":\"GE\",\"thresholdValue\":1.0000,\"alarmLevel\":3,\"alarmTitle\":\"瓦斯浓度超限\",\"alarmContent\":\"瓦斯传感器采集值达到或超过阈值，存在安全风险。\",\"status\":0,\"createTime\":\"2026-06-29T10:10:36\",\"remark\":\"M1-04 初始化告警规则\"},{\"id\":2,\"ruleCode\":\"ALM-RULE-TEMP-001\",\"ruleName\":\"温度过高告警\",\"sensorType\":\"TEMPERATURE\",\"compareOperator\":\"GE\",\"thresholdValue\":40.0000,\"alarmLevel\":2,\"alarmTitle\":\"温度过高\",\"alarmContent\":\"温度传感器采集值达到或超过阈值，请关注设备运行状态。\",\"status\":0,\"createTime\":\"2026-06-29T10:10:36\",\"remark\":\"M1-04 初始化告警规则\"},{\"id\":3,\"ruleCode\":\"ALM-RULE-VIB-001\",\"ruleName\":\"振动过高告警\",\"sensorType\":\"VIBRATION\",\"compareOperator\":\"GE\",\"thresholdValue\":8.0000,\"alarmLevel\":2,\"alarmTitle\":\"设备振动过高\",\"alarmContent\":\"振动传感器采集值达到或超过阈值，设备可能存在异常。\",\"status\":0,\"createTime\":\"2026-06-29T10:10:36\",\"remark\":\"M1-04 初始化告警规则\"}]}}', 0, NULL, '2026-06-29 10:17:48', 104, 'admin', '2026-06-29 10:17:48', NULL, '2026-06-29 10:17:48', 0, NULL);
INSERT INTO `sys_oper_log` VALUES (30, '智能矿山-传感器数据', '模拟生成', 'cn.sxu.enterprise.module.mine.controller.MineSensorDataController.simulate()', 'POST', 'WEB', 'admin', NULL, '/api/mine/sensor-data/simulate', '0:0:0:0:0:0:0:1', '本地开发环境', '[{\"sensorId\":null,\"sensorType\":null,\"count\":10}]', '{\"code\":0,\"msg\":\"success\",\"data\":[{\"id\":15,\"sensorId\":1,\"sensorCode\":\"SEN-GAS-001\",\"sensorName\":\"一采区瓦斯传感器一号\",\"sensorType\":\"GAS\",\"deviceId\":1,\"areaName\":\"一采区\",\"location\":\"一采区回风巷\",\"dataValue\":0.1152,\"unit\":\"%\",\"alarmThreshold\":1.0000,\"alarmFlag\":0,\"collectTime\":\"2026-06-29T10:19:43.0690717\",\"status\":0,\"createTime\":\"2026-06-29T10:19:53.0690717\",\"remark\":\"M1-03 模拟生成传感器数据\"},{\"id\":16,\"sensorId\":1,\"sensorCode\":\"SEN-GAS-001\",\"sensorName\":\"一采区瓦斯传感器一号\",\"sensorType\":\"GAS\",\"deviceId\":1,\"areaName\":\"一采区\",\"location\":\"一采区回风巷\",\"dataValue\":0.7871,\"unit\":\"%\",\"alarmThreshold\":1.0000,\"alarmFlag\":0,\"collectTime\":\"2026-06-29T10:19:44.0690717\",\"status\":0,\"createTime\":\"2026-06-29T10:19:53.0855664\",\"remark\":\"M1-03 模拟生成传感器数据\"},{\"id\":17,\"sensorId\":1,\"sensorCode\":\"SEN-GAS-001\",\"sensorName\":\"一采区瓦斯传感器一号\",\"sensorType\":\"GAS\",\"deviceId\":1,\"areaName\":\"一采区\",\"location\":\"一采区回风巷\",\"dataValue\":0.0374,\"unit\":\"%\",\"alarmThreshold\":1.0000,\"alarmFlag\":0,\"collectTime\":\"2026-06-29T10:19:45.0690717\",\"status\":0,\"createTime\":\"2026-06-29T10:19:53.0950803\",\"remark\":\"M1-03 模拟生成传感器数据\"},{\"id\":18,\"sensorId\":1,\"sensorCode\":\"SEN-GAS-001\",\"sensorName\":\"一采区瓦斯传感器一号\",\"sensorType\":\"GAS\",\"deviceId\":1,\"areaName\":\"一采区\",\"location\":\"一采区回风巷\",\"dataValue\":0.5432,\"unit\":\"%\",\"alarmThreshold\":1.0000,\"alarmFlag\":0,\"collectTime\":\"2026-06-29T10:19:46.0690717\",\"status\":0,\"createTime\":\"2026-06-29T10:19:53.1056567\",\"remark\":\"M1-03 模拟生成传感器数据\"},{\"id\":19,\"sensorId\":1,\"sensorCode\":\"SEN-GAS-001\",\"sensorName\":\"一采区瓦斯传感器一号\",\"sensorType\":\"GAS\",\"deviceId\":1,\"areaName\":\"一采区\",\"location\":\"一采区回风巷\",\"dataValue\":0.9152,\"unit\":\"%\",\"alarmThreshold\":1.0000,\"alarmFlag\":0,\"collectTime\":\"2026-06-29T10:19:47.0690717\",\"status\":0,\"createTime\":\"2026-06-29T10:19:53.1150107\",\"remark\":\"M1-03 模拟生成传感器数据\"},{\"id\":20,\"sensorId\":1,\"sensorCode\":\"SEN-GAS-001\",\"sensorName\":\"一采区瓦斯传感器一号\",\"sensorType\":\"GAS\",\"deviceId\":1,\"areaName\":\"一采区\",\"location\":\"一采区回风巷\",\"dataValue\":0.6197,\"unit\":\"%\",\"alarmThreshold\":1.0000,\"alarmFlag\":0,\"collectTime\":\"2026-06-29T10:19:48.0690717\",\"status\":0,\"createTi', 0, NULL, '2026-06-29 10:19:53', 313, 'admin', '2026-06-29 10:19:53', NULL, '2026-06-29 10:19:53', 0, NULL);
INSERT INTO `sys_oper_log` VALUES (31, '智能矿山-告警事件', '生成告警事件', 'cn.sxu.enterprise.module.mine.controller.MineAlarmEventController.generate()', 'POST', 'WEB', 'admin', NULL, '/api/mine/alarm-events/generate', '0:0:0:0:0:0:0:1', '本地开发环境', '[{\"sensorDataId\":null,\"sensorType\":null,\"limit\":100}]', '{\"code\":0,\"msg\":\"success\",\"data\":[{\"id\":1,\"eventCode\":\"ALM-D32-R2\",\"ruleId\":2,\"ruleCode\":\"ALM-RULE-TEMP-001\",\"ruleName\":\"温度过高告警\",\"sensorDataId\":32,\"sensorId\":2,\"sensorCode\":\"SEN-TEMP-001\",\"sensorName\":\"中央泵房温度传感器一号\",\"sensorType\":\"TEMPERATURE\",\"deviceId\":2,\"areaName\":\"中央泵房\",\"location\":\"中央泵房一号水泵旁\",\"dataValue\":58.3165,\"thresholdValue\":40.0000,\"compareOperator\":\"GE\",\"alarmLevel\":2,\"alarmTitle\":\"温度过高\",\"alarmContent\":\"中央泵房温度传感器一号 采集值 58.3165℃ 触发规则【温度过高告警】，规则阈值为 40.0000℃。\",\"alarmTime\":\"2026-06-29T10:19:50\",\"handleStatus\":0,\"status\":0,\"createTime\":\"2026-06-29T10:27:57.413272\",\"remark\":\"M1-04 根据传感器数据自动生成告警事件\"},{\"id\":2,\"eventCode\":\"ALM-D25-R2\",\"ruleId\":2,\"ruleCode\":\"ALM-RULE-TEMP-001\",\"ruleName\":\"温度过高告警\",\"sensorDataId\":25,\"sensorId\":2,\"sensorCode\":\"SEN-TEMP-001\",\"sensorName\":\"中央泵房温度传感器一号\",\"sensorType\":\"TEMPERATURE\",\"deviceId\":2,\"areaName\":\"中央泵房\",\"location\":\"中央泵房一号水泵旁\",\"dataValue\":54.7431,\"thresholdValue\":40.0000,\"compareOperator\":\"GE\",\"alarmLevel\":2,\"alarmTitle\":\"温度过高\",\"alarmContent\":\"中央泵房温度传感器一号 采集值 54.7431℃ 触发规则【温度过高告警】，规则阈值为 40.0000℃。\",\"alarmTime\":\"2026-06-29T10:19:43\",\"handleStatus\":0,\"status\":0,\"createTime\":\"2026-06-29T10:27:57.419515\",\"remark\":\"M1-04 根据传感器数据自动生成告警事件\"},{\"id\":3,\"eventCode\":\"ALM-D6-R2\",\"ruleId\":2,\"ruleCode\":\"ALM-RULE-TEMP-001\",\"ruleName\":\"温度过高告警\",\"sensorDataId\":6,\"sensorId\":2,\"sensorCode\":\"SEN-TEMP-001\",\"sensorName\":\"中央泵房温度传感器一号\",\"sensorType\":\"TEMPERATURE\",\"deviceId\":2,\"areaName\":\"中央泵房\",\"location\":\"中央泵房一号水泵旁\",\"dataValue\":50.5579,\"thresholdValue\":40.0000,\"compareOperator\":\"GE\",\"alarmLevel\":2,\"alarmTitle\":\"温度过高\",\"alarmContent\":\"中央泵房温度传感器一号 采集值 50.5579℃ 触发规则【温度过高告警】，规则阈值为 40.0000℃。\",\"alarmTime\":\"2026-06-29T00:12:56\",\"handleStatus\":0,\"status\":0,\"createTime\":\"2026-06-29T10:27:57.4221249\",\"remark\":\"M1-04 根据传感器数据自动生成告警事件\"}]}', 0, NULL, '2026-06-29 10:27:57', 65, 'admin', '2026-06-29 10:27:57', NULL, '2026-06-29 10:27:57', 0, NULL);
INSERT INTO `sys_oper_log` VALUES (32, '智能矿山-告警事件', '生成告警事件', 'cn.sxu.enterprise.module.mine.controller.MineAlarmEventController.generate()', 'POST', 'WEB', 'admin', NULL, '/api/mine/alarm-events/generate', '0:0:0:0:0:0:0:1', '本地开发环境', '[{\"sensorDataId\":null,\"sensorType\":\"GAS\",\"limit\":100}]', '{\"code\":0,\"msg\":\"success\",\"data\":[]}', 0, NULL, '2026-06-29 10:28:56', 15, 'admin', '2026-06-29 10:28:56', NULL, '2026-06-29 10:28:56', 0, NULL);
INSERT INTO `sys_oper_log` VALUES (33, '智能矿山-告警事件', '分页查询', 'cn.sxu.enterprise.module.mine.controller.MineAlarmEventController.page()', 'GET', 'WEB', 'admin', NULL, '/api/mine/alarm-events/page', '0:0:0:0:0:0:0:1', '本地开发环境', '[{\"pageNo\":1,\"pageSize\":10,\"eventCode\":null,\"ruleCode\":null,\"sensorCode\":null,\"sensorName\":null,\"sensorType\":null,\"areaName\":null,\"alarmLevel\":null,\"handleStatus\":null,\"status\":null}]', '{\"code\":0,\"msg\":\"success\",\"data\":{\"pageNo\":1,\"pageSize\":10,\"total\":3,\"pages\":1,\"records\":[{\"id\":1,\"eventCode\":\"ALM-D32-R2\",\"ruleId\":2,\"ruleCode\":\"ALM-RULE-TEMP-001\",\"ruleName\":\"温度过高告警\",\"sensorDataId\":32,\"sensorId\":2,\"sensorCode\":\"SEN-TEMP-001\",\"sensorName\":\"中央泵房温度传感器一号\",\"sensorType\":\"TEMPERATURE\",\"deviceId\":2,\"areaName\":\"中央泵房\",\"location\":\"中央泵房一号水泵旁\",\"dataValue\":58.3165,\"thresholdValue\":40.0000,\"compareOperator\":\"GE\",\"alarmLevel\":2,\"alarmTitle\":\"温度过高\",\"alarmContent\":\"中央泵房温度传感器一号 采集值 58.3165℃ 触发规则【温度过高告警】，规则阈值为 40.0000℃。\",\"alarmTime\":\"2026-06-29T10:19:50\",\"handleStatus\":0,\"status\":0,\"createTime\":\"2026-06-29T10:27:57\",\"remark\":\"M1-04 根据传感器数据自动生成告警事件\"},{\"id\":2,\"eventCode\":\"ALM-D25-R2\",\"ruleId\":2,\"ruleCode\":\"ALM-RULE-TEMP-001\",\"ruleName\":\"温度过高告警\",\"sensorDataId\":25,\"sensorId\":2,\"sensorCode\":\"SEN-TEMP-001\",\"sensorName\":\"中央泵房温度传感器一号\",\"sensorType\":\"TEMPERATURE\",\"deviceId\":2,\"areaName\":\"中央泵房\",\"location\":\"中央泵房一号水泵旁\",\"dataValue\":54.7431,\"thresholdValue\":40.0000,\"compareOperator\":\"GE\",\"alarmLevel\":2,\"alarmTitle\":\"温度过高\",\"alarmContent\":\"中央泵房温度传感器一号 采集值 54.7431℃ 触发规则【温度过高告警】，规则阈值为 40.0000℃。\",\"alarmTime\":\"2026-06-29T10:19:43\",\"handleStatus\":0,\"status\":0,\"createTime\":\"2026-06-29T10:27:57\",\"remark\":\"M1-04 根据传感器数据自动生成告警事件\"},{\"id\":3,\"eventCode\":\"ALM-D6-R2\",\"ruleId\":2,\"ruleCode\":\"ALM-RULE-TEMP-001\",\"ruleName\":\"温度过高告警\",\"sensorDataId\":6,\"sensorId\":2,\"sensorCode\":\"SEN-TEMP-001\",\"sensorName\":\"中央泵房温度传感器一号\",\"sensorType\":\"TEMPERATURE\",\"deviceId\":2,\"areaName\":\"中央泵房\",\"location\":\"中央泵房一号水泵旁\",\"dataValue\":50.5579,\"thresholdValue\":40.0000,\"compareOperator\":\"GE\",\"alarmLevel\":2,\"alarmTitle\":\"温度过高\",\"alarmContent\":\"中央泵房温度传感器一号 采集值 50.5579℃ 触发规则【温度过高告警】，规则阈值为 40.0000℃。\",\"alarmTime\":\"2026-06-29T00:12:56\",\"handleStatus\":0,\"status\":0,\"createTime\":\"2026-06-29T10:27:57\",\"remark\":\"M1-04 根据传感器数据自动生成告警事件\"}]}}', 0, NULL, '2026-06-29 10:29:25', 16, 'admin', '2026-06-29 10:29:25', NULL, '2026-06-29 10:29:24', 0, NULL);
INSERT INTO `sys_oper_log` VALUES (34, '操作日志', '分页查询', 'cn.sxu.enterprise.module.system.controller.SysOperLogController.pageOperLogs()', 'GET', 'WEB', 'admin', NULL, '/api/system/oper-logs/page', '0:0:0:0:0:0:0:1', '本地开发环境', '[{\"pageNo\":1,\"pageSize\":10,\"title\":\"智能矿山-告警事件\",\"businessType\":null,\"operName\":null,\"status\":null}]', '{\"code\":0,\"msg\":\"success\",\"data\":{\"pageNo\":1,\"pageSize\":10,\"total\":3,\"pages\":1,\"records\":[{\"id\":33,\"title\":\"智能矿山-告警事件\",\"businessType\":\"分页查询\",\"method\":\"cn.sxu.enterprise.module.mine.controller.MineAlarmEventController.page()\",\"requestMethod\":\"GET\",\"operatorType\":\"WEB\",\"operName\":\"admin\",\"operUrl\":\"/api/mine/alarm-events/page\",\"operIp\":\"0:0:0:0:0:0:0:1\",\"status\":0,\"errorMsg\":null,\"operTime\":\"2026-06-29T10:29:25\",\"costTime\":16},{\"id\":32,\"title\":\"智能矿山-告警事件\",\"businessType\":\"生成告警事件\",\"method\":\"cn.sxu.enterprise.module.mine.controller.MineAlarmEventController.generate()\",\"requestMethod\":\"POST\",\"operatorType\":\"WEB\",\"operName\":\"admin\",\"operUrl\":\"/api/mine/alarm-events/generate\",\"operIp\":\"0:0:0:0:0:0:0:1\",\"status\":0,\"errorMsg\":null,\"operTime\":\"2026-06-29T10:28:56\",\"costTime\":15},{\"id\":31,\"title\":\"智能矿山-告警事件\",\"businessType\":\"生成告警事件\",\"method\":\"cn.sxu.enterprise.module.mine.controller.MineAlarmEventController.generate()\",\"requestMethod\":\"POST\",\"operatorType\":\"WEB\",\"operName\":\"admin\",\"operUrl\":\"/api/mine/alarm-events/generate\",\"operIp\":\"0:0:0:0:0:0:0:1\",\"status\":0,\"errorMsg\":null,\"operTime\":\"2026-06-29T10:27:57\",\"costTime\":65}]}}', 0, NULL, '2026-06-29 10:30:18', 27, 'admin', '2026-06-29 10:30:18', NULL, '2026-06-29 10:30:17', 0, NULL);
INSERT INTO `sys_oper_log` VALUES (35, '操作日志', '分页查询', 'cn.sxu.enterprise.module.system.controller.SysOperLogController.pageOperLogs()', 'GET', 'WEB', 'admin', NULL, '/api/system/oper-logs/page', '0:0:0:0:0:0:0:1', '本地开发环境', '[{\"pageNo\":1,\"pageSize\":10,\"title\":\"智能矿山-告警规则\",\"businessType\":null,\"operName\":null,\"status\":null}]', '{\"code\":0,\"msg\":\"success\",\"data\":{\"pageNo\":1,\"pageSize\":10,\"total\":1,\"pages\":1,\"records\":[{\"id\":29,\"title\":\"智能矿山-告警规则\",\"businessType\":\"分页查询\",\"method\":\"cn.sxu.enterprise.module.mine.controller.MineAlarmRuleController.page()\",\"requestMethod\":\"GET\",\"operatorType\":\"WEB\",\"operName\":\"admin\",\"operUrl\":\"/api/mine/alarm-rules/page\",\"operIp\":\"0:0:0:0:0:0:0:1\",\"status\":0,\"errorMsg\":null,\"operTime\":\"2026-06-29T10:17:48\",\"costTime\":104}]}}', 0, NULL, '2026-06-29 10:30:54', 8, 'admin', '2026-06-29 10:30:54', NULL, '2026-06-29 10:30:53', 0, NULL);
INSERT INTO `sys_oper_log` VALUES (36, '操作日志', '分页查询', 'cn.sxu.enterprise.module.system.controller.SysOperLogController.pageOperLogs()', 'GET', 'WEB', 'admin', NULL, '/api/system/oper-logs/page', '0:0:0:0:0:0:0:1', '本地开发环境', '[{\"pageNo\":1,\"pageSize\":10,\"title\":\"智能矿山-工单\",\"businessType\":null,\"operName\":null,\"status\":null}]', '{\"code\":0,\"msg\":\"success\",\"data\":{\"pageNo\":1,\"pageSize\":10,\"total\":0,\"pages\":0,\"records\":[]}}', 0, NULL, '2026-06-29 11:56:44', 168, 'admin', '2026-06-29 11:56:44', NULL, '2026-06-29 11:56:44', 0, NULL);
INSERT INTO `sys_oper_log` VALUES (37, '智能矿山-告警事件', '分页查询', 'cn.sxu.enterprise.module.mine.controller.MineAlarmEventController.page()', 'GET', 'WEB', 'admin', NULL, '/api/mine/alarm-events/page', '0:0:0:0:0:0:0:1', '本地开发环境', '[{\"pageNo\":1,\"pageSize\":10,\"eventCode\":null,\"ruleCode\":null,\"sensorCode\":null,\"sensorName\":null,\"sensorType\":null,\"areaName\":null,\"alarmLevel\":null,\"handleStatus\":null,\"status\":null}]', '{\"code\":0,\"msg\":\"success\",\"data\":{\"pageNo\":1,\"pageSize\":10,\"total\":3,\"pages\":1,\"records\":[{\"id\":1,\"eventCode\":\"ALM-D32-R2\",\"ruleId\":2,\"ruleCode\":\"ALM-RULE-TEMP-001\",\"ruleName\":\"温度过高告警\",\"sensorDataId\":32,\"sensorId\":2,\"sensorCode\":\"SEN-TEMP-001\",\"sensorName\":\"中央泵房温度传感器一号\",\"sensorType\":\"TEMPERATURE\",\"deviceId\":2,\"areaName\":\"中央泵房\",\"location\":\"中央泵房一号水泵旁\",\"dataValue\":58.3165,\"thresholdValue\":40.0000,\"compareOperator\":\"GE\",\"alarmLevel\":2,\"alarmTitle\":\"温度过高\",\"alarmContent\":\"中央泵房温度传感器一号 采集值 58.3165℃ 触发规则【温度过高告警】，规则阈值为 40.0000℃。\",\"alarmTime\":\"2026-06-29T10:19:50\",\"handleStatus\":0,\"status\":0,\"createTime\":\"2026-06-29T10:27:57\",\"remark\":\"M1-04 根据传感器数据自动生成告警事件\"},{\"id\":2,\"eventCode\":\"ALM-D25-R2\",\"ruleId\":2,\"ruleCode\":\"ALM-RULE-TEMP-001\",\"ruleName\":\"温度过高告警\",\"sensorDataId\":25,\"sensorId\":2,\"sensorCode\":\"SEN-TEMP-001\",\"sensorName\":\"中央泵房温度传感器一号\",\"sensorType\":\"TEMPERATURE\",\"deviceId\":2,\"areaName\":\"中央泵房\",\"location\":\"中央泵房一号水泵旁\",\"dataValue\":54.7431,\"thresholdValue\":40.0000,\"compareOperator\":\"GE\",\"alarmLevel\":2,\"alarmTitle\":\"温度过高\",\"alarmContent\":\"中央泵房温度传感器一号 采集值 54.7431℃ 触发规则【温度过高告警】，规则阈值为 40.0000℃。\",\"alarmTime\":\"2026-06-29T10:19:43\",\"handleStatus\":0,\"status\":0,\"createTime\":\"2026-06-29T10:27:57\",\"remark\":\"M1-04 根据传感器数据自动生成告警事件\"},{\"id\":3,\"eventCode\":\"ALM-D6-R2\",\"ruleId\":2,\"ruleCode\":\"ALM-RULE-TEMP-001\",\"ruleName\":\"温度过高告警\",\"sensorDataId\":6,\"sensorId\":2,\"sensorCode\":\"SEN-TEMP-001\",\"sensorName\":\"中央泵房温度传感器一号\",\"sensorType\":\"TEMPERATURE\",\"deviceId\":2,\"areaName\":\"中央泵房\",\"location\":\"中央泵房一号水泵旁\",\"dataValue\":50.5579,\"thresholdValue\":40.0000,\"compareOperator\":\"GE\",\"alarmLevel\":2,\"alarmTitle\":\"温度过高\",\"alarmContent\":\"中央泵房温度传感器一号 采集值 50.5579℃ 触发规则【温度过高告警】，规则阈值为 40.0000℃。\",\"alarmTime\":\"2026-06-29T00:12:56\",\"handleStatus\":0,\"status\":0,\"createTime\":\"2026-06-29T10:27:57\",\"remark\":\"M1-04 根据传感器数据自动生成告警事件\"}]}}', 0, NULL, '2026-06-29 11:57:03', 26, 'admin', '2026-06-29 11:57:03', NULL, '2026-06-29 11:57:02', 0, NULL);
INSERT INTO `sys_oper_log` VALUES (38, '操作日志', '分页查询', 'cn.sxu.enterprise.module.system.controller.SysOperLogController.pageOperLogs()', 'GET', 'WEB', 'admin', NULL, '/api/system/oper-logs/page', '0:0:0:0:0:0:0:1', '本地开发环境', '[{\"pageNo\":1,\"pageSize\":10,\"title\":\"智能矿山-工单\",\"businessType\":null,\"operName\":null,\"status\":null}]', '{\"code\":0,\"msg\":\"success\",\"data\":{\"pageNo\":1,\"pageSize\":10,\"total\":0,\"pages\":0,\"records\":[]}}', 0, NULL, '2026-06-29 11:57:38', 8, 'admin', '2026-06-29 11:57:38', NULL, '2026-06-29 11:57:37', 0, NULL);
INSERT INTO `sys_oper_log` VALUES (39, '智能矿山-传感器数据', '模拟生成', 'cn.sxu.enterprise.module.mine.controller.MineSensorDataController.simulate()', 'POST', 'WEB', 'admin', NULL, '/api/mine/sensor-data/simulate', '0:0:0:0:0:0:0:1', '本地开发环境', '[{\"sensorId\":null,\"sensorType\":null,\"count\":10}]', '{\"code\":0,\"msg\":\"success\",\"data\":[{\"id\":45,\"sensorId\":1,\"sensorCode\":\"SEN-GAS-001\",\"sensorName\":\"一采区瓦斯传感器一号\",\"sensorType\":\"GAS\",\"deviceId\":1,\"areaName\":\"一采区\",\"location\":\"一采区回风巷\",\"dataValue\":0.3886,\"unit\":\"%\",\"alarmThreshold\":1.0000,\"alarmFlag\":0,\"collectTime\":\"2026-06-29T11:57:52.4425148\",\"status\":0,\"createTime\":\"2026-06-29T11:58:02.4425148\",\"remark\":\"M1-03 模拟生成传感器数据\"},{\"id\":46,\"sensorId\":1,\"sensorCode\":\"SEN-GAS-001\",\"sensorName\":\"一采区瓦斯传感器一号\",\"sensorType\":\"GAS\",\"deviceId\":1,\"areaName\":\"一采区\",\"location\":\"一采区回风巷\",\"dataValue\":0.3307,\"unit\":\"%\",\"alarmThreshold\":1.0000,\"alarmFlag\":0,\"collectTime\":\"2026-06-29T11:57:53.4425148\",\"status\":0,\"createTime\":\"2026-06-29T11:58:02.45704\",\"remark\":\"M1-03 模拟生成传感器数据\"},{\"id\":47,\"sensorId\":1,\"sensorCode\":\"SEN-GAS-001\",\"sensorName\":\"一采区瓦斯传感器一号\",\"sensorType\":\"GAS\",\"deviceId\":1,\"areaName\":\"一采区\",\"location\":\"一采区回风巷\",\"dataValue\":0.8859,\"unit\":\"%\",\"alarmThreshold\":1.0000,\"alarmFlag\":0,\"collectTime\":\"2026-06-29T11:57:54.4425148\",\"status\":0,\"createTime\":\"2026-06-29T11:58:02.4655549\",\"remark\":\"M1-03 模拟生成传感器数据\"},{\"id\":48,\"sensorId\":1,\"sensorCode\":\"SEN-GAS-001\",\"sensorName\":\"一采区瓦斯传感器一号\",\"sensorType\":\"GAS\",\"deviceId\":1,\"areaName\":\"一采区\",\"location\":\"一采区回风巷\",\"dataValue\":0.3160,\"unit\":\"%\",\"alarmThreshold\":1.0000,\"alarmFlag\":0,\"collectTime\":\"2026-06-29T11:57:55.4425148\",\"status\":0,\"createTime\":\"2026-06-29T11:58:02.4730648\",\"remark\":\"M1-03 模拟生成传感器数据\"},{\"id\":49,\"sensorId\":1,\"sensorCode\":\"SEN-GAS-001\",\"sensorName\":\"一采区瓦斯传感器一号\",\"sensorType\":\"GAS\",\"deviceId\":1,\"areaName\":\"一采区\",\"location\":\"一采区回风巷\",\"dataValue\":0.7995,\"unit\":\"%\",\"alarmThreshold\":1.0000,\"alarmFlag\":0,\"collectTime\":\"2026-06-29T11:57:56.4425148\",\"status\":0,\"createTime\":\"2026-06-29T11:58:02.4810705\",\"remark\":\"M1-03 模拟生成传感器数据\"},{\"id\":50,\"sensorId\":1,\"sensorCode\":\"SEN-GAS-001\",\"sensorName\":\"一采区瓦斯传感器一号\",\"sensorType\":\"GAS\",\"deviceId\":1,\"areaName\":\"一采区\",\"location\":\"一采区回风巷\",\"dataValue\":0.9455,\"unit\":\"%\",\"alarmThreshold\":1.0000,\"alarmFlag\":0,\"collectTime\":\"2026-06-29T11:57:57.4425148\",\"status\":0,\"createTime', 0, NULL, '2026-06-29 11:58:03', 319, 'admin', '2026-06-29 11:58:03', NULL, '2026-06-29 11:58:02', 0, NULL);
INSERT INTO `sys_oper_log` VALUES (40, '智能矿山-告警事件', '生成告警事件', 'cn.sxu.enterprise.module.mine.controller.MineAlarmEventController.generate()', 'POST', 'WEB', 'admin', NULL, '/api/mine/alarm-events/generate', '0:0:0:0:0:0:0:1', '本地开发环境', '[{\"sensorDataId\":null,\"sensorType\":null,\"limit\":100}]', '{\"code\":0,\"msg\":\"success\",\"data\":[{\"id\":4,\"eventCode\":\"ALM-D64-R2\",\"ruleId\":2,\"ruleCode\":\"ALM-RULE-TEMP-001\",\"ruleName\":\"温度过高告警\",\"sensorDataId\":64,\"sensorId\":2,\"sensorCode\":\"SEN-TEMP-001\",\"sensorName\":\"中央泵房温度传感器一号\",\"sensorType\":\"TEMPERATURE\",\"deviceId\":2,\"areaName\":\"中央泵房\",\"location\":\"中央泵房一号水泵旁\",\"dataValue\":52.5459,\"thresholdValue\":40.0000,\"compareOperator\":\"GE\",\"alarmLevel\":2,\"alarmTitle\":\"温度过高\",\"alarmContent\":\"中央泵房温度传感器一号 采集值 52.5459℃ 触发规则【温度过高告警】，规则阈值为 40.0000℃。\",\"alarmTime\":\"2026-06-29T11:58:01\",\"handleStatus\":0,\"status\":0,\"createTime\":\"2026-06-29T11:58:21.6067101\",\"remark\":\"M1-04 根据传感器数据自动生成告警事件\"},{\"id\":5,\"eventCode\":\"ALM-D63-R2\",\"ruleId\":2,\"ruleCode\":\"ALM-RULE-TEMP-001\",\"ruleName\":\"温度过高告警\",\"sensorDataId\":63,\"sensorId\":2,\"sensorCode\":\"SEN-TEMP-001\",\"sensorName\":\"中央泵房温度传感器一号\",\"sensorType\":\"TEMPERATURE\",\"deviceId\":2,\"areaName\":\"中央泵房\",\"location\":\"中央泵房一号水泵旁\",\"dataValue\":56.5745,\"thresholdValue\":40.0000,\"compareOperator\":\"GE\",\"alarmLevel\":2,\"alarmTitle\":\"温度过高\",\"alarmContent\":\"中央泵房温度传感器一号 采集值 56.5745℃ 触发规则【温度过高告警】，规则阈值为 40.0000℃。\",\"alarmTime\":\"2026-06-29T11:58:00\",\"handleStatus\":0,\"status\":0,\"createTime\":\"2026-06-29T11:58:21.6133292\",\"remark\":\"M1-04 根据传感器数据自动生成告警事件\"},{\"id\":6,\"eventCode\":\"ALM-D61-R2\",\"ruleId\":2,\"ruleCode\":\"ALM-RULE-TEMP-001\",\"ruleName\":\"温度过高告警\",\"sensorDataId\":61,\"sensorId\":2,\"sensorCode\":\"SEN-TEMP-001\",\"sensorName\":\"中央泵房温度传感器一号\",\"sensorType\":\"TEMPERATURE\",\"deviceId\":2,\"areaName\":\"中央泵房\",\"location\":\"中央泵房一号水泵旁\",\"dataValue\":43.9651,\"thresholdValue\":40.0000,\"compareOperator\":\"GE\",\"alarmLevel\":2,\"alarmTitle\":\"温度过高\",\"alarmContent\":\"中央泵房温度传感器一号 采集值 43.9651℃ 触发规则【温度过高告警】，规则阈值为 40.0000℃。\",\"alarmTime\":\"2026-06-29T11:57:58\",\"handleStatus\":0,\"status\":0,\"createTime\":\"2026-06-29T11:58:21.6179482\",\"remark\":\"M1-04 根据传感器数据自动生成告警事件\"},{\"id\":7,\"eventCode\":\"ALM-D56-R2\",\"ruleId\":2,\"ruleCode\":\"ALM-RULE-TEMP-001\",\"ruleName\":\"温度过高告警\",\"sensorDataId\":56,\"sensorId\":2,\"sensorCode\":\"SEN-TEMP-001\",\"sensorName\":\"中央泵房温度传感器一号\",\"sensorType\":\"TEMPERATURE\",\"deviceId\":2,\"areaName\":\"中央泵房\",\"l', 0, NULL, '2026-06-29 11:58:22', 80, 'admin', '2026-06-29 11:58:22', NULL, '2026-06-29 11:58:21', 0, NULL);
INSERT INTO `sys_oper_log` VALUES (41, '智能矿山-告警事件', '生成告警事件', 'cn.sxu.enterprise.module.mine.controller.MineAlarmEventController.generate()', 'POST', 'WEB', 'admin', NULL, '/api/mine/alarm-events/generate', '0:0:0:0:0:0:0:1', '本地开发环境', '[{\"sensorDataId\":null,\"sensorType\":null,\"limit\":100}]', '{\"code\":0,\"msg\":\"success\",\"data\":[]}', 0, NULL, '2026-06-29 11:58:45', 44, 'admin', '2026-06-29 11:58:45', NULL, '2026-06-29 11:58:44', 0, NULL);
INSERT INTO `sys_oper_log` VALUES (42, '智能矿山-传感器数据', '模拟生成', 'cn.sxu.enterprise.module.mine.controller.MineSensorDataController.simulate()', 'POST', 'WEB', 'admin', NULL, '/api/mine/sensor-data/simulate', '0:0:0:0:0:0:0:1', '本地开发环境', '[{\"sensorId\":null,\"sensorType\":null,\"count\":10}]', '{\"code\":0,\"msg\":\"success\",\"data\":[{\"id\":75,\"sensorId\":1,\"sensorCode\":\"SEN-GAS-001\",\"sensorName\":\"一采区瓦斯传感器一号\",\"sensorType\":\"GAS\",\"deviceId\":1,\"areaName\":\"一采区\",\"location\":\"一采区回风巷\",\"dataValue\":0.7199,\"unit\":\"%\",\"alarmThreshold\":1.0000,\"alarmFlag\":0,\"collectTime\":\"2026-06-29T11:59:15.7637389\",\"status\":0,\"createTime\":\"2026-06-29T11:59:25.7637389\",\"remark\":\"M1-03 模拟生成传感器数据\"},{\"id\":76,\"sensorId\":1,\"sensorCode\":\"SEN-GAS-001\",\"sensorName\":\"一采区瓦斯传感器一号\",\"sensorType\":\"GAS\",\"deviceId\":1,\"areaName\":\"一采区\",\"location\":\"一采区回风巷\",\"dataValue\":0.4320,\"unit\":\"%\",\"alarmThreshold\":1.0000,\"alarmFlag\":0,\"collectTime\":\"2026-06-29T11:59:16.7637389\",\"status\":0,\"createTime\":\"2026-06-29T11:59:25.7749964\",\"remark\":\"M1-03 模拟生成传感器数据\"},{\"id\":77,\"sensorId\":1,\"sensorCode\":\"SEN-GAS-001\",\"sensorName\":\"一采区瓦斯传感器一号\",\"sensorType\":\"GAS\",\"deviceId\":1,\"areaName\":\"一采区\",\"location\":\"一采区回风巷\",\"dataValue\":0.2826,\"unit\":\"%\",\"alarmThreshold\":1.0000,\"alarmFlag\":0,\"collectTime\":\"2026-06-29T11:59:17.7637389\",\"status\":0,\"createTime\":\"2026-06-29T11:59:25.7816895\",\"remark\":\"M1-03 模拟生成传感器数据\"},{\"id\":78,\"sensorId\":1,\"sensorCode\":\"SEN-GAS-001\",\"sensorName\":\"一采区瓦斯传感器一号\",\"sensorType\":\"GAS\",\"deviceId\":1,\"areaName\":\"一采区\",\"location\":\"一采区回风巷\",\"dataValue\":0.5635,\"unit\":\"%\",\"alarmThreshold\":1.0000,\"alarmFlag\":0,\"collectTime\":\"2026-06-29T11:59:18.7637389\",\"status\":0,\"createTime\":\"2026-06-29T11:59:25.7891166\",\"remark\":\"M1-03 模拟生成传感器数据\"},{\"id\":79,\"sensorId\":1,\"sensorCode\":\"SEN-GAS-001\",\"sensorName\":\"一采区瓦斯传感器一号\",\"sensorType\":\"GAS\",\"deviceId\":1,\"areaName\":\"一采区\",\"location\":\"一采区回风巷\",\"dataValue\":0.3315,\"unit\":\"%\",\"alarmThreshold\":1.0000,\"alarmFlag\":0,\"collectTime\":\"2026-06-29T11:59:19.7637389\",\"status\":0,\"createTime\":\"2026-06-29T11:59:25.7960051\",\"remark\":\"M1-03 模拟生成传感器数据\"},{\"id\":80,\"sensorId\":1,\"sensorCode\":\"SEN-GAS-001\",\"sensorName\":\"一采区瓦斯传感器一号\",\"sensorType\":\"GAS\",\"deviceId\":1,\"areaName\":\"一采区\",\"location\":\"一采区回风巷\",\"dataValue\":0.3023,\"unit\":\"%\",\"alarmThreshold\":1.0000,\"alarmFlag\":0,\"collectTime\":\"2026-06-29T11:59:20.7637389\",\"status\":0,\"createTi', 0, NULL, '2026-06-29 11:59:26', 250, 'admin', '2026-06-29 11:59:26', NULL, '2026-06-29 11:59:26', 0, NULL);
INSERT INTO `sys_oper_log` VALUES (43, '智能矿山-传感器数据', '模拟生成', 'cn.sxu.enterprise.module.mine.controller.MineSensorDataController.simulate()', 'POST', 'WEB', 'admin', NULL, '/api/mine/sensor-data/simulate', '0:0:0:0:0:0:0:1', '本地开发环境', '[{\"sensorId\":null,\"sensorType\":null,\"count\":10}]', '{\"code\":0,\"msg\":\"success\",\"data\":[{\"id\":105,\"sensorId\":1,\"sensorCode\":\"SEN-GAS-001\",\"sensorName\":\"一采区瓦斯传感器一号\",\"sensorType\":\"GAS\",\"deviceId\":1,\"areaName\":\"一采区\",\"location\":\"一采区回风巷\",\"dataValue\":0.7504,\"unit\":\"%\",\"alarmThreshold\":1.0000,\"alarmFlag\":0,\"collectTime\":\"2026-06-29T11:59:18.2120638\",\"status\":0,\"createTime\":\"2026-06-29T11:59:28.2120638\",\"remark\":\"M1-03 模拟生成传感器数据\"},{\"id\":106,\"sensorId\":1,\"sensorCode\":\"SEN-GAS-001\",\"sensorName\":\"一采区瓦斯传感器一号\",\"sensorType\":\"GAS\",\"deviceId\":1,\"areaName\":\"一采区\",\"location\":\"一采区回风巷\",\"dataValue\":0.2617,\"unit\":\"%\",\"alarmThreshold\":1.0000,\"alarmFlag\":0,\"collectTime\":\"2026-06-29T11:59:19.2120638\",\"status\":0,\"createTime\":\"2026-06-29T11:59:28.2291952\",\"remark\":\"M1-03 模拟生成传感器数据\"},{\"id\":107,\"sensorId\":1,\"sensorCode\":\"SEN-GAS-001\",\"sensorName\":\"一采区瓦斯传感器一号\",\"sensorType\":\"GAS\",\"deviceId\":1,\"areaName\":\"一采区\",\"location\":\"一采区回风巷\",\"dataValue\":0.7637,\"unit\":\"%\",\"alarmThreshold\":1.0000,\"alarmFlag\":0,\"collectTime\":\"2026-06-29T11:59:20.2120638\",\"status\":0,\"createTime\":\"2026-06-29T11:59:28.2361356\",\"remark\":\"M1-03 模拟生成传感器数据\"},{\"id\":108,\"sensorId\":1,\"sensorCode\":\"SEN-GAS-001\",\"sensorName\":\"一采区瓦斯传感器一号\",\"sensorType\":\"GAS\",\"deviceId\":1,\"areaName\":\"一采区\",\"location\":\"一采区回风巷\",\"dataValue\":0.9961,\"unit\":\"%\",\"alarmThreshold\":1.0000,\"alarmFlag\":0,\"collectTime\":\"2026-06-29T11:59:21.2120638\",\"status\":0,\"createTime\":\"2026-06-29T11:59:28.2436563\",\"remark\":\"M1-03 模拟生成传感器数据\"},{\"id\":109,\"sensorId\":1,\"sensorCode\":\"SEN-GAS-001\",\"sensorName\":\"一采区瓦斯传感器一号\",\"sensorType\":\"GAS\",\"deviceId\":1,\"areaName\":\"一采区\",\"location\":\"一采区回风巷\",\"dataValue\":0.3062,\"unit\":\"%\",\"alarmThreshold\":1.0000,\"alarmFlag\":0,\"collectTime\":\"2026-06-29T11:59:22.2120638\",\"status\":0,\"createTime\":\"2026-06-29T11:59:28.2506971\",\"remark\":\"M1-03 模拟生成传感器数据\"},{\"id\":110,\"sensorId\":1,\"sensorCode\":\"SEN-GAS-001\",\"sensorName\":\"一采区瓦斯传感器一号\",\"sensorType\":\"GAS\",\"deviceId\":1,\"areaName\":\"一采区\",\"location\":\"一采区回风巷\",\"dataValue\":0.2741,\"unit\":\"%\",\"alarmThreshold\":1.0000,\"alarmFlag\":0,\"collectTime\":\"2026-06-29T11:59:23.2120638\",\"status\":0,\"cr', 0, NULL, '2026-06-29 11:59:28', 268, 'admin', '2026-06-29 11:59:28', NULL, '2026-06-29 11:59:28', 0, NULL);
INSERT INTO `sys_oper_log` VALUES (44, '智能矿山-传感器数据', '模拟生成', 'cn.sxu.enterprise.module.mine.controller.MineSensorDataController.simulate()', 'POST', 'WEB', 'admin', NULL, '/api/mine/sensor-data/simulate', '0:0:0:0:0:0:0:1', '本地开发环境', '[{\"sensorId\":null,\"sensorType\":null,\"count\":10}]', '{\"code\":0,\"msg\":\"success\",\"data\":[{\"id\":135,\"sensorId\":1,\"sensorCode\":\"SEN-GAS-001\",\"sensorName\":\"一采区瓦斯传感器一号\",\"sensorType\":\"GAS\",\"deviceId\":1,\"areaName\":\"一采区\",\"location\":\"一采区回风巷\",\"dataValue\":0.3625,\"unit\":\"%\",\"alarmThreshold\":1.0000,\"alarmFlag\":0,\"collectTime\":\"2026-06-29T11:59:19.2065392\",\"status\":0,\"createTime\":\"2026-06-29T11:59:29.2065392\",\"remark\":\"M1-03 模拟生成传感器数据\"},{\"id\":136,\"sensorId\":1,\"sensorCode\":\"SEN-GAS-001\",\"sensorName\":\"一采区瓦斯传感器一号\",\"sensorType\":\"GAS\",\"deviceId\":1,\"areaName\":\"一采区\",\"location\":\"一采区回风巷\",\"dataValue\":0.4875,\"unit\":\"%\",\"alarmThreshold\":1.0000,\"alarmFlag\":0,\"collectTime\":\"2026-06-29T11:59:20.2065392\",\"status\":0,\"createTime\":\"2026-06-29T11:59:29.2238208\",\"remark\":\"M1-03 模拟生成传感器数据\"},{\"id\":137,\"sensorId\":1,\"sensorCode\":\"SEN-GAS-001\",\"sensorName\":\"一采区瓦斯传感器一号\",\"sensorType\":\"GAS\",\"deviceId\":1,\"areaName\":\"一采区\",\"location\":\"一采区回风巷\",\"dataValue\":0.0807,\"unit\":\"%\",\"alarmThreshold\":1.0000,\"alarmFlag\":0,\"collectTime\":\"2026-06-29T11:59:21.2065392\",\"status\":0,\"createTime\":\"2026-06-29T11:59:29.230852\",\"remark\":\"M1-03 模拟生成传感器数据\"},{\"id\":138,\"sensorId\":1,\"sensorCode\":\"SEN-GAS-001\",\"sensorName\":\"一采区瓦斯传感器一号\",\"sensorType\":\"GAS\",\"deviceId\":1,\"areaName\":\"一采区\",\"location\":\"一采区回风巷\",\"dataValue\":0.5282,\"unit\":\"%\",\"alarmThreshold\":1.0000,\"alarmFlag\":0,\"collectTime\":\"2026-06-29T11:59:22.2065392\",\"status\":0,\"createTime\":\"2026-06-29T11:59:29.2385773\",\"remark\":\"M1-03 模拟生成传感器数据\"},{\"id\":139,\"sensorId\":1,\"sensorCode\":\"SEN-GAS-001\",\"sensorName\":\"一采区瓦斯传感器一号\",\"sensorType\":\"GAS\",\"deviceId\":1,\"areaName\":\"一采区\",\"location\":\"一采区回风巷\",\"dataValue\":0.8336,\"unit\":\"%\",\"alarmThreshold\":1.0000,\"alarmFlag\":0,\"collectTime\":\"2026-06-29T11:59:23.2065392\",\"status\":0,\"createTime\":\"2026-06-29T11:59:29.2450963\",\"remark\":\"M1-03 模拟生成传感器数据\"},{\"id\":140,\"sensorId\":1,\"sensorCode\":\"SEN-GAS-001\",\"sensorName\":\"一采区瓦斯传感器一号\",\"sensorType\":\"GAS\",\"deviceId\":1,\"areaName\":\"一采区\",\"location\":\"一采区回风巷\",\"dataValue\":0.6090,\"unit\":\"%\",\"alarmThreshold\":1.0000,\"alarmFlag\":0,\"collectTime\":\"2026-06-29T11:59:24.2065392\",\"status\":0,\"cre', 0, NULL, '2026-06-29 11:59:29', 253, 'admin', '2026-06-29 11:59:29', NULL, '2026-06-29 11:59:29', 0, NULL);
INSERT INTO `sys_oper_log` VALUES (45, '智能矿山-告警事件', '生成告警事件', 'cn.sxu.enterprise.module.mine.controller.MineAlarmEventController.generate()', 'POST', 'WEB', 'admin', NULL, '/api/mine/alarm-events/generate', '0:0:0:0:0:0:0:1', '本地开发环境', '[{\"sensorDataId\":null,\"sensorType\":null,\"limit\":100}]', '{\"code\":0,\"msg\":\"success\",\"data\":[{\"id\":9,\"eventCode\":\"ALM-D151-R2\",\"ruleId\":2,\"ruleCode\":\"ALM-RULE-TEMP-001\",\"ruleName\":\"温度过高告警\",\"sensorDataId\":151,\"sensorId\":2,\"sensorCode\":\"SEN-TEMP-001\",\"sensorName\":\"中央泵房温度传感器一号\",\"sensorType\":\"TEMPERATURE\",\"deviceId\":2,\"areaName\":\"中央泵房\",\"location\":\"中央泵房一号水泵旁\",\"dataValue\":47.1498,\"thresholdValue\":40.0000,\"compareOperator\":\"GE\",\"alarmLevel\":2,\"alarmTitle\":\"温度过高\",\"alarmContent\":\"中央泵房温度传感器一号 采集值 47.1498℃ 触发规则【温度过高告警】，规则阈值为 40.0000℃。\",\"alarmTime\":\"2026-06-29T11:59:25\",\"handleStatus\":0,\"status\":0,\"createTime\":\"2026-06-29T11:59:50.7552136\",\"remark\":\"M1-04 根据传感器数据自动生成告警事件\"},{\"id\":10,\"eventCode\":\"ALM-D94-R2\",\"ruleId\":2,\"ruleCode\":\"ALM-RULE-TEMP-001\",\"ruleName\":\"温度过高告警\",\"sensorDataId\":94,\"sensorId\":2,\"sensorCode\":\"SEN-TEMP-001\",\"sensorName\":\"中央泵房温度传感器一号\",\"sensorType\":\"TEMPERATURE\",\"deviceId\":2,\"areaName\":\"中央泵房\",\"location\":\"中央泵房一号水泵旁\",\"dataValue\":53.3887,\"thresholdValue\":40.0000,\"compareOperator\":\"GE\",\"alarmLevel\":2,\"alarmTitle\":\"温度过高\",\"alarmContent\":\"中央泵房温度传感器一号 采集值 53.3887℃ 触发规则【温度过高告警】，规则阈值为 40.0000℃。\",\"alarmTime\":\"2026-06-29T11:59:25\",\"handleStatus\":0,\"status\":0,\"createTime\":\"2026-06-29T11:59:50.7617156\",\"remark\":\"M1-04 根据传感器数据自动生成告警事件\"},{\"id\":11,\"eventCode\":\"ALM-D93-R2\",\"ruleId\":2,\"ruleCode\":\"ALM-RULE-TEMP-001\",\"ruleName\":\"温度过高告警\",\"sensorDataId\":93,\"sensorId\":2,\"sensorCode\":\"SEN-TEMP-001\",\"sensorName\":\"中央泵房温度传感器一号\",\"sensorType\":\"TEMPERATURE\",\"deviceId\":2,\"areaName\":\"中央泵房\",\"location\":\"中央泵房一号水泵旁\",\"dataValue\":50.2775,\"thresholdValue\":40.0000,\"compareOperator\":\"GE\",\"alarmLevel\":2,\"alarmTitle\":\"温度过高\",\"alarmContent\":\"中央泵房温度传感器一号 采集值 50.2775℃ 触发规则【温度过高告警】，规则阈值为 40.0000℃。\",\"alarmTime\":\"2026-06-29T11:59:24\",\"handleStatus\":0,\"status\":0,\"createTime\":\"2026-06-29T11:59:50.764171\",\"remark\":\"M1-04 根据传感器数据自动生成告警事件\"},{\"id\":12,\"eventCode\":\"ALM-D120-R2\",\"ruleId\":2,\"ruleCode\":\"ALM-RULE-TEMP-001\",\"ruleName\":\"温度过高告警\",\"sensorDataId\":120,\"sensorId\":2,\"sensorCode\":\"SEN-TEMP-001\",\"sensorName\":\"中央泵房温度传感器一号\",\"sensorType\":\"TEMPERATURE\",\"deviceId\":2,\"areaName\":\"中央', 0, NULL, '2026-06-29 11:59:51', 59, 'admin', '2026-06-29 11:59:51', NULL, '2026-06-29 11:59:50', 0, NULL);
INSERT INTO `sys_oper_log` VALUES (46, '智能矿山-告警事件', '分页查询', 'cn.sxu.enterprise.module.mine.controller.MineAlarmEventController.page()', 'GET', 'WEB', 'admin', NULL, '/api/mine/alarm-events/page', '0:0:0:0:0:0:0:1', '本地开发环境', '[{\"pageNo\":1,\"pageSize\":10,\"eventCode\":null,\"ruleCode\":null,\"sensorCode\":null,\"sensorName\":null,\"sensorType\":null,\"areaName\":null,\"alarmLevel\":null,\"handleStatus\":null,\"status\":null}]', '{\"code\":0,\"msg\":\"success\",\"data\":{\"pageNo\":1,\"pageSize\":10,\"total\":17,\"pages\":2,\"records\":[{\"id\":10,\"eventCode\":\"ALM-D94-R2\",\"ruleId\":2,\"ruleCode\":\"ALM-RULE-TEMP-001\",\"ruleName\":\"温度过高告警\",\"sensorDataId\":94,\"sensorId\":2,\"sensorCode\":\"SEN-TEMP-001\",\"sensorName\":\"中央泵房温度传感器一号\",\"sensorType\":\"TEMPERATURE\",\"deviceId\":2,\"areaName\":\"中央泵房\",\"location\":\"中央泵房一号水泵旁\",\"dataValue\":53.3887,\"thresholdValue\":40.0000,\"compareOperator\":\"GE\",\"alarmLevel\":2,\"alarmTitle\":\"温度过高\",\"alarmContent\":\"中央泵房温度传感器一号 采集值 53.3887℃ 触发规则【温度过高告警】，规则阈值为 40.0000℃。\",\"alarmTime\":\"2026-06-29T11:59:25\",\"handleStatus\":0,\"status\":0,\"createTime\":\"2026-06-29T11:59:51\",\"remark\":\"M1-04 根据传感器数据自动生成告警事件\"},{\"id\":9,\"eventCode\":\"ALM-D151-R2\",\"ruleId\":2,\"ruleCode\":\"ALM-RULE-TEMP-001\",\"ruleName\":\"温度过高告警\",\"sensorDataId\":151,\"sensorId\":2,\"sensorCode\":\"SEN-TEMP-001\",\"sensorName\":\"中央泵房温度传感器一号\",\"sensorType\":\"TEMPERATURE\",\"deviceId\":2,\"areaName\":\"中央泵房\",\"location\":\"中央泵房一号水泵旁\",\"dataValue\":47.1498,\"thresholdValue\":40.0000,\"compareOperator\":\"GE\",\"alarmLevel\":2,\"alarmTitle\":\"温度过高\",\"alarmContent\":\"中央泵房温度传感器一号 采集值 47.1498℃ 触发规则【温度过高告警】，规则阈值为 40.0000℃。\",\"alarmTime\":\"2026-06-29T11:59:25\",\"handleStatus\":0,\"status\":0,\"createTime\":\"2026-06-29T11:59:51\",\"remark\":\"M1-04 根据传感器数据自动生成告警事件\"},{\"id\":11,\"eventCode\":\"ALM-D93-R2\",\"ruleId\":2,\"ruleCode\":\"ALM-RULE-TEMP-001\",\"ruleName\":\"温度过高告警\",\"sensorDataId\":93,\"sensorId\":2,\"sensorCode\":\"SEN-TEMP-001\",\"sensorName\":\"中央泵房温度传感器一号\",\"sensorType\":\"TEMPERATURE\",\"deviceId\":2,\"areaName\":\"中央泵房\",\"location\":\"中央泵房一号水泵旁\",\"dataValue\":50.2775,\"thresholdValue\":40.0000,\"compareOperator\":\"GE\",\"alarmLevel\":2,\"alarmTitle\":\"温度过高\",\"alarmContent\":\"中央泵房温度传感器一号 采集值 50.2775℃ 触发规则【温度过高告警】，规则阈值为 40.0000℃。\",\"alarmTime\":\"2026-06-29T11:59:24\",\"handleStatus\":0,\"status\":0,\"createTime\":\"2026-06-29T11:59:51\",\"remark\":\"M1-04 根据传感器数据自动生成告警事件\"},{\"id\":12,\"eventCode\":\"ALM-D120-R2\",\"ruleId\":2,\"ruleCode\":\"ALM-RULE-TEMP-001\",\"ruleName\":\"温度过高告警\",\"sensorDataId\":120,\"sensorId\":2,\"sensorCode\":\"SEN-TEMP-001\",\"sensorName\":\"中央泵房温度传感器一号\",\"sensorType\":\"TEMPER', 0, NULL, '2026-06-29 12:00:17', 9, 'admin', '2026-06-29 12:00:17', NULL, '2026-06-29 12:00:16', 0, NULL);
INSERT INTO `sys_oper_log` VALUES (47, '智能矿山-工单', '告警转工单', 'cn.sxu.enterprise.module.mine.controller.MineWorkOrderController.createFromAlarm()', 'POST', 'WEB', 'admin', NULL, '/api/mine/work-orders/create-from-alarm', '0:0:0:0:0:0:0:1', '本地开发环境', '[{\"alarmEventId\":10,\"remark\":\"由告警事件生成检修工单\"}]', '{\"code\":0,\"msg\":\"success\",\"data\":{\"id\":1,\"workOrderCode\":\"WO-20260629120130-155439\",\"alarmEventId\":10,\"eventCode\":\"ALM-D94-R2\",\"alarmLevel\":2,\"workOrderTitle\":\"温度过高\",\"workOrderContent\":\"中央泵房温度传感器一号 采集值 53.3887℃ 触发规则【温度过高告警】，规则阈值为 40.0000℃。\",\"deviceId\":2,\"sensorId\":2,\"sensorCode\":\"SEN-TEMP-001\",\"sensorName\":\"中央泵房温度传感器一号\",\"sensorType\":\"TEMPERATURE\",\"areaName\":\"中央泵房\",\"location\":\"中央泵房一号水泵旁\",\"orderStatus\":0,\"handlerUserId\":null,\"handlerUsername\":null,\"handleTime\":null,\"handleResult\":null,\"closeUserId\":null,\"closeUsername\":null,\"closeTime\":null,\"closeResult\":null,\"status\":0,\"createTime\":\"2026-06-29T12:01:30.5472032\",\"remark\":\"由告警事件生成检修工单\"}}', 0, NULL, '2026-06-29 12:01:31', 23, 'admin', '2026-06-29 12:01:31', NULL, '2026-06-29 12:01:30', 0, NULL);
INSERT INTO `sys_oper_log` VALUES (48, '智能矿山-工单', '分页查询', 'cn.sxu.enterprise.module.mine.controller.MineWorkOrderController.page()', 'GET', 'WEB', 'admin', NULL, '/api/mine/work-orders/page', '0:0:0:0:0:0:0:1', '本地开发环境', '[{\"pageNo\":1,\"pageSize\":10,\"workOrderCode\":null,\"eventCode\":null,\"alarmLevel\":null,\"sensorCode\":null,\"sensorName\":null,\"sensorType\":null,\"areaName\":null,\"orderStatus\":0,\"status\":null}]', '{\"code\":0,\"msg\":\"success\",\"data\":{\"pageNo\":1,\"pageSize\":10,\"total\":1,\"pages\":1,\"records\":[{\"id\":1,\"workOrderCode\":\"WO-20260629120130-155439\",\"alarmEventId\":10,\"eventCode\":\"ALM-D94-R2\",\"alarmLevel\":2,\"workOrderTitle\":\"温度过高\",\"workOrderContent\":\"中央泵房温度传感器一号 采集值 53.3887℃ 触发规则【温度过高告警】，规则阈值为 40.0000℃。\",\"deviceId\":2,\"sensorId\":2,\"sensorCode\":\"SEN-TEMP-001\",\"sensorName\":\"中央泵房温度传感器一号\",\"sensorType\":\"TEMPERATURE\",\"areaName\":\"中央泵房\",\"location\":\"中央泵房一号水泵旁\",\"orderStatus\":0,\"handlerUserId\":null,\"handlerUsername\":null,\"handleTime\":null,\"handleResult\":null,\"closeUserId\":null,\"closeUsername\":null,\"closeTime\":null,\"closeResult\":null,\"status\":0,\"createTime\":\"2026-06-29T12:01:31\",\"remark\":\"由告警事件生成检修工单\"}]}}', 0, NULL, '2026-06-29 12:02:30', 9, 'admin', '2026-06-29 12:02:30', NULL, '2026-06-29 12:02:29', 0, NULL);
INSERT INTO `sys_oper_log` VALUES (49, '智能矿山-工单', '工单处理', 'cn.sxu.enterprise.module.mine.controller.MineWorkOrderController.handle()', 'POST', 'WEB', 'admin', NULL, '/api/mine/work-orders/1/handle', '0:0:0:0:0:0:0:1', '本地开发环境', '[1,{\"handleResult\":\"已安排检修人员到现场检查，确认传感器数据异常并完成初步处置。\",\"remark\":\"工单已处理，等待复核关闭\"}]', '{\"code\":0,\"msg\":\"success\",\"data\":{\"id\":1,\"workOrderCode\":\"WO-20260629120130-155439\",\"alarmEventId\":10,\"eventCode\":\"ALM-D94-R2\",\"alarmLevel\":2,\"workOrderTitle\":\"温度过高\",\"workOrderContent\":\"中央泵房温度传感器一号 采集值 53.3887℃ 触发规则【温度过高告警】，规则阈值为 40.0000℃。\",\"deviceId\":2,\"sensorId\":2,\"sensorCode\":\"SEN-TEMP-001\",\"sensorName\":\"中央泵房温度传感器一号\",\"sensorType\":\"TEMPERATURE\",\"areaName\":\"中央泵房\",\"location\":\"中央泵房一号水泵旁\",\"orderStatus\":2,\"handlerUserId\":1,\"handlerUsername\":\"admin\",\"handleTime\":\"2026-06-29T12:03:44.1515665\",\"handleResult\":\"已安排检修人员到现场检查，确认传感器数据异常并完成初步处置。\",\"closeUserId\":null,\"closeUsername\":null,\"closeTime\":null,\"closeResult\":null,\"status\":0,\"createTime\":\"2026-06-29T12:01:31\",\"remark\":\"工单已处理，等待复核关闭\"}}', 0, NULL, '2026-06-29 12:03:44', 22, 'admin', '2026-06-29 12:03:44', NULL, '2026-06-29 12:03:44', 0, NULL);
INSERT INTO `sys_oper_log` VALUES (50, '智能矿山-工单', '工单关闭', 'cn.sxu.enterprise.module.mine.controller.MineWorkOrderController.close()', 'POST', 'WEB', 'admin', NULL, '/api/mine/work-orders/1/close', '0:0:0:0:0:0:0:1', '本地开发环境', '[1,{\"closeResult\":\"现场复核完成，设备运行正常，告警已解除，工单关闭。\",\"remark\":\"闭环完成\"}]', '{\"code\":0,\"msg\":\"success\",\"data\":{\"id\":1,\"workOrderCode\":\"WO-20260629120130-155439\",\"alarmEventId\":10,\"eventCode\":\"ALM-D94-R2\",\"alarmLevel\":2,\"workOrderTitle\":\"温度过高\",\"workOrderContent\":\"中央泵房温度传感器一号 采集值 53.3887℃ 触发规则【温度过高告警】，规则阈值为 40.0000℃。\",\"deviceId\":2,\"sensorId\":2,\"sensorCode\":\"SEN-TEMP-001\",\"sensorName\":\"中央泵房温度传感器一号\",\"sensorType\":\"TEMPERATURE\",\"areaName\":\"中央泵房\",\"location\":\"中央泵房一号水泵旁\",\"orderStatus\":3,\"handlerUserId\":1,\"handlerUsername\":\"admin\",\"handleTime\":\"2026-06-29T12:03:44\",\"handleResult\":\"已安排检修人员到现场检查，确认传感器数据异常并完成初步处置。\",\"closeUserId\":1,\"closeUsername\":\"admin\",\"closeTime\":\"2026-06-29T12:04:07.6735772\",\"closeResult\":\"现场复核完成，设备运行正常，告警已解除，工单关闭。\",\"status\":0,\"createTime\":\"2026-06-29T12:01:31\",\"remark\":\"闭环完成\"}}', 0, NULL, '2026-06-29 12:04:08', 16, 'admin', '2026-06-29 12:04:08', NULL, '2026-06-29 12:04:07', 0, NULL);
INSERT INTO `sys_oper_log` VALUES (51, '智能矿山-告警事件', '分页查询', 'cn.sxu.enterprise.module.mine.controller.MineAlarmEventController.page()', 'GET', 'WEB', 'admin', NULL, '/api/mine/alarm-events/page', '0:0:0:0:0:0:0:1', '本地开发环境', '[{\"pageNo\":1,\"pageSize\":10,\"eventCode\":null,\"ruleCode\":null,\"sensorCode\":null,\"sensorName\":null,\"sensorType\":null,\"areaName\":null,\"alarmLevel\":null,\"handleStatus\":null,\"status\":null}]', '{\"code\":0,\"msg\":\"success\",\"data\":{\"pageNo\":1,\"pageSize\":10,\"total\":17,\"pages\":2,\"records\":[{\"id\":10,\"eventCode\":\"ALM-D94-R2\",\"ruleId\":2,\"ruleCode\":\"ALM-RULE-TEMP-001\",\"ruleName\":\"温度过高告警\",\"sensorDataId\":94,\"sensorId\":2,\"sensorCode\":\"SEN-TEMP-001\",\"sensorName\":\"中央泵房温度传感器一号\",\"sensorType\":\"TEMPERATURE\",\"deviceId\":2,\"areaName\":\"中央泵房\",\"location\":\"中央泵房一号水泵旁\",\"dataValue\":53.3887,\"thresholdValue\":40.0000,\"compareOperator\":\"GE\",\"alarmLevel\":2,\"alarmTitle\":\"温度过高\",\"alarmContent\":\"中央泵房温度传感器一号 采集值 53.3887℃ 触发规则【温度过高告警】，规则阈值为 40.0000℃。\",\"alarmTime\":\"2026-06-29T11:59:25\",\"handleStatus\":2,\"status\":0,\"createTime\":\"2026-06-29T11:59:51\",\"remark\":\"M1-04 根据传感器数据自动生成告警事件\"},{\"id\":9,\"eventCode\":\"ALM-D151-R2\",\"ruleId\":2,\"ruleCode\":\"ALM-RULE-TEMP-001\",\"ruleName\":\"温度过高告警\",\"sensorDataId\":151,\"sensorId\":2,\"sensorCode\":\"SEN-TEMP-001\",\"sensorName\":\"中央泵房温度传感器一号\",\"sensorType\":\"TEMPERATURE\",\"deviceId\":2,\"areaName\":\"中央泵房\",\"location\":\"中央泵房一号水泵旁\",\"dataValue\":47.1498,\"thresholdValue\":40.0000,\"compareOperator\":\"GE\",\"alarmLevel\":2,\"alarmTitle\":\"温度过高\",\"alarmContent\":\"中央泵房温度传感器一号 采集值 47.1498℃ 触发规则【温度过高告警】，规则阈值为 40.0000℃。\",\"alarmTime\":\"2026-06-29T11:59:25\",\"handleStatus\":0,\"status\":0,\"createTime\":\"2026-06-29T11:59:51\",\"remark\":\"M1-04 根据传感器数据自动生成告警事件\"},{\"id\":11,\"eventCode\":\"ALM-D93-R2\",\"ruleId\":2,\"ruleCode\":\"ALM-RULE-TEMP-001\",\"ruleName\":\"温度过高告警\",\"sensorDataId\":93,\"sensorId\":2,\"sensorCode\":\"SEN-TEMP-001\",\"sensorName\":\"中央泵房温度传感器一号\",\"sensorType\":\"TEMPERATURE\",\"deviceId\":2,\"areaName\":\"中央泵房\",\"location\":\"中央泵房一号水泵旁\",\"dataValue\":50.2775,\"thresholdValue\":40.0000,\"compareOperator\":\"GE\",\"alarmLevel\":2,\"alarmTitle\":\"温度过高\",\"alarmContent\":\"中央泵房温度传感器一号 采集值 50.2775℃ 触发规则【温度过高告警】，规则阈值为 40.0000℃。\",\"alarmTime\":\"2026-06-29T11:59:24\",\"handleStatus\":0,\"status\":0,\"createTime\":\"2026-06-29T11:59:51\",\"remark\":\"M1-04 根据传感器数据自动生成告警事件\"},{\"id\":12,\"eventCode\":\"ALM-D120-R2\",\"ruleId\":2,\"ruleCode\":\"ALM-RULE-TEMP-001\",\"ruleName\":\"温度过高告警\",\"sensorDataId\":120,\"sensorId\":2,\"sensorCode\":\"SEN-TEMP-001\",\"sensorName\":\"中央泵房温度传感器一号\",\"sensorType\":\"TEMPER', 0, NULL, '2026-06-29 12:04:24', 9, 'admin', '2026-06-29 12:04:24', NULL, '2026-06-29 12:04:24', 0, NULL);
INSERT INTO `sys_oper_log` VALUES (52, '操作日志', '分页查询', 'cn.sxu.enterprise.module.system.controller.SysOperLogController.pageOperLogs()', 'GET', 'WEB', 'admin', NULL, '/api/system/oper-logs/page', '0:0:0:0:0:0:0:1', '本地开发环境', '[{\"pageNo\":1,\"pageSize\":10,\"title\":\"智能矿山-工单\",\"businessType\":null,\"operName\":null,\"status\":null}]', '{\"code\":0,\"msg\":\"success\",\"data\":{\"pageNo\":1,\"pageSize\":10,\"total\":4,\"pages\":1,\"records\":[{\"id\":50,\"title\":\"智能矿山-工单\",\"businessType\":\"工单关闭\",\"method\":\"cn.sxu.enterprise.module.mine.controller.MineWorkOrderController.close()\",\"requestMethod\":\"POST\",\"operatorType\":\"WEB\",\"operName\":\"admin\",\"operUrl\":\"/api/mine/work-orders/1/close\",\"operIp\":\"0:0:0:0:0:0:0:1\",\"status\":0,\"errorMsg\":null,\"operTime\":\"2026-06-29T12:04:08\",\"costTime\":16},{\"id\":49,\"title\":\"智能矿山-工单\",\"businessType\":\"工单处理\",\"method\":\"cn.sxu.enterprise.module.mine.controller.MineWorkOrderController.handle()\",\"requestMethod\":\"POST\",\"operatorType\":\"WEB\",\"operName\":\"admin\",\"operUrl\":\"/api/mine/work-orders/1/handle\",\"operIp\":\"0:0:0:0:0:0:0:1\",\"status\":0,\"errorMsg\":null,\"operTime\":\"2026-06-29T12:03:44\",\"costTime\":22},{\"id\":48,\"title\":\"智能矿山-工单\",\"businessType\":\"分页查询\",\"method\":\"cn.sxu.enterprise.module.mine.controller.MineWorkOrderController.page()\",\"requestMethod\":\"GET\",\"operatorType\":\"WEB\",\"operName\":\"admin\",\"operUrl\":\"/api/mine/work-orders/page\",\"operIp\":\"0:0:0:0:0:0:0:1\",\"status\":0,\"errorMsg\":null,\"operTime\":\"2026-06-29T12:02:30\",\"costTime\":9},{\"id\":47,\"title\":\"智能矿山-工单\",\"businessType\":\"告警转工单\",\"method\":\"cn.sxu.enterprise.module.mine.controller.MineWorkOrderController.createFromAlarm()\",\"requestMethod\":\"POST\",\"operatorType\":\"WEB\",\"operName\":\"admin\",\"operUrl\":\"/api/mine/work-orders/create-from-alarm\",\"operIp\":\"0:0:0:0:0:0:0:1\",\"status\":0,\"errorMsg\":null,\"operTime\":\"2026-06-29T12:01:31\",\"costTime\":23}]}}', 0, NULL, '2026-06-29 12:04:58', 20, 'admin', '2026-06-29 12:04:58', NULL, '2026-06-29 12:04:57', 0, NULL);
INSERT INTO `sys_oper_log` VALUES (53, '智能矿山-看板', '汇总统计', 'cn.sxu.enterprise.module.mine.controller.MineDashboardController.summary()', 'GET', 'WEB', 'admin', NULL, '/api/mine/dashboard/summary', '0:0:0:0:0:0:0:1', '本地开发环境', '[]', '{\"code\":0,\"msg\":\"success\",\"data\":{\"deviceTotal\":3,\"sensorTotal\":3,\"sensorDataTotal\":164,\"alarmRuleTotal\":3,\"alarmEventTotal\":17,\"unhandledAlarmTotal\":16,\"workOrderTotal\":1,\"pendingWorkOrderTotal\":0,\"closedWorkOrderTotal\":1}}', 0, NULL, '2026-06-29 18:05:36', 33, 'admin', '2026-06-29 18:05:36', NULL, '2026-06-29 18:05:35', 0, NULL);
INSERT INTO `sys_oper_log` VALUES (54, '智能矿山-看板', '告警级别统计', 'cn.sxu.enterprise.module.mine.controller.MineDashboardController.alarmLevelStats()', 'GET', 'WEB', 'admin', NULL, '/api/mine/dashboard/alarm-level-stats', '0:0:0:0:0:0:0:1', '本地开发环境', '[]', '{\"code\":0,\"msg\":\"success\",\"data\":[{\"alarmLevel\":2,\"alarmLevelName\":\"重要\",\"total\":17}]}', 0, NULL, '2026-06-29 18:05:44', 7, 'admin', '2026-06-29 18:05:44', NULL, '2026-06-29 18:05:44', 0, NULL);
INSERT INTO `sys_oper_log` VALUES (55, '智能矿山-看板', '传感器类型统计', 'cn.sxu.enterprise.module.mine.controller.MineDashboardController.sensorTypeStats()', 'GET', 'WEB', 'admin', NULL, '/api/mine/dashboard/sensor-type-stats', '0:0:0:0:0:0:0:1', '本地开发环境', '[]', '{\"code\":0,\"msg\":\"success\",\"data\":[{\"sensorType\":\"GAS\",\"sensorTypeName\":\"瓦斯\",\"total\":1},{\"sensorType\":\"TEMPERATURE\",\"sensorTypeName\":\"温度\",\"total\":1},{\"sensorType\":\"VIBRATION\",\"sensorTypeName\":\"振动\",\"total\":1}]}', 0, NULL, '2026-06-29 18:05:56', 6, 'admin', '2026-06-29 18:05:56', NULL, '2026-06-29 18:05:55', 0, NULL);
INSERT INTO `sys_oper_log` VALUES (56, '智能矿山-看板', '工单状态统计', 'cn.sxu.enterprise.module.mine.controller.MineDashboardController.workOrderStatusStats()', 'GET', 'WEB', 'admin', NULL, '/api/mine/dashboard/work-order-status-stats', '0:0:0:0:0:0:0:1', '本地开发环境', '[]', '{\"code\":0,\"msg\":\"success\",\"data\":[{\"orderStatus\":3,\"orderStatusName\":\"已关闭\",\"total\":1}]}', 0, NULL, '2026-06-29 18:06:05', 5, 'admin', '2026-06-29 18:06:05', NULL, '2026-06-29 18:06:04', 0, NULL);
INSERT INTO `sys_oper_log` VALUES (57, '智能矿山-看板', '最近告警查询', 'cn.sxu.enterprise.module.mine.controller.MineDashboardController.recentAlarms()', 'GET', 'WEB', 'admin', NULL, '/api/mine/dashboard/recent-alarms', '0:0:0:0:0:0:0:1', '本地开发环境', '[]', '{\"code\":0,\"msg\":\"success\",\"data\":[{\"id\":10,\"eventCode\":\"ALM-D94-R2\",\"sensorCode\":\"SEN-TEMP-001\",\"sensorName\":\"中央泵房温度传感器一号\",\"sensorType\":\"TEMPERATURE\",\"areaName\":\"中央泵房\",\"location\":\"中央泵房一号水泵旁\",\"dataValue\":53.3887,\"thresholdValue\":40.0000,\"alarmLevel\":2,\"alarmLevelName\":\"重要\",\"handleStatus\":2,\"handleStatusName\":\"已关闭\",\"alarmTime\":\"2026-06-29T11:59:25\"},{\"id\":9,\"eventCode\":\"ALM-D151-R2\",\"sensorCode\":\"SEN-TEMP-001\",\"sensorName\":\"中央泵房温度传感器一号\",\"sensorType\":\"TEMPERATURE\",\"areaName\":\"中央泵房\",\"location\":\"中央泵房一号水泵旁\",\"dataValue\":47.1498,\"thresholdValue\":40.0000,\"alarmLevel\":2,\"alarmLevelName\":\"重要\",\"handleStatus\":0,\"handleStatusName\":\"未处理\",\"alarmTime\":\"2026-06-29T11:59:25\"},{\"id\":11,\"eventCode\":\"ALM-D93-R2\",\"sensorCode\":\"SEN-TEMP-001\",\"sensorName\":\"中央泵房温度传感器一号\",\"sensorType\":\"TEMPERATURE\",\"areaName\":\"中央泵房\",\"location\":\"中央泵房一号水泵旁\",\"dataValue\":50.2775,\"thresholdValue\":40.0000,\"alarmLevel\":2,\"alarmLevelName\":\"重要\",\"handleStatus\":0,\"handleStatusName\":\"未处理\",\"alarmTime\":\"2026-06-29T11:59:24\"},{\"id\":12,\"eventCode\":\"ALM-D120-R2\",\"sensorCode\":\"SEN-TEMP-001\",\"sensorName\":\"中央泵房温度传感器一号\",\"sensorType\":\"TEMPERATURE\",\"areaName\":\"中央泵房\",\"location\":\"中央泵房一号水泵旁\",\"dataValue\":52.5449,\"thresholdValue\":40.0000,\"alarmLevel\":2,\"alarmLevelName\":\"重要\",\"handleStatus\":0,\"handleStatusName\":\"未处理\",\"alarmTime\":\"2026-06-29T11:59:23\"},{\"id\":13,\"eventCode\":\"ALM-D90-R2\",\"sensorCode\":\"SEN-TEMP-001\",\"sensorName\":\"中央泵房温度传感器一号\",\"sensorType\":\"TEMPERATURE\",\"areaName\":\"中央泵房\",\"location\":\"中央泵房一号水泵旁\",\"dataValue\":41.8996,\"thresholdValue\":40.0000,\"alarmLevel\":2,\"alarmLevelName\":\"重要\",\"handleStatus\":0,\"handleStatusName\":\"未处理\",\"alarmTime\":\"2026-06-29T11:59:21\"},{\"id\":14,\"eventCode\":\"ALM-D146-R2\",\"sensorCode\":\"SEN-TEMP-001\",\"sensorName\":\"中央泵房温度传感器一号\",\"sensorType\":\"TEMPERATURE\",\"areaName\":\"中央泵房\",\"location\":\"中央泵房一号水泵旁\",\"dataValue\":47.9672,\"thresholdValue\":40.0000,\"alarmLevel\":2,\"alarmLevelName\":\"重要\",\"handleStatus\":0,\"handleStatusName\":\"未处理\",\"alarmTime\":\"2026-06-29T11:59:20\"},{\"id\":15,\"eventCode\":\"ALM-D115-R2\",\"sensorCode\":\"SEN-TEMP-001\",\"sens', 0, NULL, '2026-06-29 18:06:16', 25, 'admin', '2026-06-29 18:06:16', NULL, '2026-06-29 18:06:16', 0, NULL);
INSERT INTO `sys_oper_log` VALUES (58, '智能矿山-看板', '最近工单查询', 'cn.sxu.enterprise.module.mine.controller.MineDashboardController.recentWorkOrders()', 'GET', 'WEB', 'admin', NULL, '/api/mine/dashboard/recent-work-orders', '0:0:0:0:0:0:0:1', '本地开发环境', '[]', '{\"code\":0,\"msg\":\"success\",\"data\":[{\"id\":1,\"workOrderCode\":\"WO-20260629120130-155439\",\"eventCode\":\"ALM-D94-R2\",\"sensorCode\":\"SEN-TEMP-001\",\"sensorName\":\"中央泵房温度传感器一号\",\"sensorType\":\"TEMPERATURE\",\"areaName\":\"中央泵房\",\"location\":\"中央泵房一号水泵旁\",\"alarmLevel\":2,\"alarmLevelName\":\"重要\",\"orderStatus\":3,\"orderStatusName\":\"已关闭\",\"createTime\":\"2026-06-29T12:01:31\"}]}', 0, NULL, '2026-06-29 18:06:27', 5, 'admin', '2026-06-29 18:06:27', NULL, '2026-06-29 18:06:26', 0, NULL);
INSERT INTO `sys_oper_log` VALUES (59, '智能矿山-看板', '汇总统计', 'cn.sxu.enterprise.module.mine.controller.MineDashboardController.summary()', 'GET', 'WEB', 'admin', NULL, '/api/mine/dashboard/summary', '0:0:0:0:0:0:0:1', '本地开发环境', '[]', '{\"code\":0,\"msg\":\"success\",\"data\":{\"deviceTotal\":3,\"sensorTotal\":3,\"sensorDataTotal\":164,\"alarmRuleTotal\":3,\"alarmEventTotal\":17,\"unhandledAlarmTotal\":16,\"workOrderTotal\":1,\"pendingWorkOrderTotal\":0,\"closedWorkOrderTotal\":1}}', 0, NULL, '2026-06-29 18:13:04', 24, 'admin', '2026-06-29 18:13:04', NULL, '2026-06-29 18:13:03', 0, NULL);
INSERT INTO `sys_oper_log` VALUES (60, '智能矿山-看板', '汇总统计', 'cn.sxu.enterprise.module.mine.controller.MineDashboardController.summary()', 'GET', 'WEB', 'admin', NULL, '/api/mine/dashboard/summary', '127.0.0.1', '本地开发环境', '[]', '{\"code\":0,\"msg\":\"success\",\"data\":{\"deviceTotal\":3,\"sensorTotal\":3,\"sensorDataTotal\":164,\"alarmRuleTotal\":3,\"alarmEventTotal\":17,\"unhandledAlarmTotal\":16,\"workOrderTotal\":1,\"pendingWorkOrderTotal\":0,\"closedWorkOrderTotal\":1}}', 0, NULL, '2026-06-29 18:21:57', 21, 'admin', '2026-06-29 18:21:57', NULL, '2026-06-29 18:21:57', 0, NULL);
INSERT INTO `sys_oper_log` VALUES (61, '智能矿山-看板', '告警级别统计', 'cn.sxu.enterprise.module.mine.controller.MineDashboardController.alarmLevelStats()', 'GET', 'WEB', 'admin', NULL, '/api/mine/dashboard/alarm-level-stats', '127.0.0.1', '本地开发环境', '[]', '{\"code\":0,\"msg\":\"success\",\"data\":[{\"alarmLevel\":2,\"alarmLevelName\":\"重要\",\"total\":17}]}', 0, NULL, '2026-06-29 18:21:57', 5, 'admin', '2026-06-29 18:21:57', NULL, '2026-06-29 18:21:57', 0, NULL);
INSERT INTO `sys_oper_log` VALUES (62, '智能矿山-看板', '工单状态统计', 'cn.sxu.enterprise.module.mine.controller.MineDashboardController.workOrderStatusStats()', 'GET', 'WEB', 'admin', NULL, '/api/mine/dashboard/work-order-status-stats', '127.0.0.1', '本地开发环境', '[]', '{\"code\":0,\"msg\":\"success\",\"data\":[{\"orderStatus\":3,\"orderStatusName\":\"已关闭\",\"total\":1}]}', 0, NULL, '2026-06-29 18:21:58', 3, 'admin', '2026-06-29 18:21:58', NULL, '2026-06-29 18:21:57', 0, NULL);
INSERT INTO `sys_oper_log` VALUES (63, '智能矿山-看板', '传感器类型统计', 'cn.sxu.enterprise.module.mine.controller.MineDashboardController.sensorTypeStats()', 'GET', 'WEB', 'admin', NULL, '/api/mine/dashboard/sensor-type-stats', '127.0.0.1', '本地开发环境', '[]', '{\"code\":0,\"msg\":\"success\",\"data\":[{\"sensorType\":\"GAS\",\"sensorTypeName\":\"瓦斯\",\"total\":1},{\"sensorType\":\"TEMPERATURE\",\"sensorTypeName\":\"温度\",\"total\":1},{\"sensorType\":\"VIBRATION\",\"sensorTypeName\":\"振动\",\"total\":1}]}', 0, NULL, '2026-06-29 18:21:58', 6, 'admin', '2026-06-29 18:21:58', NULL, '2026-06-29 18:21:57', 0, NULL);
INSERT INTO `sys_oper_log` VALUES (64, '智能矿山-看板', '最近工单查询', 'cn.sxu.enterprise.module.mine.controller.MineDashboardController.recentWorkOrders()', 'GET', 'WEB', 'admin', NULL, '/api/mine/dashboard/recent-work-orders', '127.0.0.1', '本地开发环境', '[]', '{\"code\":0,\"msg\":\"success\",\"data\":[{\"id\":1,\"workOrderCode\":\"WO-20260629120130-155439\",\"eventCode\":\"ALM-D94-R2\",\"sensorCode\":\"SEN-TEMP-001\",\"sensorName\":\"中央泵房温度传感器一号\",\"sensorType\":\"TEMPERATURE\",\"areaName\":\"中央泵房\",\"location\":\"中央泵房一号水泵旁\",\"alarmLevel\":2,\"alarmLevelName\":\"重要\",\"orderStatus\":3,\"orderStatusName\":\"已关闭\",\"createTime\":\"2026-06-29T12:01:31\"}]}', 0, NULL, '2026-06-29 18:21:58', 7, 'admin', '2026-06-29 18:21:58', NULL, '2026-06-29 18:21:57', 0, NULL);
INSERT INTO `sys_oper_log` VALUES (65, '智能矿山-看板', '最近告警查询', 'cn.sxu.enterprise.module.mine.controller.MineDashboardController.recentAlarms()', 'GET', 'WEB', 'admin', NULL, '/api/mine/dashboard/recent-alarms', '127.0.0.1', '本地开发环境', '[]', '{\"code\":0,\"msg\":\"success\",\"data\":[{\"id\":10,\"eventCode\":\"ALM-D94-R2\",\"sensorCode\":\"SEN-TEMP-001\",\"sensorName\":\"中央泵房温度传感器一号\",\"sensorType\":\"TEMPERATURE\",\"areaName\":\"中央泵房\",\"location\":\"中央泵房一号水泵旁\",\"dataValue\":53.3887,\"thresholdValue\":40.0000,\"alarmLevel\":2,\"alarmLevelName\":\"重要\",\"handleStatus\":2,\"handleStatusName\":\"已关闭\",\"alarmTime\":\"2026-06-29T11:59:25\"},{\"id\":9,\"eventCode\":\"ALM-D151-R2\",\"sensorCode\":\"SEN-TEMP-001\",\"sensorName\":\"中央泵房温度传感器一号\",\"sensorType\":\"TEMPERATURE\",\"areaName\":\"中央泵房\",\"location\":\"中央泵房一号水泵旁\",\"dataValue\":47.1498,\"thresholdValue\":40.0000,\"alarmLevel\":2,\"alarmLevelName\":\"重要\",\"handleStatus\":0,\"handleStatusName\":\"未处理\",\"alarmTime\":\"2026-06-29T11:59:25\"},{\"id\":11,\"eventCode\":\"ALM-D93-R2\",\"sensorCode\":\"SEN-TEMP-001\",\"sensorName\":\"中央泵房温度传感器一号\",\"sensorType\":\"TEMPERATURE\",\"areaName\":\"中央泵房\",\"location\":\"中央泵房一号水泵旁\",\"dataValue\":50.2775,\"thresholdValue\":40.0000,\"alarmLevel\":2,\"alarmLevelName\":\"重要\",\"handleStatus\":0,\"handleStatusName\":\"未处理\",\"alarmTime\":\"2026-06-29T11:59:24\"},{\"id\":12,\"eventCode\":\"ALM-D120-R2\",\"sensorCode\":\"SEN-TEMP-001\",\"sensorName\":\"中央泵房温度传感器一号\",\"sensorType\":\"TEMPERATURE\",\"areaName\":\"中央泵房\",\"location\":\"中央泵房一号水泵旁\",\"dataValue\":52.5449,\"thresholdValue\":40.0000,\"alarmLevel\":2,\"alarmLevelName\":\"重要\",\"handleStatus\":0,\"handleStatusName\":\"未处理\",\"alarmTime\":\"2026-06-29T11:59:23\"},{\"id\":13,\"eventCode\":\"ALM-D90-R2\",\"sensorCode\":\"SEN-TEMP-001\",\"sensorName\":\"中央泵房温度传感器一号\",\"sensorType\":\"TEMPERATURE\",\"areaName\":\"中央泵房\",\"location\":\"中央泵房一号水泵旁\",\"dataValue\":41.8996,\"thresholdValue\":40.0000,\"alarmLevel\":2,\"alarmLevelName\":\"重要\",\"handleStatus\":0,\"handleStatusName\":\"未处理\",\"alarmTime\":\"2026-06-29T11:59:21\"},{\"id\":14,\"eventCode\":\"ALM-D146-R2\",\"sensorCode\":\"SEN-TEMP-001\",\"sensorName\":\"中央泵房温度传感器一号\",\"sensorType\":\"TEMPERATURE\",\"areaName\":\"中央泵房\",\"location\":\"中央泵房一号水泵旁\",\"dataValue\":47.9672,\"thresholdValue\":40.0000,\"alarmLevel\":2,\"alarmLevelName\":\"重要\",\"handleStatus\":0,\"handleStatusName\":\"未处理\",\"alarmTime\":\"2026-06-29T11:59:20\"},{\"id\":15,\"eventCode\":\"ALM-D115-R2\",\"sensorCode\":\"SEN-TEMP-001\",\"sens', 0, NULL, '2026-06-29 18:21:58', 15, 'admin', '2026-06-29 18:21:58', NULL, '2026-06-29 18:21:57', 0, NULL);
INSERT INTO `sys_oper_log` VALUES (66, '智能矿山-看板', '汇总统计', 'cn.sxu.enterprise.module.mine.controller.MineDashboardController.summary()', 'GET', 'WEB', 'admin', NULL, '/api/mine/dashboard/summary', '127.0.0.1', '本地开发环境', '[]', '{\"code\":0,\"msg\":\"success\",\"data\":{\"deviceTotal\":3,\"sensorTotal\":3,\"sensorDataTotal\":164,\"alarmRuleTotal\":3,\"alarmEventTotal\":17,\"unhandledAlarmTotal\":16,\"workOrderTotal\":1,\"pendingWorkOrderTotal\":0,\"closedWorkOrderTotal\":1}}', 0, NULL, '2026-06-29 18:23:58', 16, 'admin', '2026-06-29 18:23:58', NULL, '2026-06-29 18:23:58', 0, NULL);
INSERT INTO `sys_oper_log` VALUES (67, '智能矿山-看板', '告警级别统计', 'cn.sxu.enterprise.module.mine.controller.MineDashboardController.alarmLevelStats()', 'GET', 'WEB', 'admin', NULL, '/api/mine/dashboard/alarm-level-stats', '127.0.0.1', '本地开发环境', '[]', '{\"code\":0,\"msg\":\"success\",\"data\":[{\"alarmLevel\":2,\"alarmLevelName\":\"重要\",\"total\":17}]}', 0, NULL, '2026-06-29 18:23:58', 4, 'admin', '2026-06-29 18:23:58', NULL, '2026-06-29 18:23:58', 0, NULL);
INSERT INTO `sys_oper_log` VALUES (68, '智能矿山-看板', '传感器类型统计', 'cn.sxu.enterprise.module.mine.controller.MineDashboardController.sensorTypeStats()', 'GET', 'WEB', 'admin', NULL, '/api/mine/dashboard/sensor-type-stats', '127.0.0.1', '本地开发环境', '[]', '{\"code\":0,\"msg\":\"success\",\"data\":[{\"sensorType\":\"GAS\",\"sensorTypeName\":\"瓦斯\",\"total\":1},{\"sensorType\":\"TEMPERATURE\",\"sensorTypeName\":\"温度\",\"total\":1},{\"sensorType\":\"VIBRATION\",\"sensorTypeName\":\"振动\",\"total\":1}]}', 0, NULL, '2026-06-29 18:23:59', 3, 'admin', '2026-06-29 18:23:59', NULL, '2026-06-29 18:23:58', 0, NULL);
INSERT INTO `sys_oper_log` VALUES (69, '智能矿山-看板', '工单状态统计', 'cn.sxu.enterprise.module.mine.controller.MineDashboardController.workOrderStatusStats()', 'GET', 'WEB', 'admin', NULL, '/api/mine/dashboard/work-order-status-stats', '127.0.0.1', '本地开发环境', '[]', '{\"code\":0,\"msg\":\"success\",\"data\":[{\"orderStatus\":3,\"orderStatusName\":\"已关闭\",\"total\":1}]}', 0, NULL, '2026-06-29 18:23:59', 3, 'admin', '2026-06-29 18:23:59', NULL, '2026-06-29 18:23:58', 0, NULL);
INSERT INTO `sys_oper_log` VALUES (70, '智能矿山-看板', '最近工单查询', 'cn.sxu.enterprise.module.mine.controller.MineDashboardController.recentWorkOrders()', 'GET', 'WEB', 'admin', NULL, '/api/mine/dashboard/recent-work-orders', '127.0.0.1', '本地开发环境', '[]', '{\"code\":0,\"msg\":\"success\",\"data\":[{\"id\":1,\"workOrderCode\":\"WO-20260629120130-155439\",\"eventCode\":\"ALM-D94-R2\",\"sensorCode\":\"SEN-TEMP-001\",\"sensorName\":\"中央泵房温度传感器一号\",\"sensorType\":\"TEMPERATURE\",\"areaName\":\"中央泵房\",\"location\":\"中央泵房一号水泵旁\",\"alarmLevel\":2,\"alarmLevelName\":\"重要\",\"orderStatus\":3,\"orderStatusName\":\"已关闭\",\"createTime\":\"2026-06-29T12:01:31\"}]}', 0, NULL, '2026-06-29 18:23:59', 4, 'admin', '2026-06-29 18:23:59', NULL, '2026-06-29 18:23:58', 0, NULL);
INSERT INTO `sys_oper_log` VALUES (71, '智能矿山-看板', '最近告警查询', 'cn.sxu.enterprise.module.mine.controller.MineDashboardController.recentAlarms()', 'GET', 'WEB', 'admin', NULL, '/api/mine/dashboard/recent-alarms', '127.0.0.1', '本地开发环境', '[]', '{\"code\":0,\"msg\":\"success\",\"data\":[{\"id\":10,\"eventCode\":\"ALM-D94-R2\",\"sensorCode\":\"SEN-TEMP-001\",\"sensorName\":\"中央泵房温度传感器一号\",\"sensorType\":\"TEMPERATURE\",\"areaName\":\"中央泵房\",\"location\":\"中央泵房一号水泵旁\",\"dataValue\":53.3887,\"thresholdValue\":40.0000,\"alarmLevel\":2,\"alarmLevelName\":\"重要\",\"handleStatus\":2,\"handleStatusName\":\"已关闭\",\"alarmTime\":\"2026-06-29T11:59:25\"},{\"id\":9,\"eventCode\":\"ALM-D151-R2\",\"sensorCode\":\"SEN-TEMP-001\",\"sensorName\":\"中央泵房温度传感器一号\",\"sensorType\":\"TEMPERATURE\",\"areaName\":\"中央泵房\",\"location\":\"中央泵房一号水泵旁\",\"dataValue\":47.1498,\"thresholdValue\":40.0000,\"alarmLevel\":2,\"alarmLevelName\":\"重要\",\"handleStatus\":0,\"handleStatusName\":\"未处理\",\"alarmTime\":\"2026-06-29T11:59:25\"},{\"id\":11,\"eventCode\":\"ALM-D93-R2\",\"sensorCode\":\"SEN-TEMP-001\",\"sensorName\":\"中央泵房温度传感器一号\",\"sensorType\":\"TEMPERATURE\",\"areaName\":\"中央泵房\",\"location\":\"中央泵房一号水泵旁\",\"dataValue\":50.2775,\"thresholdValue\":40.0000,\"alarmLevel\":2,\"alarmLevelName\":\"重要\",\"handleStatus\":0,\"handleStatusName\":\"未处理\",\"alarmTime\":\"2026-06-29T11:59:24\"},{\"id\":12,\"eventCode\":\"ALM-D120-R2\",\"sensorCode\":\"SEN-TEMP-001\",\"sensorName\":\"中央泵房温度传感器一号\",\"sensorType\":\"TEMPERATURE\",\"areaName\":\"中央泵房\",\"location\":\"中央泵房一号水泵旁\",\"dataValue\":52.5449,\"thresholdValue\":40.0000,\"alarmLevel\":2,\"alarmLevelName\":\"重要\",\"handleStatus\":0,\"handleStatusName\":\"未处理\",\"alarmTime\":\"2026-06-29T11:59:23\"},{\"id\":13,\"eventCode\":\"ALM-D90-R2\",\"sensorCode\":\"SEN-TEMP-001\",\"sensorName\":\"中央泵房温度传感器一号\",\"sensorType\":\"TEMPERATURE\",\"areaName\":\"中央泵房\",\"location\":\"中央泵房一号水泵旁\",\"dataValue\":41.8996,\"thresholdValue\":40.0000,\"alarmLevel\":2,\"alarmLevelName\":\"重要\",\"handleStatus\":0,\"handleStatusName\":\"未处理\",\"alarmTime\":\"2026-06-29T11:59:21\"},{\"id\":14,\"eventCode\":\"ALM-D146-R2\",\"sensorCode\":\"SEN-TEMP-001\",\"sensorName\":\"中央泵房温度传感器一号\",\"sensorType\":\"TEMPERATURE\",\"areaName\":\"中央泵房\",\"location\":\"中央泵房一号水泵旁\",\"dataValue\":47.9672,\"thresholdValue\":40.0000,\"alarmLevel\":2,\"alarmLevelName\":\"重要\",\"handleStatus\":0,\"handleStatusName\":\"未处理\",\"alarmTime\":\"2026-06-29T11:59:20\"},{\"id\":15,\"eventCode\":\"ALM-D115-R2\",\"sensorCode\":\"SEN-TEMP-001\",\"sens', 0, NULL, '2026-06-29 18:23:59', 12, 'admin', '2026-06-29 18:23:59', NULL, '2026-06-29 18:23:58', 0, NULL);
INSERT INTO `sys_oper_log` VALUES (72, '智能矿山-看板', '工单状态统计', 'cn.sxu.enterprise.module.mine.controller.MineDashboardController.workOrderStatusStats()', 'GET', 'WEB', 'admin', NULL, '/api/mine/dashboard/work-order-status-stats', '127.0.0.1', '本地开发环境', '[]', '{\"code\":0,\"msg\":\"success\",\"data\":[{\"orderStatus\":3,\"orderStatusName\":\"已关闭\",\"total\":1}]}', 0, NULL, '2026-06-29 18:24:20', 4, 'admin', '2026-06-29 18:24:20', NULL, '2026-06-29 18:24:19', 0, NULL);
INSERT INTO `sys_oper_log` VALUES (73, '智能矿山-看板', '传感器类型统计', 'cn.sxu.enterprise.module.mine.controller.MineDashboardController.sensorTypeStats()', 'GET', 'WEB', 'admin', NULL, '/api/mine/dashboard/sensor-type-stats', '127.0.0.1', '本地开发环境', '[]', '{\"code\":0,\"msg\":\"success\",\"data\":[{\"sensorType\":\"GAS\",\"sensorTypeName\":\"瓦斯\",\"total\":1},{\"sensorType\":\"TEMPERATURE\",\"sensorTypeName\":\"温度\",\"total\":1},{\"sensorType\":\"VIBRATION\",\"sensorTypeName\":\"振动\",\"total\":1}]}', 0, NULL, '2026-06-29 18:24:20', 4, 'admin', '2026-06-29 18:24:20', NULL, '2026-06-29 18:24:19', 0, NULL);
INSERT INTO `sys_oper_log` VALUES (74, '智能矿山-看板', '告警级别统计', 'cn.sxu.enterprise.module.mine.controller.MineDashboardController.alarmLevelStats()', 'GET', 'WEB', 'admin', NULL, '/api/mine/dashboard/alarm-level-stats', '127.0.0.1', '本地开发环境', '[]', '{\"code\":0,\"msg\":\"success\",\"data\":[{\"alarmLevel\":2,\"alarmLevelName\":\"重要\",\"total\":17}]}', 0, NULL, '2026-06-29 18:24:20', 3, 'admin', '2026-06-29 18:24:20', NULL, '2026-06-29 18:24:19', 0, NULL);
INSERT INTO `sys_oper_log` VALUES (75, '智能矿山-看板', '最近告警查询', 'cn.sxu.enterprise.module.mine.controller.MineDashboardController.recentAlarms()', 'GET', 'WEB', 'admin', NULL, '/api/mine/dashboard/recent-alarms', '127.0.0.1', '本地开发环境', '[]', '{\"code\":0,\"msg\":\"success\",\"data\":[{\"id\":10,\"eventCode\":\"ALM-D94-R2\",\"sensorCode\":\"SEN-TEMP-001\",\"sensorName\":\"中央泵房温度传感器一号\",\"sensorType\":\"TEMPERATURE\",\"areaName\":\"中央泵房\",\"location\":\"中央泵房一号水泵旁\",\"dataValue\":53.3887,\"thresholdValue\":40.0000,\"alarmLevel\":2,\"alarmLevelName\":\"重要\",\"handleStatus\":2,\"handleStatusName\":\"已关闭\",\"alarmTime\":\"2026-06-29T11:59:25\"},{\"id\":9,\"eventCode\":\"ALM-D151-R2\",\"sensorCode\":\"SEN-TEMP-001\",\"sensorName\":\"中央泵房温度传感器一号\",\"sensorType\":\"TEMPERATURE\",\"areaName\":\"中央泵房\",\"location\":\"中央泵房一号水泵旁\",\"dataValue\":47.1498,\"thresholdValue\":40.0000,\"alarmLevel\":2,\"alarmLevelName\":\"重要\",\"handleStatus\":0,\"handleStatusName\":\"未处理\",\"alarmTime\":\"2026-06-29T11:59:25\"},{\"id\":11,\"eventCode\":\"ALM-D93-R2\",\"sensorCode\":\"SEN-TEMP-001\",\"sensorName\":\"中央泵房温度传感器一号\",\"sensorType\":\"TEMPERATURE\",\"areaName\":\"中央泵房\",\"location\":\"中央泵房一号水泵旁\",\"dataValue\":50.2775,\"thresholdValue\":40.0000,\"alarmLevel\":2,\"alarmLevelName\":\"重要\",\"handleStatus\":0,\"handleStatusName\":\"未处理\",\"alarmTime\":\"2026-06-29T11:59:24\"},{\"id\":12,\"eventCode\":\"ALM-D120-R2\",\"sensorCode\":\"SEN-TEMP-001\",\"sensorName\":\"中央泵房温度传感器一号\",\"sensorType\":\"TEMPERATURE\",\"areaName\":\"中央泵房\",\"location\":\"中央泵房一号水泵旁\",\"dataValue\":52.5449,\"thresholdValue\":40.0000,\"alarmLevel\":2,\"alarmLevelName\":\"重要\",\"handleStatus\":0,\"handleStatusName\":\"未处理\",\"alarmTime\":\"2026-06-29T11:59:23\"},{\"id\":13,\"eventCode\":\"ALM-D90-R2\",\"sensorCode\":\"SEN-TEMP-001\",\"sensorName\":\"中央泵房温度传感器一号\",\"sensorType\":\"TEMPERATURE\",\"areaName\":\"中央泵房\",\"location\":\"中央泵房一号水泵旁\",\"dataValue\":41.8996,\"thresholdValue\":40.0000,\"alarmLevel\":2,\"alarmLevelName\":\"重要\",\"handleStatus\":0,\"handleStatusName\":\"未处理\",\"alarmTime\":\"2026-06-29T11:59:21\"},{\"id\":14,\"eventCode\":\"ALM-D146-R2\",\"sensorCode\":\"SEN-TEMP-001\",\"sensorName\":\"中央泵房温度传感器一号\",\"sensorType\":\"TEMPERATURE\",\"areaName\":\"中央泵房\",\"location\":\"中央泵房一号水泵旁\",\"dataValue\":47.9672,\"thresholdValue\":40.0000,\"alarmLevel\":2,\"alarmLevelName\":\"重要\",\"handleStatus\":0,\"handleStatusName\":\"未处理\",\"alarmTime\":\"2026-06-29T11:59:20\"},{\"id\":15,\"eventCode\":\"ALM-D115-R2\",\"sensorCode\":\"SEN-TEMP-001\",\"sens', 0, NULL, '2026-06-29 18:24:20', 18, 'admin', '2026-06-29 18:24:20', NULL, '2026-06-29 18:24:19', 0, NULL);
INSERT INTO `sys_oper_log` VALUES (76, '智能矿山-看板', '汇总统计', 'cn.sxu.enterprise.module.mine.controller.MineDashboardController.summary()', 'GET', 'WEB', 'admin', NULL, '/api/mine/dashboard/summary', '127.0.0.1', '本地开发环境', '[]', '{\"code\":0,\"msg\":\"success\",\"data\":{\"deviceTotal\":3,\"sensorTotal\":3,\"sensorDataTotal\":164,\"alarmRuleTotal\":3,\"alarmEventTotal\":17,\"unhandledAlarmTotal\":16,\"workOrderTotal\":1,\"pendingWorkOrderTotal\":0,\"closedWorkOrderTotal\":1}}', 0, NULL, '2026-06-29 18:24:20', 33, 'admin', '2026-06-29 18:24:20', NULL, '2026-06-29 18:24:19', 0, NULL);
INSERT INTO `sys_oper_log` VALUES (77, '智能矿山-看板', '最近工单查询', 'cn.sxu.enterprise.module.mine.controller.MineDashboardController.recentWorkOrders()', 'GET', 'WEB', 'admin', NULL, '/api/mine/dashboard/recent-work-orders', '127.0.0.1', '本地开发环境', '[]', '{\"code\":0,\"msg\":\"success\",\"data\":[{\"id\":1,\"workOrderCode\":\"WO-20260629120130-155439\",\"eventCode\":\"ALM-D94-R2\",\"sensorCode\":\"SEN-TEMP-001\",\"sensorName\":\"中央泵房温度传感器一号\",\"sensorType\":\"TEMPERATURE\",\"areaName\":\"中央泵房\",\"location\":\"中央泵房一号水泵旁\",\"alarmLevel\":2,\"alarmLevelName\":\"重要\",\"orderStatus\":3,\"orderStatusName\":\"已关闭\",\"createTime\":\"2026-06-29T12:01:31\"}]}', 0, NULL, '2026-06-29 18:24:20', 4, 'admin', '2026-06-29 18:24:20', NULL, '2026-06-29 18:24:20', 0, NULL);
INSERT INTO `sys_oper_log` VALUES (78, '智能矿山-传感器数据', '模拟生成', 'cn.sxu.enterprise.module.mine.controller.MineSensorDataController.simulate()', 'POST', 'WEB', 'admin', NULL, '/api/mine/sensor-data/simulate', '127.0.0.1', '本地开发环境', '[{\"sensorId\":null,\"sensorType\":null,\"count\":5}]', '{\"code\":0,\"msg\":\"success\",\"data\":[{\"id\":165,\"sensorId\":1,\"sensorCode\":\"SEN-GAS-001\",\"sensorName\":\"一采区瓦斯传感器一号\",\"sensorType\":\"GAS\",\"deviceId\":1,\"areaName\":\"一采区\",\"location\":\"一采区回风巷\",\"dataValue\":0.8598,\"unit\":\"%\",\"alarmThreshold\":1.0000,\"alarmFlag\":0,\"collectTime\":\"2026-06-29T18:26:00.9421227\",\"status\":0,\"createTime\":\"2026-06-29T18:26:05.9421227\",\"remark\":\"M1-03 模拟生成传感器数据\"},{\"id\":166,\"sensorId\":1,\"sensorCode\":\"SEN-GAS-001\",\"sensorName\":\"一采区瓦斯传感器一号\",\"sensorType\":\"GAS\",\"deviceId\":1,\"areaName\":\"一采区\",\"location\":\"一采区回风巷\",\"dataValue\":0.9375,\"unit\":\"%\",\"alarmThreshold\":1.0000,\"alarmFlag\":0,\"collectTime\":\"2026-06-29T18:26:01.9421227\",\"status\":0,\"createTime\":\"2026-06-29T18:26:05.9507694\",\"remark\":\"M1-03 模拟生成传感器数据\"},{\"id\":167,\"sensorId\":1,\"sensorCode\":\"SEN-GAS-001\",\"sensorName\":\"一采区瓦斯传感器一号\",\"sensorType\":\"GAS\",\"deviceId\":1,\"areaName\":\"一采区\",\"location\":\"一采区回风巷\",\"dataValue\":0.9698,\"unit\":\"%\",\"alarmThreshold\":1.0000,\"alarmFlag\":0,\"collectTime\":\"2026-06-29T18:26:02.9421227\",\"status\":0,\"createTime\":\"2026-06-29T18:26:05.9583927\",\"remark\":\"M1-03 模拟生成传感器数据\"},{\"id\":168,\"sensorId\":1,\"sensorCode\":\"SEN-GAS-001\",\"sensorName\":\"一采区瓦斯传感器一号\",\"sensorType\":\"GAS\",\"deviceId\":1,\"areaName\":\"一采区\",\"location\":\"一采区回风巷\",\"dataValue\":0.5618,\"unit\":\"%\",\"alarmThreshold\":1.0000,\"alarmFlag\":0,\"collectTime\":\"2026-06-29T18:26:03.9421227\",\"status\":0,\"createTime\":\"2026-06-29T18:26:05.9651365\",\"remark\":\"M1-03 模拟生成传感器数据\"},{\"id\":169,\"sensorId\":1,\"sensorCode\":\"SEN-GAS-001\",\"sensorName\":\"一采区瓦斯传感器一号\",\"sensorType\":\"GAS\",\"deviceId\":1,\"areaName\":\"一采区\",\"location\":\"一采区回风巷\",\"dataValue\":0.0907,\"unit\":\"%\",\"alarmThreshold\":1.0000,\"alarmFlag\":0,\"collectTime\":\"2026-06-29T18:26:04.9421227\",\"status\":0,\"createTime\":\"2026-06-29T18:26:05.9722521\",\"remark\":\"M1-03 模拟生成传感器数据\"},{\"id\":170,\"sensorId\":2,\"sensorCode\":\"SEN-TEMP-001\",\"sensorName\":\"中央泵房温度传感器一号\",\"sensorType\":\"TEMPERATURE\",\"deviceId\":2,\"areaName\":\"中央泵房\",\"location\":\"中央泵房一号水泵旁\",\"dataValue\":8.5164,\"unit\":\"℃\",\"alarmThreshold\":60.0000,\"alarmFlag\":0,\"collectTime\":\"2026-06-29T18:26:00.9421227\"', 0, NULL, '2026-06-29 18:26:06', 137, 'admin', '2026-06-29 18:26:06', NULL, '2026-06-29 18:26:06', 0, NULL);
INSERT INTO `sys_oper_log` VALUES (79, '智能矿山-看板', '汇总统计', 'cn.sxu.enterprise.module.mine.controller.MineDashboardController.summary()', 'GET', 'WEB', 'admin', NULL, '/api/mine/dashboard/summary', '127.0.0.1', '本地开发环境', '[]', '{\"code\":0,\"msg\":\"success\",\"data\":{\"deviceTotal\":3,\"sensorTotal\":3,\"sensorDataTotal\":179,\"alarmRuleTotal\":3,\"alarmEventTotal\":17,\"unhandledAlarmTotal\":16,\"workOrderTotal\":1,\"pendingWorkOrderTotal\":0,\"closedWorkOrderTotal\":1}}', 0, NULL, '2026-06-29 18:26:06', 11, 'admin', '2026-06-29 18:26:06', NULL, '2026-06-29 18:26:06', 0, NULL);
INSERT INTO `sys_oper_log` VALUES (80, '智能矿山-看板', '告警级别统计', 'cn.sxu.enterprise.module.mine.controller.MineDashboardController.alarmLevelStats()', 'GET', 'WEB', 'admin', NULL, '/api/mine/dashboard/alarm-level-stats', '127.0.0.1', '本地开发环境', '[]', '{\"code\":0,\"msg\":\"success\",\"data\":[{\"alarmLevel\":2,\"alarmLevelName\":\"重要\",\"total\":17}]}', 0, NULL, '2026-06-29 18:26:06', 3, 'admin', '2026-06-29 18:26:06', NULL, '2026-06-29 18:26:06', 0, NULL);
INSERT INTO `sys_oper_log` VALUES (81, '智能矿山-看板', '传感器类型统计', 'cn.sxu.enterprise.module.mine.controller.MineDashboardController.sensorTypeStats()', 'GET', 'WEB', 'admin', NULL, '/api/mine/dashboard/sensor-type-stats', '127.0.0.1', '本地开发环境', '[]', '{\"code\":0,\"msg\":\"success\",\"data\":[{\"sensorType\":\"GAS\",\"sensorTypeName\":\"瓦斯\",\"total\":1},{\"sensorType\":\"TEMPERATURE\",\"sensorTypeName\":\"温度\",\"total\":1},{\"sensorType\":\"VIBRATION\",\"sensorTypeName\":\"振动\",\"total\":1}]}', 0, NULL, '2026-06-29 18:26:06', 3, 'admin', '2026-06-29 18:26:06', NULL, '2026-06-29 18:26:06', 0, NULL);
INSERT INTO `sys_oper_log` VALUES (82, '智能矿山-看板', '工单状态统计', 'cn.sxu.enterprise.module.mine.controller.MineDashboardController.workOrderStatusStats()', 'GET', 'WEB', 'admin', NULL, '/api/mine/dashboard/work-order-status-stats', '127.0.0.1', '本地开发环境', '[]', '{\"code\":0,\"msg\":\"success\",\"data\":[{\"orderStatus\":3,\"orderStatusName\":\"已关闭\",\"total\":1}]}', 0, NULL, '2026-06-29 18:26:06', 3, 'admin', '2026-06-29 18:26:06', NULL, '2026-06-29 18:26:06', 0, NULL);
INSERT INTO `sys_oper_log` VALUES (83, '智能矿山-看板', '最近工单查询', 'cn.sxu.enterprise.module.mine.controller.MineDashboardController.recentWorkOrders()', 'GET', 'WEB', 'admin', NULL, '/api/mine/dashboard/recent-work-orders', '127.0.0.1', '本地开发环境', '[]', '{\"code\":0,\"msg\":\"success\",\"data\":[{\"id\":1,\"workOrderCode\":\"WO-20260629120130-155439\",\"eventCode\":\"ALM-D94-R2\",\"sensorCode\":\"SEN-TEMP-001\",\"sensorName\":\"中央泵房温度传感器一号\",\"sensorType\":\"TEMPERATURE\",\"areaName\":\"中央泵房\",\"location\":\"中央泵房一号水泵旁\",\"alarmLevel\":2,\"alarmLevelName\":\"重要\",\"orderStatus\":3,\"orderStatusName\":\"已关闭\",\"createTime\":\"2026-06-29T12:01:31\"}]}', 0, NULL, '2026-06-29 18:26:06', 4, 'admin', '2026-06-29 18:26:06', NULL, '2026-06-29 18:26:06', 0, NULL);
INSERT INTO `sys_oper_log` VALUES (84, '智能矿山-看板', '最近告警查询', 'cn.sxu.enterprise.module.mine.controller.MineDashboardController.recentAlarms()', 'GET', 'WEB', 'admin', NULL, '/api/mine/dashboard/recent-alarms', '127.0.0.1', '本地开发环境', '[]', '{\"code\":0,\"msg\":\"success\",\"data\":[{\"id\":10,\"eventCode\":\"ALM-D94-R2\",\"sensorCode\":\"SEN-TEMP-001\",\"sensorName\":\"中央泵房温度传感器一号\",\"sensorType\":\"TEMPERATURE\",\"areaName\":\"中央泵房\",\"location\":\"中央泵房一号水泵旁\",\"dataValue\":53.3887,\"thresholdValue\":40.0000,\"alarmLevel\":2,\"alarmLevelName\":\"重要\",\"handleStatus\":2,\"handleStatusName\":\"已关闭\",\"alarmTime\":\"2026-06-29T11:59:25\"},{\"id\":9,\"eventCode\":\"ALM-D151-R2\",\"sensorCode\":\"SEN-TEMP-001\",\"sensorName\":\"中央泵房温度传感器一号\",\"sensorType\":\"TEMPERATURE\",\"areaName\":\"中央泵房\",\"location\":\"中央泵房一号水泵旁\",\"dataValue\":47.1498,\"thresholdValue\":40.0000,\"alarmLevel\":2,\"alarmLevelName\":\"重要\",\"handleStatus\":0,\"handleStatusName\":\"未处理\",\"alarmTime\":\"2026-06-29T11:59:25\"},{\"id\":11,\"eventCode\":\"ALM-D93-R2\",\"sensorCode\":\"SEN-TEMP-001\",\"sensorName\":\"中央泵房温度传感器一号\",\"sensorType\":\"TEMPERATURE\",\"areaName\":\"中央泵房\",\"location\":\"中央泵房一号水泵旁\",\"dataValue\":50.2775,\"thresholdValue\":40.0000,\"alarmLevel\":2,\"alarmLevelName\":\"重要\",\"handleStatus\":0,\"handleStatusName\":\"未处理\",\"alarmTime\":\"2026-06-29T11:59:24\"},{\"id\":12,\"eventCode\":\"ALM-D120-R2\",\"sensorCode\":\"SEN-TEMP-001\",\"sensorName\":\"中央泵房温度传感器一号\",\"sensorType\":\"TEMPERATURE\",\"areaName\":\"中央泵房\",\"location\":\"中央泵房一号水泵旁\",\"dataValue\":52.5449,\"thresholdValue\":40.0000,\"alarmLevel\":2,\"alarmLevelName\":\"重要\",\"handleStatus\":0,\"handleStatusName\":\"未处理\",\"alarmTime\":\"2026-06-29T11:59:23\"},{\"id\":13,\"eventCode\":\"ALM-D90-R2\",\"sensorCode\":\"SEN-TEMP-001\",\"sensorName\":\"中央泵房温度传感器一号\",\"sensorType\":\"TEMPERATURE\",\"areaName\":\"中央泵房\",\"location\":\"中央泵房一号水泵旁\",\"dataValue\":41.8996,\"thresholdValue\":40.0000,\"alarmLevel\":2,\"alarmLevelName\":\"重要\",\"handleStatus\":0,\"handleStatusName\":\"未处理\",\"alarmTime\":\"2026-06-29T11:59:21\"},{\"id\":14,\"eventCode\":\"ALM-D146-R2\",\"sensorCode\":\"SEN-TEMP-001\",\"sensorName\":\"中央泵房温度传感器一号\",\"sensorType\":\"TEMPERATURE\",\"areaName\":\"中央泵房\",\"location\":\"中央泵房一号水泵旁\",\"dataValue\":47.9672,\"thresholdValue\":40.0000,\"alarmLevel\":2,\"alarmLevelName\":\"重要\",\"handleStatus\":0,\"handleStatusName\":\"未处理\",\"alarmTime\":\"2026-06-29T11:59:20\"},{\"id\":15,\"eventCode\":\"ALM-D115-R2\",\"sensorCode\":\"SEN-TEMP-001\",\"sens', 0, NULL, '2026-06-29 18:26:06', 7, 'admin', '2026-06-29 18:26:06', NULL, '2026-06-29 18:26:06', 0, NULL);
INSERT INTO `sys_oper_log` VALUES (85, '智能矿山-告警事件', '生成告警事件', 'cn.sxu.enterprise.module.mine.controller.MineAlarmEventController.generate()', 'POST', 'WEB', 'admin', NULL, '/api/mine/alarm-events/generate', '127.0.0.1', '本地开发环境', '[{\"sensorDataId\":null,\"sensorType\":null,\"limit\":100}]', '{\"code\":0,\"msg\":\"success\",\"data\":[]}', 0, NULL, '2026-06-29 18:26:20', 48, 'admin', '2026-06-29 18:26:20', NULL, '2026-06-29 18:26:19', 0, NULL);
INSERT INTO `sys_oper_log` VALUES (86, '智能矿山-看板', '汇总统计', 'cn.sxu.enterprise.module.mine.controller.MineDashboardController.summary()', 'GET', 'WEB', 'admin', NULL, '/api/mine/dashboard/summary', '127.0.0.1', '本地开发环境', '[]', '{\"code\":0,\"msg\":\"success\",\"data\":{\"deviceTotal\":3,\"sensorTotal\":3,\"sensorDataTotal\":179,\"alarmRuleTotal\":3,\"alarmEventTotal\":17,\"unhandledAlarmTotal\":16,\"workOrderTotal\":1,\"pendingWorkOrderTotal\":0,\"closedWorkOrderTotal\":1}}', 0, NULL, '2026-06-29 18:26:20', 10, 'admin', '2026-06-29 18:26:20', NULL, '2026-06-29 18:26:19', 0, NULL);
INSERT INTO `sys_oper_log` VALUES (87, '智能矿山-看板', '传感器类型统计', 'cn.sxu.enterprise.module.mine.controller.MineDashboardController.sensorTypeStats()', 'GET', 'WEB', 'admin', NULL, '/api/mine/dashboard/sensor-type-stats', '127.0.0.1', '本地开发环境', '[]', '{\"code\":0,\"msg\":\"success\",\"data\":[{\"sensorType\":\"GAS\",\"sensorTypeName\":\"瓦斯\",\"total\":1},{\"sensorType\":\"TEMPERATURE\",\"sensorTypeName\":\"温度\",\"total\":1},{\"sensorType\":\"VIBRATION\",\"sensorTypeName\":\"振动\",\"total\":1}]}', 0, NULL, '2026-06-29 18:26:20', 3, 'admin', '2026-06-29 18:26:20', NULL, '2026-06-29 18:26:19', 0, NULL);
INSERT INTO `sys_oper_log` VALUES (88, '智能矿山-看板', '工单状态统计', 'cn.sxu.enterprise.module.mine.controller.MineDashboardController.workOrderStatusStats()', 'GET', 'WEB', 'admin', NULL, '/api/mine/dashboard/work-order-status-stats', '127.0.0.1', '本地开发环境', '[]', '{\"code\":0,\"msg\":\"success\",\"data\":[{\"orderStatus\":3,\"orderStatusName\":\"已关闭\",\"total\":1}]}', 0, NULL, '2026-06-29 18:26:20', 3, 'admin', '2026-06-29 18:26:20', NULL, '2026-06-29 18:26:19', 0, NULL);
INSERT INTO `sys_oper_log` VALUES (89, '智能矿山-看板', '告警级别统计', 'cn.sxu.enterprise.module.mine.controller.MineDashboardController.alarmLevelStats()', 'GET', 'WEB', 'admin', NULL, '/api/mine/dashboard/alarm-level-stats', '127.0.0.1', '本地开发环境', '[]', '{\"code\":0,\"msg\":\"success\",\"data\":[{\"alarmLevel\":2,\"alarmLevelName\":\"重要\",\"total\":17}]}', 0, NULL, '2026-06-29 18:26:20', 3, 'admin', '2026-06-29 18:26:20', NULL, '2026-06-29 18:26:19', 0, NULL);
INSERT INTO `sys_oper_log` VALUES (90, '智能矿山-看板', '最近工单查询', 'cn.sxu.enterprise.module.mine.controller.MineDashboardController.recentWorkOrders()', 'GET', 'WEB', 'admin', NULL, '/api/mine/dashboard/recent-work-orders', '127.0.0.1', '本地开发环境', '[]', '{\"code\":0,\"msg\":\"success\",\"data\":[{\"id\":1,\"workOrderCode\":\"WO-20260629120130-155439\",\"eventCode\":\"ALM-D94-R2\",\"sensorCode\":\"SEN-TEMP-001\",\"sensorName\":\"中央泵房温度传感器一号\",\"sensorType\":\"TEMPERATURE\",\"areaName\":\"中央泵房\",\"location\":\"中央泵房一号水泵旁\",\"alarmLevel\":2,\"alarmLevelName\":\"重要\",\"orderStatus\":3,\"orderStatusName\":\"已关闭\",\"createTime\":\"2026-06-29T12:01:31\"}]}', 0, NULL, '2026-06-29 18:26:20', 3, 'admin', '2026-06-29 18:26:20', NULL, '2026-06-29 18:26:19', 0, NULL);
INSERT INTO `sys_oper_log` VALUES (91, '智能矿山-看板', '最近告警查询', 'cn.sxu.enterprise.module.mine.controller.MineDashboardController.recentAlarms()', 'GET', 'WEB', 'admin', NULL, '/api/mine/dashboard/recent-alarms', '127.0.0.1', '本地开发环境', '[]', '{\"code\":0,\"msg\":\"success\",\"data\":[{\"id\":10,\"eventCode\":\"ALM-D94-R2\",\"sensorCode\":\"SEN-TEMP-001\",\"sensorName\":\"中央泵房温度传感器一号\",\"sensorType\":\"TEMPERATURE\",\"areaName\":\"中央泵房\",\"location\":\"中央泵房一号水泵旁\",\"dataValue\":53.3887,\"thresholdValue\":40.0000,\"alarmLevel\":2,\"alarmLevelName\":\"重要\",\"handleStatus\":2,\"handleStatusName\":\"已关闭\",\"alarmTime\":\"2026-06-29T11:59:25\"},{\"id\":9,\"eventCode\":\"ALM-D151-R2\",\"sensorCode\":\"SEN-TEMP-001\",\"sensorName\":\"中央泵房温度传感器一号\",\"sensorType\":\"TEMPERATURE\",\"areaName\":\"中央泵房\",\"location\":\"中央泵房一号水泵旁\",\"dataValue\":47.1498,\"thresholdValue\":40.0000,\"alarmLevel\":2,\"alarmLevelName\":\"重要\",\"handleStatus\":0,\"handleStatusName\":\"未处理\",\"alarmTime\":\"2026-06-29T11:59:25\"},{\"id\":11,\"eventCode\":\"ALM-D93-R2\",\"sensorCode\":\"SEN-TEMP-001\",\"sensorName\":\"中央泵房温度传感器一号\",\"sensorType\":\"TEMPERATURE\",\"areaName\":\"中央泵房\",\"location\":\"中央泵房一号水泵旁\",\"dataValue\":50.2775,\"thresholdValue\":40.0000,\"alarmLevel\":2,\"alarmLevelName\":\"重要\",\"handleStatus\":0,\"handleStatusName\":\"未处理\",\"alarmTime\":\"2026-06-29T11:59:24\"},{\"id\":12,\"eventCode\":\"ALM-D120-R2\",\"sensorCode\":\"SEN-TEMP-001\",\"sensorName\":\"中央泵房温度传感器一号\",\"sensorType\":\"TEMPERATURE\",\"areaName\":\"中央泵房\",\"location\":\"中央泵房一号水泵旁\",\"dataValue\":52.5449,\"thresholdValue\":40.0000,\"alarmLevel\":2,\"alarmLevelName\":\"重要\",\"handleStatus\":0,\"handleStatusName\":\"未处理\",\"alarmTime\":\"2026-06-29T11:59:23\"},{\"id\":13,\"eventCode\":\"ALM-D90-R2\",\"sensorCode\":\"SEN-TEMP-001\",\"sensorName\":\"中央泵房温度传感器一号\",\"sensorType\":\"TEMPERATURE\",\"areaName\":\"中央泵房\",\"location\":\"中央泵房一号水泵旁\",\"dataValue\":41.8996,\"thresholdValue\":40.0000,\"alarmLevel\":2,\"alarmLevelName\":\"重要\",\"handleStatus\":0,\"handleStatusName\":\"未处理\",\"alarmTime\":\"2026-06-29T11:59:21\"},{\"id\":14,\"eventCode\":\"ALM-D146-R2\",\"sensorCode\":\"SEN-TEMP-001\",\"sensorName\":\"中央泵房温度传感器一号\",\"sensorType\":\"TEMPERATURE\",\"areaName\":\"中央泵房\",\"location\":\"中央泵房一号水泵旁\",\"dataValue\":47.9672,\"thresholdValue\":40.0000,\"alarmLevel\":2,\"alarmLevelName\":\"重要\",\"handleStatus\":0,\"handleStatusName\":\"未处理\",\"alarmTime\":\"2026-06-29T11:59:20\"},{\"id\":15,\"eventCode\":\"ALM-D115-R2\",\"sensorCode\":\"SEN-TEMP-001\",\"sens', 0, NULL, '2026-06-29 18:26:20', 5, 'admin', '2026-06-29 18:26:20', NULL, '2026-06-29 18:26:19', 0, NULL);
INSERT INTO `sys_oper_log` VALUES (92, '智能矿山-看板', '传感器类型统计', 'cn.sxu.enterprise.module.mine.controller.MineDashboardController.sensorTypeStats()', 'GET', 'WEB', 'admin', NULL, '/api/mine/dashboard/sensor-type-stats', '127.0.0.1', '本地开发环境', '[]', '{\"code\":0,\"msg\":\"success\",\"data\":[{\"sensorType\":\"GAS\",\"sensorTypeName\":\"瓦斯\",\"total\":1},{\"sensorType\":\"TEMPERATURE\",\"sensorTypeName\":\"温度\",\"total\":1},{\"sensorType\":\"VIBRATION\",\"sensorTypeName\":\"振动\",\"total\":1}]}', 0, NULL, '2026-06-29 18:26:27', 3, 'admin', '2026-06-29 18:26:27', NULL, '2026-06-29 18:26:27', 0, NULL);
INSERT INTO `sys_oper_log` VALUES (93, '智能矿山-看板', '告警级别统计', 'cn.sxu.enterprise.module.mine.controller.MineDashboardController.alarmLevelStats()', 'GET', 'WEB', 'admin', NULL, '/api/mine/dashboard/alarm-level-stats', '127.0.0.1', '本地开发环境', '[]', '{\"code\":0,\"msg\":\"success\",\"data\":[{\"alarmLevel\":2,\"alarmLevelName\":\"重要\",\"total\":17}]}', 0, NULL, '2026-06-29 18:26:27', 3, 'admin', '2026-06-29 18:26:27', NULL, '2026-06-29 18:26:27', 0, NULL);
INSERT INTO `sys_oper_log` VALUES (94, '智能矿山-看板', '工单状态统计', 'cn.sxu.enterprise.module.mine.controller.MineDashboardController.workOrderStatusStats()', 'GET', 'WEB', 'admin', NULL, '/api/mine/dashboard/work-order-status-stats', '127.0.0.1', '本地开发环境', '[]', '{\"code\":0,\"msg\":\"success\",\"data\":[{\"orderStatus\":3,\"orderStatusName\":\"已关闭\",\"total\":1}]}', 0, NULL, '2026-06-29 18:26:27', 12, 'admin', '2026-06-29 18:26:27', NULL, '2026-06-29 18:26:27', 0, NULL);
INSERT INTO `sys_oper_log` VALUES (95, '智能矿山-看板', '最近工单查询', 'cn.sxu.enterprise.module.mine.controller.MineDashboardController.recentWorkOrders()', 'GET', 'WEB', 'admin', NULL, '/api/mine/dashboard/recent-work-orders', '127.0.0.1', '本地开发环境', '[]', '{\"code\":0,\"msg\":\"success\",\"data\":[{\"id\":1,\"workOrderCode\":\"WO-20260629120130-155439\",\"eventCode\":\"ALM-D94-R2\",\"sensorCode\":\"SEN-TEMP-001\",\"sensorName\":\"中央泵房温度传感器一号\",\"sensorType\":\"TEMPERATURE\",\"areaName\":\"中央泵房\",\"location\":\"中央泵房一号水泵旁\",\"alarmLevel\":2,\"alarmLevelName\":\"重要\",\"orderStatus\":3,\"orderStatusName\":\"已关闭\",\"createTime\":\"2026-06-29T12:01:31\"}]}', 0, NULL, '2026-06-29 18:26:27', 3, 'admin', '2026-06-29 18:26:27', NULL, '2026-06-29 18:26:27', 0, NULL);
INSERT INTO `sys_oper_log` VALUES (96, '智能矿山-看板', '最近告警查询', 'cn.sxu.enterprise.module.mine.controller.MineDashboardController.recentAlarms()', 'GET', 'WEB', 'admin', NULL, '/api/mine/dashboard/recent-alarms', '127.0.0.1', '本地开发环境', '[]', '{\"code\":0,\"msg\":\"success\",\"data\":[{\"id\":10,\"eventCode\":\"ALM-D94-R2\",\"sensorCode\":\"SEN-TEMP-001\",\"sensorName\":\"中央泵房温度传感器一号\",\"sensorType\":\"TEMPERATURE\",\"areaName\":\"中央泵房\",\"location\":\"中央泵房一号水泵旁\",\"dataValue\":53.3887,\"thresholdValue\":40.0000,\"alarmLevel\":2,\"alarmLevelName\":\"重要\",\"handleStatus\":2,\"handleStatusName\":\"已关闭\",\"alarmTime\":\"2026-06-29T11:59:25\"},{\"id\":9,\"eventCode\":\"ALM-D151-R2\",\"sensorCode\":\"SEN-TEMP-001\",\"sensorName\":\"中央泵房温度传感器一号\",\"sensorType\":\"TEMPERATURE\",\"areaName\":\"中央泵房\",\"location\":\"中央泵房一号水泵旁\",\"dataValue\":47.1498,\"thresholdValue\":40.0000,\"alarmLevel\":2,\"alarmLevelName\":\"重要\",\"handleStatus\":0,\"handleStatusName\":\"未处理\",\"alarmTime\":\"2026-06-29T11:59:25\"},{\"id\":11,\"eventCode\":\"ALM-D93-R2\",\"sensorCode\":\"SEN-TEMP-001\",\"sensorName\":\"中央泵房温度传感器一号\",\"sensorType\":\"TEMPERATURE\",\"areaName\":\"中央泵房\",\"location\":\"中央泵房一号水泵旁\",\"dataValue\":50.2775,\"thresholdValue\":40.0000,\"alarmLevel\":2,\"alarmLevelName\":\"重要\",\"handleStatus\":0,\"handleStatusName\":\"未处理\",\"alarmTime\":\"2026-06-29T11:59:24\"},{\"id\":12,\"eventCode\":\"ALM-D120-R2\",\"sensorCode\":\"SEN-TEMP-001\",\"sensorName\":\"中央泵房温度传感器一号\",\"sensorType\":\"TEMPERATURE\",\"areaName\":\"中央泵房\",\"location\":\"中央泵房一号水泵旁\",\"dataValue\":52.5449,\"thresholdValue\":40.0000,\"alarmLevel\":2,\"alarmLevelName\":\"重要\",\"handleStatus\":0,\"handleStatusName\":\"未处理\",\"alarmTime\":\"2026-06-29T11:59:23\"},{\"id\":13,\"eventCode\":\"ALM-D90-R2\",\"sensorCode\":\"SEN-TEMP-001\",\"sensorName\":\"中央泵房温度传感器一号\",\"sensorType\":\"TEMPERATURE\",\"areaName\":\"中央泵房\",\"location\":\"中央泵房一号水泵旁\",\"dataValue\":41.8996,\"thresholdValue\":40.0000,\"alarmLevel\":2,\"alarmLevelName\":\"重要\",\"handleStatus\":0,\"handleStatusName\":\"未处理\",\"alarmTime\":\"2026-06-29T11:59:21\"},{\"id\":14,\"eventCode\":\"ALM-D146-R2\",\"sensorCode\":\"SEN-TEMP-001\",\"sensorName\":\"中央泵房温度传感器一号\",\"sensorType\":\"TEMPERATURE\",\"areaName\":\"中央泵房\",\"location\":\"中央泵房一号水泵旁\",\"dataValue\":47.9672,\"thresholdValue\":40.0000,\"alarmLevel\":2,\"alarmLevelName\":\"重要\",\"handleStatus\":0,\"handleStatusName\":\"未处理\",\"alarmTime\":\"2026-06-29T11:59:20\"},{\"id\":15,\"eventCode\":\"ALM-D115-R2\",\"sensorCode\":\"SEN-TEMP-001\",\"sens', 0, NULL, '2026-06-29 18:26:27', 5, 'admin', '2026-06-29 18:26:27', NULL, '2026-06-29 18:26:27', 0, NULL);
INSERT INTO `sys_oper_log` VALUES (97, '智能矿山-看板', '汇总统计', 'cn.sxu.enterprise.module.mine.controller.MineDashboardController.summary()', 'GET', 'WEB', 'admin', NULL, '/api/mine/dashboard/summary', '127.0.0.1', '本地开发环境', '[]', '{\"code\":0,\"msg\":\"success\",\"data\":{\"deviceTotal\":3,\"sensorTotal\":3,\"sensorDataTotal\":179,\"alarmRuleTotal\":3,\"alarmEventTotal\":17,\"unhandledAlarmTotal\":16,\"workOrderTotal\":1,\"pendingWorkOrderTotal\":0,\"closedWorkOrderTotal\":1}}', 0, NULL, '2026-06-29 18:26:27', 29, 'admin', '2026-06-29 18:26:27', NULL, '2026-06-29 18:26:27', 0, NULL);
INSERT INTO `sys_oper_log` VALUES (98, '智能矿山-传感器数据', '模拟生成', 'cn.sxu.enterprise.module.mine.controller.MineSensorDataController.simulate()', 'POST', 'WEB', 'admin', NULL, '/api/mine/sensor-data/simulate', '127.0.0.1', '本地开发环境', '[{\"sensorId\":null,\"sensorType\":null,\"count\":5}]', '{\"code\":0,\"msg\":\"success\",\"data\":[{\"id\":180,\"sensorId\":1,\"sensorCode\":\"SEN-GAS-001\",\"sensorName\":\"一采区瓦斯传感器一号\",\"sensorType\":\"GAS\",\"deviceId\":1,\"areaName\":\"一采区\",\"location\":\"一采区回风巷\",\"dataValue\":0.8315,\"unit\":\"%\",\"alarmThreshold\":1.0000,\"alarmFlag\":0,\"collectTime\":\"2026-06-29T18:26:37.4729621\",\"status\":0,\"createTime\":\"2026-06-29T18:26:42.4729621\",\"remark\":\"M1-03 模拟生成传感器数据\"},{\"id\":181,\"sensorId\":1,\"sensorCode\":\"SEN-GAS-001\",\"sensorName\":\"一采区瓦斯传感器一号\",\"sensorType\":\"GAS\",\"deviceId\":1,\"areaName\":\"一采区\",\"location\":\"一采区回风巷\",\"dataValue\":0.3886,\"unit\":\"%\",\"alarmThreshold\":1.0000,\"alarmFlag\":0,\"collectTime\":\"2026-06-29T18:26:38.4729621\",\"status\":0,\"createTime\":\"2026-06-29T18:26:42.4798153\",\"remark\":\"M1-03 模拟生成传感器数据\"},{\"id\":182,\"sensorId\":1,\"sensorCode\":\"SEN-GAS-001\",\"sensorName\":\"一采区瓦斯传感器一号\",\"sensorType\":\"GAS\",\"deviceId\":1,\"areaName\":\"一采区\",\"location\":\"一采区回风巷\",\"dataValue\":0.8115,\"unit\":\"%\",\"alarmThreshold\":1.0000,\"alarmFlag\":0,\"collectTime\":\"2026-06-29T18:26:39.4729621\",\"status\":0,\"createTime\":\"2026-06-29T18:26:42.488104\",\"remark\":\"M1-03 模拟生成传感器数据\"},{\"id\":183,\"sensorId\":1,\"sensorCode\":\"SEN-GAS-001\",\"sensorName\":\"一采区瓦斯传感器一号\",\"sensorType\":\"GAS\",\"deviceId\":1,\"areaName\":\"一采区\",\"location\":\"一采区回风巷\",\"dataValue\":0.3964,\"unit\":\"%\",\"alarmThreshold\":1.0000,\"alarmFlag\":0,\"collectTime\":\"2026-06-29T18:26:40.4729621\",\"status\":0,\"createTime\":\"2026-06-29T18:26:42.493962\",\"remark\":\"M1-03 模拟生成传感器数据\"},{\"id\":184,\"sensorId\":1,\"sensorCode\":\"SEN-GAS-001\",\"sensorName\":\"一采区瓦斯传感器一号\",\"sensorType\":\"GAS\",\"deviceId\":1,\"areaName\":\"一采区\",\"location\":\"一采区回风巷\",\"dataValue\":0.6408,\"unit\":\"%\",\"alarmThreshold\":1.0000,\"alarmFlag\":0,\"collectTime\":\"2026-06-29T18:26:41.4729621\",\"status\":0,\"createTime\":\"2026-06-29T18:26:42.5005907\",\"remark\":\"M1-03 模拟生成传感器数据\"},{\"id\":185,\"sensorId\":2,\"sensorCode\":\"SEN-TEMP-001\",\"sensorName\":\"中央泵房温度传感器一号\",\"sensorType\":\"TEMPERATURE\",\"deviceId\":2,\"areaName\":\"中央泵房\",\"location\":\"中央泵房一号水泵旁\",\"dataValue\":14.2664,\"unit\":\"℃\",\"alarmThreshold\":60.0000,\"alarmFlag\":0,\"collectTime\":\"2026-06-29T18:26:37.4729621\",', 0, NULL, '2026-06-29 18:26:43', 145, 'admin', '2026-06-29 18:26:43', NULL, '2026-06-29 18:26:42', 0, NULL);
INSERT INTO `sys_oper_log` VALUES (99, '智能矿山-看板', '汇总统计', 'cn.sxu.enterprise.module.mine.controller.MineDashboardController.summary()', 'GET', 'WEB', 'admin', NULL, '/api/mine/dashboard/summary', '127.0.0.1', '本地开发环境', '[]', '{\"code\":0,\"msg\":\"success\",\"data\":{\"deviceTotal\":3,\"sensorTotal\":3,\"sensorDataTotal\":194,\"alarmRuleTotal\":3,\"alarmEventTotal\":17,\"unhandledAlarmTotal\":16,\"workOrderTotal\":1,\"pendingWorkOrderTotal\":0,\"closedWorkOrderTotal\":1}}', 0, NULL, '2026-06-29 18:26:43', 10, 'admin', '2026-06-29 18:26:43', NULL, '2026-06-29 18:26:42', 0, NULL);
INSERT INTO `sys_oper_log` VALUES (100, '智能矿山-看板', '告警级别统计', 'cn.sxu.enterprise.module.mine.controller.MineDashboardController.alarmLevelStats()', 'GET', 'WEB', 'admin', NULL, '/api/mine/dashboard/alarm-level-stats', '127.0.0.1', '本地开发环境', '[]', '{\"code\":0,\"msg\":\"success\",\"data\":[{\"alarmLevel\":2,\"alarmLevelName\":\"重要\",\"total\":17}]}', 0, NULL, '2026-06-29 18:26:43', 2, 'admin', '2026-06-29 18:26:43', NULL, '2026-06-29 18:26:42', 0, NULL);
INSERT INTO `sys_oper_log` VALUES (101, '智能矿山-看板', '工单状态统计', 'cn.sxu.enterprise.module.mine.controller.MineDashboardController.workOrderStatusStats()', 'GET', 'WEB', 'admin', NULL, '/api/mine/dashboard/work-order-status-stats', '127.0.0.1', '本地开发环境', '[]', '{\"code\":0,\"msg\":\"success\",\"data\":[{\"orderStatus\":3,\"orderStatusName\":\"已关闭\",\"total\":1}]}', 0, NULL, '2026-06-29 18:26:43', 1, 'admin', '2026-06-29 18:26:43', NULL, '2026-06-29 18:26:42', 0, NULL);
INSERT INTO `sys_oper_log` VALUES (102, '智能矿山-看板', '传感器类型统计', 'cn.sxu.enterprise.module.mine.controller.MineDashboardController.sensorTypeStats()', 'GET', 'WEB', 'admin', NULL, '/api/mine/dashboard/sensor-type-stats', '127.0.0.1', '本地开发环境', '[]', '{\"code\":0,\"msg\":\"success\",\"data\":[{\"sensorType\":\"GAS\",\"sensorTypeName\":\"瓦斯\",\"total\":1},{\"sensorType\":\"TEMPERATURE\",\"sensorTypeName\":\"温度\",\"total\":1},{\"sensorType\":\"VIBRATION\",\"sensorTypeName\":\"振动\",\"total\":1}]}', 0, NULL, '2026-06-29 18:26:43', 2, 'admin', '2026-06-29 18:26:43', NULL, '2026-06-29 18:26:42', 0, NULL);
INSERT INTO `sys_oper_log` VALUES (103, '智能矿山-看板', '最近工单查询', 'cn.sxu.enterprise.module.mine.controller.MineDashboardController.recentWorkOrders()', 'GET', 'WEB', 'admin', NULL, '/api/mine/dashboard/recent-work-orders', '127.0.0.1', '本地开发环境', '[]', '{\"code\":0,\"msg\":\"success\",\"data\":[{\"id\":1,\"workOrderCode\":\"WO-20260629120130-155439\",\"eventCode\":\"ALM-D94-R2\",\"sensorCode\":\"SEN-TEMP-001\",\"sensorName\":\"中央泵房温度传感器一号\",\"sensorType\":\"TEMPERATURE\",\"areaName\":\"中央泵房\",\"location\":\"中央泵房一号水泵旁\",\"alarmLevel\":2,\"alarmLevelName\":\"重要\",\"orderStatus\":3,\"orderStatusName\":\"已关闭\",\"createTime\":\"2026-06-29T12:01:31\"}]}', 0, NULL, '2026-06-29 18:26:43', 2, 'admin', '2026-06-29 18:26:43', NULL, '2026-06-29 18:26:42', 0, NULL);
INSERT INTO `sys_oper_log` VALUES (104, '智能矿山-看板', '最近告警查询', 'cn.sxu.enterprise.module.mine.controller.MineDashboardController.recentAlarms()', 'GET', 'WEB', 'admin', NULL, '/api/mine/dashboard/recent-alarms', '127.0.0.1', '本地开发环境', '[]', '{\"code\":0,\"msg\":\"success\",\"data\":[{\"id\":10,\"eventCode\":\"ALM-D94-R2\",\"sensorCode\":\"SEN-TEMP-001\",\"sensorName\":\"中央泵房温度传感器一号\",\"sensorType\":\"TEMPERATURE\",\"areaName\":\"中央泵房\",\"location\":\"中央泵房一号水泵旁\",\"dataValue\":53.3887,\"thresholdValue\":40.0000,\"alarmLevel\":2,\"alarmLevelName\":\"重要\",\"handleStatus\":2,\"handleStatusName\":\"已关闭\",\"alarmTime\":\"2026-06-29T11:59:25\"},{\"id\":9,\"eventCode\":\"ALM-D151-R2\",\"sensorCode\":\"SEN-TEMP-001\",\"sensorName\":\"中央泵房温度传感器一号\",\"sensorType\":\"TEMPERATURE\",\"areaName\":\"中央泵房\",\"location\":\"中央泵房一号水泵旁\",\"dataValue\":47.1498,\"thresholdValue\":40.0000,\"alarmLevel\":2,\"alarmLevelName\":\"重要\",\"handleStatus\":0,\"handleStatusName\":\"未处理\",\"alarmTime\":\"2026-06-29T11:59:25\"},{\"id\":11,\"eventCode\":\"ALM-D93-R2\",\"sensorCode\":\"SEN-TEMP-001\",\"sensorName\":\"中央泵房温度传感器一号\",\"sensorType\":\"TEMPERATURE\",\"areaName\":\"中央泵房\",\"location\":\"中央泵房一号水泵旁\",\"dataValue\":50.2775,\"thresholdValue\":40.0000,\"alarmLevel\":2,\"alarmLevelName\":\"重要\",\"handleStatus\":0,\"handleStatusName\":\"未处理\",\"alarmTime\":\"2026-06-29T11:59:24\"},{\"id\":12,\"eventCode\":\"ALM-D120-R2\",\"sensorCode\":\"SEN-TEMP-001\",\"sensorName\":\"中央泵房温度传感器一号\",\"sensorType\":\"TEMPERATURE\",\"areaName\":\"中央泵房\",\"location\":\"中央泵房一号水泵旁\",\"dataValue\":52.5449,\"thresholdValue\":40.0000,\"alarmLevel\":2,\"alarmLevelName\":\"重要\",\"handleStatus\":0,\"handleStatusName\":\"未处理\",\"alarmTime\":\"2026-06-29T11:59:23\"},{\"id\":13,\"eventCode\":\"ALM-D90-R2\",\"sensorCode\":\"SEN-TEMP-001\",\"sensorName\":\"中央泵房温度传感器一号\",\"sensorType\":\"TEMPERATURE\",\"areaName\":\"中央泵房\",\"location\":\"中央泵房一号水泵旁\",\"dataValue\":41.8996,\"thresholdValue\":40.0000,\"alarmLevel\":2,\"alarmLevelName\":\"重要\",\"handleStatus\":0,\"handleStatusName\":\"未处理\",\"alarmTime\":\"2026-06-29T11:59:21\"},{\"id\":14,\"eventCode\":\"ALM-D146-R2\",\"sensorCode\":\"SEN-TEMP-001\",\"sensorName\":\"中央泵房温度传感器一号\",\"sensorType\":\"TEMPERATURE\",\"areaName\":\"中央泵房\",\"location\":\"中央泵房一号水泵旁\",\"dataValue\":47.9672,\"thresholdValue\":40.0000,\"alarmLevel\":2,\"alarmLevelName\":\"重要\",\"handleStatus\":0,\"handleStatusName\":\"未处理\",\"alarmTime\":\"2026-06-29T11:59:20\"},{\"id\":15,\"eventCode\":\"ALM-D115-R2\",\"sensorCode\":\"SEN-TEMP-001\",\"sens', 0, NULL, '2026-06-29 18:26:43', 4, 'admin', '2026-06-29 18:26:43', NULL, '2026-06-29 18:26:42', 0, NULL);
INSERT INTO `sys_oper_log` VALUES (105, '智能矿山-传感器数据', '模拟生成', 'cn.sxu.enterprise.module.mine.controller.MineSensorDataController.simulate()', 'POST', 'WEB', 'admin', NULL, '/api/mine/sensor-data/simulate', '127.0.0.1', '本地开发环境', '[{\"sensorId\":null,\"sensorType\":null,\"count\":5}]', '{\"code\":0,\"msg\":\"success\",\"data\":[{\"id\":195,\"sensorId\":1,\"sensorCode\":\"SEN-GAS-001\",\"sensorName\":\"一采区瓦斯传感器一号\",\"sensorType\":\"GAS\",\"deviceId\":1,\"areaName\":\"一采区\",\"location\":\"一采区回风巷\",\"dataValue\":0.3962,\"unit\":\"%\",\"alarmThreshold\":1.0000,\"alarmFlag\":0,\"collectTime\":\"2026-06-29T18:26:41.3455782\",\"status\":0,\"createTime\":\"2026-06-29T18:26:46.3455782\",\"remark\":\"M1-03 模拟生成传感器数据\"},{\"id\":196,\"sensorId\":1,\"sensorCode\":\"SEN-GAS-001\",\"sensorName\":\"一采区瓦斯传感器一号\",\"sensorType\":\"GAS\",\"deviceId\":1,\"areaName\":\"一采区\",\"location\":\"一采区回风巷\",\"dataValue\":0.0108,\"unit\":\"%\",\"alarmThreshold\":1.0000,\"alarmFlag\":0,\"collectTime\":\"2026-06-29T18:26:42.3455782\",\"status\":0,\"createTime\":\"2026-06-29T18:26:46.3517281\",\"remark\":\"M1-03 模拟生成传感器数据\"},{\"id\":197,\"sensorId\":1,\"sensorCode\":\"SEN-GAS-001\",\"sensorName\":\"一采区瓦斯传感器一号\",\"sensorType\":\"GAS\",\"deviceId\":1,\"areaName\":\"一采区\",\"location\":\"一采区回风巷\",\"dataValue\":0.6541,\"unit\":\"%\",\"alarmThreshold\":1.0000,\"alarmFlag\":0,\"collectTime\":\"2026-06-29T18:26:43.3455782\",\"status\":0,\"createTime\":\"2026-06-29T18:26:46.3599715\",\"remark\":\"M1-03 模拟生成传感器数据\"},{\"id\":198,\"sensorId\":1,\"sensorCode\":\"SEN-GAS-001\",\"sensorName\":\"一采区瓦斯传感器一号\",\"sensorType\":\"GAS\",\"deviceId\":1,\"areaName\":\"一采区\",\"location\":\"一采区回风巷\",\"dataValue\":0.8539,\"unit\":\"%\",\"alarmThreshold\":1.0000,\"alarmFlag\":0,\"collectTime\":\"2026-06-29T18:26:44.3455782\",\"status\":0,\"createTime\":\"2026-06-29T18:26:46.3663907\",\"remark\":\"M1-03 模拟生成传感器数据\"},{\"id\":199,\"sensorId\":1,\"sensorCode\":\"SEN-GAS-001\",\"sensorName\":\"一采区瓦斯传感器一号\",\"sensorType\":\"GAS\",\"deviceId\":1,\"areaName\":\"一采区\",\"location\":\"一采区回风巷\",\"dataValue\":0.8550,\"unit\":\"%\",\"alarmThreshold\":1.0000,\"alarmFlag\":0,\"collectTime\":\"2026-06-29T18:26:45.3455782\",\"status\":0,\"createTime\":\"2026-06-29T18:26:46.3735569\",\"remark\":\"M1-03 模拟生成传感器数据\"},{\"id\":200,\"sensorId\":2,\"sensorCode\":\"SEN-TEMP-001\",\"sensorName\":\"中央泵房温度传感器一号\",\"sensorType\":\"TEMPERATURE\",\"deviceId\":2,\"areaName\":\"中央泵房\",\"location\":\"中央泵房一号水泵旁\",\"dataValue\":5.5246,\"unit\":\"℃\",\"alarmThreshold\":60.0000,\"alarmFlag\":0,\"collectTime\":\"2026-06-29T18:26:41.3455782\"', 0, NULL, '2026-06-29 18:26:46', 122, 'admin', '2026-06-29 18:26:46', NULL, '2026-06-29 18:26:46', 0, NULL);
INSERT INTO `sys_oper_log` VALUES (106, '智能矿山-看板', '汇总统计', 'cn.sxu.enterprise.module.mine.controller.MineDashboardController.summary()', 'GET', 'WEB', 'admin', NULL, '/api/mine/dashboard/summary', '127.0.0.1', '本地开发环境', '[]', '{\"code\":0,\"msg\":\"success\",\"data\":{\"deviceTotal\":3,\"sensorTotal\":3,\"sensorDataTotal\":209,\"alarmRuleTotal\":3,\"alarmEventTotal\":17,\"unhandledAlarmTotal\":16,\"workOrderTotal\":1,\"pendingWorkOrderTotal\":0,\"closedWorkOrderTotal\":1}}', 0, NULL, '2026-06-29 18:26:47', 9, 'admin', '2026-06-29 18:26:47', NULL, '2026-06-29 18:26:46', 0, NULL);
INSERT INTO `sys_oper_log` VALUES (107, '智能矿山-看板', '传感器类型统计', 'cn.sxu.enterprise.module.mine.controller.MineDashboardController.sensorTypeStats()', 'GET', 'WEB', 'admin', NULL, '/api/mine/dashboard/sensor-type-stats', '127.0.0.1', '本地开发环境', '[]', '{\"code\":0,\"msg\":\"success\",\"data\":[{\"sensorType\":\"GAS\",\"sensorTypeName\":\"瓦斯\",\"total\":1},{\"sensorType\":\"TEMPERATURE\",\"sensorTypeName\":\"温度\",\"total\":1},{\"sensorType\":\"VIBRATION\",\"sensorTypeName\":\"振动\",\"total\":1}]}', 0, NULL, '2026-06-29 18:26:47', 3, 'admin', '2026-06-29 18:26:47', NULL, '2026-06-29 18:26:46', 0, NULL);
INSERT INTO `sys_oper_log` VALUES (108, '智能矿山-看板', '工单状态统计', 'cn.sxu.enterprise.module.mine.controller.MineDashboardController.workOrderStatusStats()', 'GET', 'WEB', 'admin', NULL, '/api/mine/dashboard/work-order-status-stats', '127.0.0.1', '本地开发环境', '[]', '{\"code\":0,\"msg\":\"success\",\"data\":[{\"orderStatus\":3,\"orderStatusName\":\"已关闭\",\"total\":1}]}', 0, NULL, '2026-06-29 18:26:47', 3, 'admin', '2026-06-29 18:26:47', NULL, '2026-06-29 18:26:46', 0, NULL);
INSERT INTO `sys_oper_log` VALUES (109, '智能矿山-看板', '告警级别统计', 'cn.sxu.enterprise.module.mine.controller.MineDashboardController.alarmLevelStats()', 'GET', 'WEB', 'admin', NULL, '/api/mine/dashboard/alarm-level-stats', '127.0.0.1', '本地开发环境', '[]', '{\"code\":0,\"msg\":\"success\",\"data\":[{\"alarmLevel\":2,\"alarmLevelName\":\"重要\",\"total\":17}]}', 0, NULL, '2026-06-29 18:26:47', 3, 'admin', '2026-06-29 18:26:47', NULL, '2026-06-29 18:26:46', 0, NULL);
INSERT INTO `sys_oper_log` VALUES (110, '智能矿山-看板', '最近工单查询', 'cn.sxu.enterprise.module.mine.controller.MineDashboardController.recentWorkOrders()', 'GET', 'WEB', 'admin', NULL, '/api/mine/dashboard/recent-work-orders', '127.0.0.1', '本地开发环境', '[]', '{\"code\":0,\"msg\":\"success\",\"data\":[{\"id\":1,\"workOrderCode\":\"WO-20260629120130-155439\",\"eventCode\":\"ALM-D94-R2\",\"sensorCode\":\"SEN-TEMP-001\",\"sensorName\":\"中央泵房温度传感器一号\",\"sensorType\":\"TEMPERATURE\",\"areaName\":\"中央泵房\",\"location\":\"中央泵房一号水泵旁\",\"alarmLevel\":2,\"alarmLevelName\":\"重要\",\"orderStatus\":3,\"orderStatusName\":\"已关闭\",\"createTime\":\"2026-06-29T12:01:31\"}]}', 0, NULL, '2026-06-29 18:26:47', 3, 'admin', '2026-06-29 18:26:47', NULL, '2026-06-29 18:26:46', 0, NULL);
INSERT INTO `sys_oper_log` VALUES (111, '智能矿山-看板', '最近告警查询', 'cn.sxu.enterprise.module.mine.controller.MineDashboardController.recentAlarms()', 'GET', 'WEB', 'admin', NULL, '/api/mine/dashboard/recent-alarms', '127.0.0.1', '本地开发环境', '[]', '{\"code\":0,\"msg\":\"success\",\"data\":[{\"id\":10,\"eventCode\":\"ALM-D94-R2\",\"sensorCode\":\"SEN-TEMP-001\",\"sensorName\":\"中央泵房温度传感器一号\",\"sensorType\":\"TEMPERATURE\",\"areaName\":\"中央泵房\",\"location\":\"中央泵房一号水泵旁\",\"dataValue\":53.3887,\"thresholdValue\":40.0000,\"alarmLevel\":2,\"alarmLevelName\":\"重要\",\"handleStatus\":2,\"handleStatusName\":\"已关闭\",\"alarmTime\":\"2026-06-29T11:59:25\"},{\"id\":9,\"eventCode\":\"ALM-D151-R2\",\"sensorCode\":\"SEN-TEMP-001\",\"sensorName\":\"中央泵房温度传感器一号\",\"sensorType\":\"TEMPERATURE\",\"areaName\":\"中央泵房\",\"location\":\"中央泵房一号水泵旁\",\"dataValue\":47.1498,\"thresholdValue\":40.0000,\"alarmLevel\":2,\"alarmLevelName\":\"重要\",\"handleStatus\":0,\"handleStatusName\":\"未处理\",\"alarmTime\":\"2026-06-29T11:59:25\"},{\"id\":11,\"eventCode\":\"ALM-D93-R2\",\"sensorCode\":\"SEN-TEMP-001\",\"sensorName\":\"中央泵房温度传感器一号\",\"sensorType\":\"TEMPERATURE\",\"areaName\":\"中央泵房\",\"location\":\"中央泵房一号水泵旁\",\"dataValue\":50.2775,\"thresholdValue\":40.0000,\"alarmLevel\":2,\"alarmLevelName\":\"重要\",\"handleStatus\":0,\"handleStatusName\":\"未处理\",\"alarmTime\":\"2026-06-29T11:59:24\"},{\"id\":12,\"eventCode\":\"ALM-D120-R2\",\"sensorCode\":\"SEN-TEMP-001\",\"sensorName\":\"中央泵房温度传感器一号\",\"sensorType\":\"TEMPERATURE\",\"areaName\":\"中央泵房\",\"location\":\"中央泵房一号水泵旁\",\"dataValue\":52.5449,\"thresholdValue\":40.0000,\"alarmLevel\":2,\"alarmLevelName\":\"重要\",\"handleStatus\":0,\"handleStatusName\":\"未处理\",\"alarmTime\":\"2026-06-29T11:59:23\"},{\"id\":13,\"eventCode\":\"ALM-D90-R2\",\"sensorCode\":\"SEN-TEMP-001\",\"sensorName\":\"中央泵房温度传感器一号\",\"sensorType\":\"TEMPERATURE\",\"areaName\":\"中央泵房\",\"location\":\"中央泵房一号水泵旁\",\"dataValue\":41.8996,\"thresholdValue\":40.0000,\"alarmLevel\":2,\"alarmLevelName\":\"重要\",\"handleStatus\":0,\"handleStatusName\":\"未处理\",\"alarmTime\":\"2026-06-29T11:59:21\"},{\"id\":14,\"eventCode\":\"ALM-D146-R2\",\"sensorCode\":\"SEN-TEMP-001\",\"sensorName\":\"中央泵房温度传感器一号\",\"sensorType\":\"TEMPERATURE\",\"areaName\":\"中央泵房\",\"location\":\"中央泵房一号水泵旁\",\"dataValue\":47.9672,\"thresholdValue\":40.0000,\"alarmLevel\":2,\"alarmLevelName\":\"重要\",\"handleStatus\":0,\"handleStatusName\":\"未处理\",\"alarmTime\":\"2026-06-29T11:59:20\"},{\"id\":15,\"eventCode\":\"ALM-D115-R2\",\"sensorCode\":\"SEN-TEMP-001\",\"sens', 0, NULL, '2026-06-29 18:26:47', 5, 'admin', '2026-06-29 18:26:47', NULL, '2026-06-29 18:26:46', 0, NULL);
INSERT INTO `sys_oper_log` VALUES (112, '智能矿山-告警事件', '生成告警事件', 'cn.sxu.enterprise.module.mine.controller.MineAlarmEventController.generate()', 'POST', 'WEB', 'admin', NULL, '/api/mine/alarm-events/generate', '127.0.0.1', '本地开发环境', '[{\"sensorDataId\":null,\"sensorType\":null,\"limit\":100}]', '{\"code\":0,\"msg\":\"success\",\"data\":[{\"id\":18,\"eventCode\":\"ALM-D204-R2\",\"ruleId\":2,\"ruleCode\":\"ALM-RULE-TEMP-001\",\"ruleName\":\"温度过高告警\",\"sensorDataId\":204,\"sensorId\":2,\"sensorCode\":\"SEN-TEMP-001\",\"sensorName\":\"中央泵房温度传感器一号\",\"sensorType\":\"TEMPERATURE\",\"deviceId\":2,\"areaName\":\"中央泵房\",\"location\":\"中央泵房一号水泵旁\",\"dataValue\":53.7905,\"thresholdValue\":40.0000,\"compareOperator\":\"GE\",\"alarmLevel\":2,\"alarmTitle\":\"温度过高\",\"alarmContent\":\"中央泵房温度传感器一号 采集值 53.7905℃ 触发规则【温度过高告警】，规则阈值为 40.0000℃。\",\"alarmTime\":\"2026-06-29T18:26:45\",\"handleStatus\":0,\"status\":0,\"createTime\":\"2026-06-29T18:26:48.4059923\",\"remark\":\"M1-04 根据传感器数据自动生成告警事件\"},{\"id\":19,\"eventCode\":\"ALM-D189-R2\",\"ruleId\":2,\"ruleCode\":\"ALM-RULE-TEMP-001\",\"ruleName\":\"温度过高告警\",\"sensorDataId\":189,\"sensorId\":2,\"sensorCode\":\"SEN-TEMP-001\",\"sensorName\":\"中央泵房温度传感器一号\",\"sensorType\":\"TEMPERATURE\",\"deviceId\":2,\"areaName\":\"中央泵房\",\"location\":\"中央泵房一号水泵旁\",\"dataValue\":50.4706,\"thresholdValue\":40.0000,\"compareOperator\":\"GE\",\"alarmLevel\":2,\"alarmTitle\":\"温度过高\",\"alarmContent\":\"中央泵房温度传感器一号 采集值 50.4706℃ 触发规则【温度过高告警】，规则阈值为 40.0000℃。\",\"alarmTime\":\"2026-06-29T18:26:41\",\"handleStatus\":0,\"status\":0,\"createTime\":\"2026-06-29T18:26:48.4115241\",\"remark\":\"M1-04 根据传感器数据自动生成告警事件\"}]}', 0, NULL, '2026-06-29 18:26:48', 37, 'admin', '2026-06-29 18:26:48', NULL, '2026-06-29 18:26:48', 0, NULL);
INSERT INTO `sys_oper_log` VALUES (113, '智能矿山-看板', '汇总统计', 'cn.sxu.enterprise.module.mine.controller.MineDashboardController.summary()', 'GET', 'WEB', 'admin', NULL, '/api/mine/dashboard/summary', '127.0.0.1', '本地开发环境', '[]', '{\"code\":0,\"msg\":\"success\",\"data\":{\"deviceTotal\":3,\"sensorTotal\":3,\"sensorDataTotal\":209,\"alarmRuleTotal\":3,\"alarmEventTotal\":19,\"unhandledAlarmTotal\":18,\"workOrderTotal\":1,\"pendingWorkOrderTotal\":0,\"closedWorkOrderTotal\":1}}', 0, NULL, '2026-06-29 18:26:49', 10, 'admin', '2026-06-29 18:26:49', NULL, '2026-06-29 18:26:48', 0, NULL);
INSERT INTO `sys_oper_log` VALUES (114, '智能矿山-看板', '工单状态统计', 'cn.sxu.enterprise.module.mine.controller.MineDashboardController.workOrderStatusStats()', 'GET', 'WEB', 'admin', NULL, '/api/mine/dashboard/work-order-status-stats', '127.0.0.1', '本地开发环境', '[]', '{\"code\":0,\"msg\":\"success\",\"data\":[{\"orderStatus\":3,\"orderStatusName\":\"已关闭\",\"total\":1}]}', 0, NULL, '2026-06-29 18:26:49', 1, 'admin', '2026-06-29 18:26:49', NULL, '2026-06-29 18:26:48', 0, NULL);
INSERT INTO `sys_oper_log` VALUES (115, '智能矿山-看板', '告警级别统计', 'cn.sxu.enterprise.module.mine.controller.MineDashboardController.alarmLevelStats()', 'GET', 'WEB', 'admin', NULL, '/api/mine/dashboard/alarm-level-stats', '127.0.0.1', '本地开发环境', '[]', '{\"code\":0,\"msg\":\"success\",\"data\":[{\"alarmLevel\":2,\"alarmLevelName\":\"重要\",\"total\":19}]}', 0, NULL, '2026-06-29 18:26:49', 2, 'admin', '2026-06-29 18:26:49', NULL, '2026-06-29 18:26:48', 0, NULL);
INSERT INTO `sys_oper_log` VALUES (116, '智能矿山-看板', '传感器类型统计', 'cn.sxu.enterprise.module.mine.controller.MineDashboardController.sensorTypeStats()', 'GET', 'WEB', 'admin', NULL, '/api/mine/dashboard/sensor-type-stats', '127.0.0.1', '本地开发环境', '[]', '{\"code\":0,\"msg\":\"success\",\"data\":[{\"sensorType\":\"GAS\",\"sensorTypeName\":\"瓦斯\",\"total\":1},{\"sensorType\":\"TEMPERATURE\",\"sensorTypeName\":\"温度\",\"total\":1},{\"sensorType\":\"VIBRATION\",\"sensorTypeName\":\"振动\",\"total\":1}]}', 0, NULL, '2026-06-29 18:26:49', 2, 'admin', '2026-06-29 18:26:49', NULL, '2026-06-29 18:26:48', 0, NULL);
INSERT INTO `sys_oper_log` VALUES (117, '智能矿山-看板', '最近工单查询', 'cn.sxu.enterprise.module.mine.controller.MineDashboardController.recentWorkOrders()', 'GET', 'WEB', 'admin', NULL, '/api/mine/dashboard/recent-work-orders', '127.0.0.1', '本地开发环境', '[]', '{\"code\":0,\"msg\":\"success\",\"data\":[{\"id\":1,\"workOrderCode\":\"WO-20260629120130-155439\",\"eventCode\":\"ALM-D94-R2\",\"sensorCode\":\"SEN-TEMP-001\",\"sensorName\":\"中央泵房温度传感器一号\",\"sensorType\":\"TEMPERATURE\",\"areaName\":\"中央泵房\",\"location\":\"中央泵房一号水泵旁\",\"alarmLevel\":2,\"alarmLevelName\":\"重要\",\"orderStatus\":3,\"orderStatusName\":\"已关闭\",\"createTime\":\"2026-06-29T12:01:31\"}]}', 0, NULL, '2026-06-29 18:26:49', 2, 'admin', '2026-06-29 18:26:49', NULL, '2026-06-29 18:26:48', 0, NULL);
INSERT INTO `sys_oper_log` VALUES (118, '智能矿山-看板', '最近告警查询', 'cn.sxu.enterprise.module.mine.controller.MineDashboardController.recentAlarms()', 'GET', 'WEB', 'admin', NULL, '/api/mine/dashboard/recent-alarms', '127.0.0.1', '本地开发环境', '[]', '{\"code\":0,\"msg\":\"success\",\"data\":[{\"id\":18,\"eventCode\":\"ALM-D204-R2\",\"sensorCode\":\"SEN-TEMP-001\",\"sensorName\":\"中央泵房温度传感器一号\",\"sensorType\":\"TEMPERATURE\",\"areaName\":\"中央泵房\",\"location\":\"中央泵房一号水泵旁\",\"dataValue\":53.7905,\"thresholdValue\":40.0000,\"alarmLevel\":2,\"alarmLevelName\":\"重要\",\"handleStatus\":0,\"handleStatusName\":\"未处理\",\"alarmTime\":\"2026-06-29T18:26:45\"},{\"id\":19,\"eventCode\":\"ALM-D189-R2\",\"sensorCode\":\"SEN-TEMP-001\",\"sensorName\":\"中央泵房温度传感器一号\",\"sensorType\":\"TEMPERATURE\",\"areaName\":\"中央泵房\",\"location\":\"中央泵房一号水泵旁\",\"dataValue\":50.4706,\"thresholdValue\":40.0000,\"alarmLevel\":2,\"alarmLevelName\":\"重要\",\"handleStatus\":0,\"handleStatusName\":\"未处理\",\"alarmTime\":\"2026-06-29T18:26:41\"},{\"id\":10,\"eventCode\":\"ALM-D94-R2\",\"sensorCode\":\"SEN-TEMP-001\",\"sensorName\":\"中央泵房温度传感器一号\",\"sensorType\":\"TEMPERATURE\",\"areaName\":\"中央泵房\",\"location\":\"中央泵房一号水泵旁\",\"dataValue\":53.3887,\"thresholdValue\":40.0000,\"alarmLevel\":2,\"alarmLevelName\":\"重要\",\"handleStatus\":2,\"handleStatusName\":\"已关闭\",\"alarmTime\":\"2026-06-29T11:59:25\"},{\"id\":9,\"eventCode\":\"ALM-D151-R2\",\"sensorCode\":\"SEN-TEMP-001\",\"sensorName\":\"中央泵房温度传感器一号\",\"sensorType\":\"TEMPERATURE\",\"areaName\":\"中央泵房\",\"location\":\"中央泵房一号水泵旁\",\"dataValue\":47.1498,\"thresholdValue\":40.0000,\"alarmLevel\":2,\"alarmLevelName\":\"重要\",\"handleStatus\":0,\"handleStatusName\":\"未处理\",\"alarmTime\":\"2026-06-29T11:59:25\"},{\"id\":11,\"eventCode\":\"ALM-D93-R2\",\"sensorCode\":\"SEN-TEMP-001\",\"sensorName\":\"中央泵房温度传感器一号\",\"sensorType\":\"TEMPERATURE\",\"areaName\":\"中央泵房\",\"location\":\"中央泵房一号水泵旁\",\"dataValue\":50.2775,\"thresholdValue\":40.0000,\"alarmLevel\":2,\"alarmLevelName\":\"重要\",\"handleStatus\":0,\"handleStatusName\":\"未处理\",\"alarmTime\":\"2026-06-29T11:59:24\"},{\"id\":12,\"eventCode\":\"ALM-D120-R2\",\"sensorCode\":\"SEN-TEMP-001\",\"sensorName\":\"中央泵房温度传感器一号\",\"sensorType\":\"TEMPERATURE\",\"areaName\":\"中央泵房\",\"location\":\"中央泵房一号水泵旁\",\"dataValue\":52.5449,\"thresholdValue\":40.0000,\"alarmLevel\":2,\"alarmLevelName\":\"重要\",\"handleStatus\":0,\"handleStatusName\":\"未处理\",\"alarmTime\":\"2026-06-29T11:59:23\"},{\"id\":13,\"eventCode\":\"ALM-D90-R2\",\"sensorCode\":\"SEN-TEMP-001\",\"sens', 0, NULL, '2026-06-29 18:26:49', 4, 'admin', '2026-06-29 18:26:49', NULL, '2026-06-29 18:26:48', 0, NULL);
INSERT INTO `sys_oper_log` VALUES (119, '智能矿山-告警事件', '生成告警事件', 'cn.sxu.enterprise.module.mine.controller.MineAlarmEventController.generate()', 'POST', 'WEB', 'admin', NULL, '/api/mine/alarm-events/generate', '127.0.0.1', '本地开发环境', '[{\"sensorDataId\":null,\"sensorType\":null,\"limit\":100}]', '{\"code\":0,\"msg\":\"success\",\"data\":[]}', 0, NULL, '2026-06-29 18:26:51', 26, 'admin', '2026-06-29 18:26:51', NULL, '2026-06-29 18:26:50', 0, NULL);
INSERT INTO `sys_oper_log` VALUES (120, '智能矿山-看板', '汇总统计', 'cn.sxu.enterprise.module.mine.controller.MineDashboardController.summary()', 'GET', 'WEB', 'admin', NULL, '/api/mine/dashboard/summary', '127.0.0.1', '本地开发环境', '[]', '{\"code\":0,\"msg\":\"success\",\"data\":{\"deviceTotal\":3,\"sensorTotal\":3,\"sensorDataTotal\":209,\"alarmRuleTotal\":3,\"alarmEventTotal\":19,\"unhandledAlarmTotal\":18,\"workOrderTotal\":1,\"pendingWorkOrderTotal\":0,\"closedWorkOrderTotal\":1}}', 0, NULL, '2026-06-29 18:26:51', 9, 'admin', '2026-06-29 18:26:51', NULL, '2026-06-29 18:26:50', 0, NULL);
INSERT INTO `sys_oper_log` VALUES (121, '智能矿山-看板', '告警级别统计', 'cn.sxu.enterprise.module.mine.controller.MineDashboardController.alarmLevelStats()', 'GET', 'WEB', 'admin', NULL, '/api/mine/dashboard/alarm-level-stats', '127.0.0.1', '本地开发环境', '[]', '{\"code\":0,\"msg\":\"success\",\"data\":[{\"alarmLevel\":2,\"alarmLevelName\":\"重要\",\"total\":19}]}', 0, NULL, '2026-06-29 18:26:51', 3, 'admin', '2026-06-29 18:26:51', NULL, '2026-06-29 18:26:51', 0, NULL);
INSERT INTO `sys_oper_log` VALUES (122, '智能矿山-看板', '工单状态统计', 'cn.sxu.enterprise.module.mine.controller.MineDashboardController.workOrderStatusStats()', 'GET', 'WEB', 'admin', NULL, '/api/mine/dashboard/work-order-status-stats', '127.0.0.1', '本地开发环境', '[]', '{\"code\":0,\"msg\":\"success\",\"data\":[{\"orderStatus\":3,\"orderStatusName\":\"已关闭\",\"total\":1}]}', 0, NULL, '2026-06-29 18:26:51', 3, 'admin', '2026-06-29 18:26:51', NULL, '2026-06-29 18:26:51', 0, NULL);
INSERT INTO `sys_oper_log` VALUES (123, '智能矿山-看板', '传感器类型统计', 'cn.sxu.enterprise.module.mine.controller.MineDashboardController.sensorTypeStats()', 'GET', 'WEB', 'admin', NULL, '/api/mine/dashboard/sensor-type-stats', '127.0.0.1', '本地开发环境', '[]', '{\"code\":0,\"msg\":\"success\",\"data\":[{\"sensorType\":\"GAS\",\"sensorTypeName\":\"瓦斯\",\"total\":1},{\"sensorType\":\"TEMPERATURE\",\"sensorTypeName\":\"温度\",\"total\":1},{\"sensorType\":\"VIBRATION\",\"sensorTypeName\":\"振动\",\"total\":1}]}', 0, NULL, '2026-06-29 18:26:51', 3, 'admin', '2026-06-29 18:26:51', NULL, '2026-06-29 18:26:51', 0, NULL);
INSERT INTO `sys_oper_log` VALUES (124, '智能矿山-看板', '最近工单查询', 'cn.sxu.enterprise.module.mine.controller.MineDashboardController.recentWorkOrders()', 'GET', 'WEB', 'admin', NULL, '/api/mine/dashboard/recent-work-orders', '127.0.0.1', '本地开发环境', '[]', '{\"code\":0,\"msg\":\"success\",\"data\":[{\"id\":1,\"workOrderCode\":\"WO-20260629120130-155439\",\"eventCode\":\"ALM-D94-R2\",\"sensorCode\":\"SEN-TEMP-001\",\"sensorName\":\"中央泵房温度传感器一号\",\"sensorType\":\"TEMPERATURE\",\"areaName\":\"中央泵房\",\"location\":\"中央泵房一号水泵旁\",\"alarmLevel\":2,\"alarmLevelName\":\"重要\",\"orderStatus\":3,\"orderStatusName\":\"已关闭\",\"createTime\":\"2026-06-29T12:01:31\"}]}', 0, NULL, '2026-06-29 18:26:51', 3, 'admin', '2026-06-29 18:26:51', NULL, '2026-06-29 18:26:51', 0, NULL);
INSERT INTO `sys_oper_log` VALUES (125, '智能矿山-看板', '最近告警查询', 'cn.sxu.enterprise.module.mine.controller.MineDashboardController.recentAlarms()', 'GET', 'WEB', 'admin', NULL, '/api/mine/dashboard/recent-alarms', '127.0.0.1', '本地开发环境', '[]', '{\"code\":0,\"msg\":\"success\",\"data\":[{\"id\":18,\"eventCode\":\"ALM-D204-R2\",\"sensorCode\":\"SEN-TEMP-001\",\"sensorName\":\"中央泵房温度传感器一号\",\"sensorType\":\"TEMPERATURE\",\"areaName\":\"中央泵房\",\"location\":\"中央泵房一号水泵旁\",\"dataValue\":53.7905,\"thresholdValue\":40.0000,\"alarmLevel\":2,\"alarmLevelName\":\"重要\",\"handleStatus\":0,\"handleStatusName\":\"未处理\",\"alarmTime\":\"2026-06-29T18:26:45\"},{\"id\":19,\"eventCode\":\"ALM-D189-R2\",\"sensorCode\":\"SEN-TEMP-001\",\"sensorName\":\"中央泵房温度传感器一号\",\"sensorType\":\"TEMPERATURE\",\"areaName\":\"中央泵房\",\"location\":\"中央泵房一号水泵旁\",\"dataValue\":50.4706,\"thresholdValue\":40.0000,\"alarmLevel\":2,\"alarmLevelName\":\"重要\",\"handleStatus\":0,\"handleStatusName\":\"未处理\",\"alarmTime\":\"2026-06-29T18:26:41\"},{\"id\":10,\"eventCode\":\"ALM-D94-R2\",\"sensorCode\":\"SEN-TEMP-001\",\"sensorName\":\"中央泵房温度传感器一号\",\"sensorType\":\"TEMPERATURE\",\"areaName\":\"中央泵房\",\"location\":\"中央泵房一号水泵旁\",\"dataValue\":53.3887,\"thresholdValue\":40.0000,\"alarmLevel\":2,\"alarmLevelName\":\"重要\",\"handleStatus\":2,\"handleStatusName\":\"已关闭\",\"alarmTime\":\"2026-06-29T11:59:25\"},{\"id\":9,\"eventCode\":\"ALM-D151-R2\",\"sensorCode\":\"SEN-TEMP-001\",\"sensorName\":\"中央泵房温度传感器一号\",\"sensorType\":\"TEMPERATURE\",\"areaName\":\"中央泵房\",\"location\":\"中央泵房一号水泵旁\",\"dataValue\":47.1498,\"thresholdValue\":40.0000,\"alarmLevel\":2,\"alarmLevelName\":\"重要\",\"handleStatus\":0,\"handleStatusName\":\"未处理\",\"alarmTime\":\"2026-06-29T11:59:25\"},{\"id\":11,\"eventCode\":\"ALM-D93-R2\",\"sensorCode\":\"SEN-TEMP-001\",\"sensorName\":\"中央泵房温度传感器一号\",\"sensorType\":\"TEMPERATURE\",\"areaName\":\"中央泵房\",\"location\":\"中央泵房一号水泵旁\",\"dataValue\":50.2775,\"thresholdValue\":40.0000,\"alarmLevel\":2,\"alarmLevelName\":\"重要\",\"handleStatus\":0,\"handleStatusName\":\"未处理\",\"alarmTime\":\"2026-06-29T11:59:24\"},{\"id\":12,\"eventCode\":\"ALM-D120-R2\",\"sensorCode\":\"SEN-TEMP-001\",\"sensorName\":\"中央泵房温度传感器一号\",\"sensorType\":\"TEMPERATURE\",\"areaName\":\"中央泵房\",\"location\":\"中央泵房一号水泵旁\",\"dataValue\":52.5449,\"thresholdValue\":40.0000,\"alarmLevel\":2,\"alarmLevelName\":\"重要\",\"handleStatus\":0,\"handleStatusName\":\"未处理\",\"alarmTime\":\"2026-06-29T11:59:23\"},{\"id\":13,\"eventCode\":\"ALM-D90-R2\",\"sensorCode\":\"SEN-TEMP-001\",\"sens', 0, NULL, '2026-06-29 18:26:51', 4, 'admin', '2026-06-29 18:26:51', NULL, '2026-06-29 18:26:51', 0, NULL);
INSERT INTO `sys_oper_log` VALUES (126, '智能矿山-看板', '工单状态统计', 'cn.sxu.enterprise.module.mine.controller.MineDashboardController.workOrderStatusStats()', 'GET', 'WEB', 'admin', NULL, '/api/mine/dashboard/work-order-status-stats', '127.0.0.1', '本地开发环境', '[]', '{\"code\":0,\"msg\":\"success\",\"data\":[{\"orderStatus\":3,\"orderStatusName\":\"已关闭\",\"total\":1}]}', 0, NULL, '2026-06-29 18:26:53', 3, 'admin', '2026-06-29 18:26:53', NULL, '2026-06-29 18:26:52', 0, NULL);
INSERT INTO `sys_oper_log` VALUES (127, '智能矿山-看板', '传感器类型统计', 'cn.sxu.enterprise.module.mine.controller.MineDashboardController.sensorTypeStats()', 'GET', 'WEB', 'admin', NULL, '/api/mine/dashboard/sensor-type-stats', '127.0.0.1', '本地开发环境', '[]', '{\"code\":0,\"msg\":\"success\",\"data\":[{\"sensorType\":\"GAS\",\"sensorTypeName\":\"瓦斯\",\"total\":1},{\"sensorType\":\"TEMPERATURE\",\"sensorTypeName\":\"温度\",\"total\":1},{\"sensorType\":\"VIBRATION\",\"sensorTypeName\":\"振动\",\"total\":1}]}', 0, NULL, '2026-06-29 18:26:53', 3, 'admin', '2026-06-29 18:26:53', NULL, '2026-06-29 18:26:52', 0, NULL);
INSERT INTO `sys_oper_log` VALUES (128, '智能矿山-看板', '告警级别统计', 'cn.sxu.enterprise.module.mine.controller.MineDashboardController.alarmLevelStats()', 'GET', 'WEB', 'admin', NULL, '/api/mine/dashboard/alarm-level-stats', '127.0.0.1', '本地开发环境', '[]', '{\"code\":0,\"msg\":\"success\",\"data\":[{\"alarmLevel\":2,\"alarmLevelName\":\"重要\",\"total\":19}]}', 0, NULL, '2026-06-29 18:26:53', 3, 'admin', '2026-06-29 18:26:53', NULL, '2026-06-29 18:26:52', 0, NULL);
INSERT INTO `sys_oper_log` VALUES (129, '智能矿山-看板', '最近工单查询', 'cn.sxu.enterprise.module.mine.controller.MineDashboardController.recentWorkOrders()', 'GET', 'WEB', 'admin', NULL, '/api/mine/dashboard/recent-work-orders', '127.0.0.1', '本地开发环境', '[]', '{\"code\":0,\"msg\":\"success\",\"data\":[{\"id\":1,\"workOrderCode\":\"WO-20260629120130-155439\",\"eventCode\":\"ALM-D94-R2\",\"sensorCode\":\"SEN-TEMP-001\",\"sensorName\":\"中央泵房温度传感器一号\",\"sensorType\":\"TEMPERATURE\",\"areaName\":\"中央泵房\",\"location\":\"中央泵房一号水泵旁\",\"alarmLevel\":2,\"alarmLevelName\":\"重要\",\"orderStatus\":3,\"orderStatusName\":\"已关闭\",\"createTime\":\"2026-06-29T12:01:31\"}]}', 0, NULL, '2026-06-29 18:26:53', 3, 'admin', '2026-06-29 18:26:53', NULL, '2026-06-29 18:26:52', 0, NULL);
INSERT INTO `sys_oper_log` VALUES (130, '智能矿山-看板', '最近告警查询', 'cn.sxu.enterprise.module.mine.controller.MineDashboardController.recentAlarms()', 'GET', 'WEB', 'admin', NULL, '/api/mine/dashboard/recent-alarms', '127.0.0.1', '本地开发环境', '[]', '{\"code\":0,\"msg\":\"success\",\"data\":[{\"id\":18,\"eventCode\":\"ALM-D204-R2\",\"sensorCode\":\"SEN-TEMP-001\",\"sensorName\":\"中央泵房温度传感器一号\",\"sensorType\":\"TEMPERATURE\",\"areaName\":\"中央泵房\",\"location\":\"中央泵房一号水泵旁\",\"dataValue\":53.7905,\"thresholdValue\":40.0000,\"alarmLevel\":2,\"alarmLevelName\":\"重要\",\"handleStatus\":0,\"handleStatusName\":\"未处理\",\"alarmTime\":\"2026-06-29T18:26:45\"},{\"id\":19,\"eventCode\":\"ALM-D189-R2\",\"sensorCode\":\"SEN-TEMP-001\",\"sensorName\":\"中央泵房温度传感器一号\",\"sensorType\":\"TEMPERATURE\",\"areaName\":\"中央泵房\",\"location\":\"中央泵房一号水泵旁\",\"dataValue\":50.4706,\"thresholdValue\":40.0000,\"alarmLevel\":2,\"alarmLevelName\":\"重要\",\"handleStatus\":0,\"handleStatusName\":\"未处理\",\"alarmTime\":\"2026-06-29T18:26:41\"},{\"id\":10,\"eventCode\":\"ALM-D94-R2\",\"sensorCode\":\"SEN-TEMP-001\",\"sensorName\":\"中央泵房温度传感器一号\",\"sensorType\":\"TEMPERATURE\",\"areaName\":\"中央泵房\",\"location\":\"中央泵房一号水泵旁\",\"dataValue\":53.3887,\"thresholdValue\":40.0000,\"alarmLevel\":2,\"alarmLevelName\":\"重要\",\"handleStatus\":2,\"handleStatusName\":\"已关闭\",\"alarmTime\":\"2026-06-29T11:59:25\"},{\"id\":9,\"eventCode\":\"ALM-D151-R2\",\"sensorCode\":\"SEN-TEMP-001\",\"sensorName\":\"中央泵房温度传感器一号\",\"sensorType\":\"TEMPERATURE\",\"areaName\":\"中央泵房\",\"location\":\"中央泵房一号水泵旁\",\"dataValue\":47.1498,\"thresholdValue\":40.0000,\"alarmLevel\":2,\"alarmLevelName\":\"重要\",\"handleStatus\":0,\"handleStatusName\":\"未处理\",\"alarmTime\":\"2026-06-29T11:59:25\"},{\"id\":11,\"eventCode\":\"ALM-D93-R2\",\"sensorCode\":\"SEN-TEMP-001\",\"sensorName\":\"中央泵房温度传感器一号\",\"sensorType\":\"TEMPERATURE\",\"areaName\":\"中央泵房\",\"location\":\"中央泵房一号水泵旁\",\"dataValue\":50.2775,\"thresholdValue\":40.0000,\"alarmLevel\":2,\"alarmLevelName\":\"重要\",\"handleStatus\":0,\"handleStatusName\":\"未处理\",\"alarmTime\":\"2026-06-29T11:59:24\"},{\"id\":12,\"eventCode\":\"ALM-D120-R2\",\"sensorCode\":\"SEN-TEMP-001\",\"sensorName\":\"中央泵房温度传感器一号\",\"sensorType\":\"TEMPERATURE\",\"areaName\":\"中央泵房\",\"location\":\"中央泵房一号水泵旁\",\"dataValue\":52.5449,\"thresholdValue\":40.0000,\"alarmLevel\":2,\"alarmLevelName\":\"重要\",\"handleStatus\":0,\"handleStatusName\":\"未处理\",\"alarmTime\":\"2026-06-29T11:59:23\"},{\"id\":13,\"eventCode\":\"ALM-D90-R2\",\"sensorCode\":\"SEN-TEMP-001\",\"sens', 0, NULL, '2026-06-29 18:26:53', 5, 'admin', '2026-06-29 18:26:53', NULL, '2026-06-29 18:26:52', 0, NULL);
INSERT INTO `sys_oper_log` VALUES (131, '智能矿山-看板', '汇总统计', 'cn.sxu.enterprise.module.mine.controller.MineDashboardController.summary()', 'GET', 'WEB', 'admin', NULL, '/api/mine/dashboard/summary', '127.0.0.1', '本地开发环境', '[]', '{\"code\":0,\"msg\":\"success\",\"data\":{\"deviceTotal\":3,\"sensorTotal\":3,\"sensorDataTotal\":209,\"alarmRuleTotal\":3,\"alarmEventTotal\":19,\"unhandledAlarmTotal\":18,\"workOrderTotal\":1,\"pendingWorkOrderTotal\":0,\"closedWorkOrderTotal\":1}}', 0, NULL, '2026-06-29 18:26:53', 10, 'admin', '2026-06-29 18:26:53', NULL, '2026-06-29 18:26:52', 0, NULL);
INSERT INTO `sys_oper_log` VALUES (132, '智能矿山-MQTT', '模拟发布', 'cn.sxu.enterprise.module.mine.controller.MineMqttController.simulatePublish()', 'POST', 'WEB', 'admin', NULL, '/api/mine/mqtt/simulate-publish', '0:0:0:0:0:0:0:1', '本地开发环境', '[{\"sensorCode\":\"SEN-GAS-001\",\"dataValue\":1.68,\"collectTime\":\"2026-06-29 19:54:39\",\"remark\":\"M1-07 MQTT模拟上报\"}]', '{\"code\":0,\"msg\":\"success\",\"data\":{\"sensorCode\":\"SEN-GAS-001\",\"dataValue\":1.68,\"collectTime\":\"2026-06-29 19:54:39\",\"remark\":\"M1-07 MQTT模拟上报\"}}', 0, NULL, '2026-06-29 19:54:39', 342, 'admin', '2026-06-29 19:54:39', NULL, '2026-06-29 19:54:39', 0, NULL);
INSERT INTO `sys_oper_log` VALUES (133, '智能矿山-传感器数据', '查询最新数据', 'cn.sxu.enterprise.module.mine.controller.MineSensorDataController.latest()', 'GET', 'WEB', 'admin', NULL, '/api/mine/sensor-data/latest', '0:0:0:0:0:0:0:1', '本地开发环境', '[{\"pageNo\":1,\"pageSize\":10,\"sensorId\":null,\"sensorCode\":null,\"sensorName\":null,\"sensorType\":null,\"areaName\":null,\"alarmFlag\":null,\"status\":null}]', '{\"code\":0,\"msg\":\"success\",\"data\":[{\"id\":210,\"sensorId\":1,\"sensorCode\":\"SEN-GAS-001\",\"sensorName\":\"一采区瓦斯传感器一号\",\"sensorType\":\"GAS\",\"deviceId\":1,\"areaName\":\"一采区\",\"location\":\"一采区回风巷\",\"dataValue\":1.6800,\"unit\":\"%\",\"alarmThreshold\":1.0000,\"alarmFlag\":1,\"collectTime\":\"2026-06-29T19:54:39\",\"status\":1,\"createTime\":\"2026-06-29T19:54:39\",\"remark\":\"M1-07 MQTT模拟上报\"},{\"id\":209,\"sensorId\":3,\"sensorCode\":\"SEN-VIB-001\",\"sensorName\":\"主运输皮带振动传感器一号\",\"sensorType\":\"VIBRATION\",\"deviceId\":3,\"areaName\":\"主运输巷\",\"location\":\"主运输皮带机头\",\"dataValue\":0.6805,\"unit\":\"mm/s\",\"alarmThreshold\":8.0000,\"alarmFlag\":0,\"collectTime\":\"2026-06-29T18:26:45\",\"status\":0,\"createTime\":\"2026-06-29T18:26:46\",\"remark\":\"M1-03 模拟生成传感器数据\"},{\"id\":204,\"sensorId\":2,\"sensorCode\":\"SEN-TEMP-001\",\"sensorName\":\"中央泵房温度传感器一号\",\"sensorType\":\"TEMPERATURE\",\"deviceId\":2,\"areaName\":\"中央泵房\",\"location\":\"中央泵房一号水泵旁\",\"dataValue\":53.7905,\"unit\":\"℃\",\"alarmThreshold\":60.0000,\"alarmFlag\":0,\"collectTime\":\"2026-06-29T18:26:45\",\"status\":0,\"createTime\":\"2026-06-29T18:26:46\",\"remark\":\"M1-03 模拟生成传感器数据\"}]}', 0, NULL, '2026-06-29 19:54:50', 74, 'admin', '2026-06-29 19:54:50', NULL, '2026-06-29 19:54:49', 0, NULL);
INSERT INTO `sys_oper_log` VALUES (134, '智能矿山-传感器数据', '分页查询', 'cn.sxu.enterprise.module.mine.controller.MineSensorDataController.page()', 'GET', 'WEB', 'admin', NULL, '/api/mine/sensor-data/page', '0:0:0:0:0:0:0:1', '本地开发环境', '[{\"pageNo\":1,\"pageSize\":10,\"sensorId\":null,\"sensorCode\":\"SEN-GAS-001\",\"sensorName\":null,\"sensorType\":null,\"areaName\":null,\"alarmFlag\":null,\"status\":null}]', '{\"code\":0,\"msg\":\"success\",\"data\":{\"pageNo\":1,\"pageSize\":10,\"total\":74,\"pages\":8,\"records\":[{\"id\":210,\"sensorId\":1,\"sensorCode\":\"SEN-GAS-001\",\"sensorName\":\"一采区瓦斯传感器一号\",\"sensorType\":\"GAS\",\"deviceId\":1,\"areaName\":\"一采区\",\"location\":\"一采区回风巷\",\"dataValue\":1.6800,\"unit\":\"%\",\"alarmThreshold\":1.0000,\"alarmFlag\":1,\"collectTime\":\"2026-06-29T19:54:39\",\"status\":1,\"createTime\":\"2026-06-29T19:54:39\",\"remark\":\"M1-07 MQTT模拟上报\"},{\"id\":199,\"sensorId\":1,\"sensorCode\":\"SEN-GAS-001\",\"sensorName\":\"一采区瓦斯传感器一号\",\"sensorType\":\"GAS\",\"deviceId\":1,\"areaName\":\"一采区\",\"location\":\"一采区回风巷\",\"dataValue\":0.8550,\"unit\":\"%\",\"alarmThreshold\":1.0000,\"alarmFlag\":0,\"collectTime\":\"2026-06-29T18:26:45\",\"status\":0,\"createTime\":\"2026-06-29T18:26:46\",\"remark\":\"M1-03 模拟生成传感器数据\"},{\"id\":198,\"sensorId\":1,\"sensorCode\":\"SEN-GAS-001\",\"sensorName\":\"一采区瓦斯传感器一号\",\"sensorType\":\"GAS\",\"deviceId\":1,\"areaName\":\"一采区\",\"location\":\"一采区回风巷\",\"dataValue\":0.8539,\"unit\":\"%\",\"alarmThreshold\":1.0000,\"alarmFlag\":0,\"collectTime\":\"2026-06-29T18:26:44\",\"status\":0,\"createTime\":\"2026-06-29T18:26:46\",\"remark\":\"M1-03 模拟生成传感器数据\"},{\"id\":197,\"sensorId\":1,\"sensorCode\":\"SEN-GAS-001\",\"sensorName\":\"一采区瓦斯传感器一号\",\"sensorType\":\"GAS\",\"deviceId\":1,\"areaName\":\"一采区\",\"location\":\"一采区回风巷\",\"dataValue\":0.6541,\"unit\":\"%\",\"alarmThreshold\":1.0000,\"alarmFlag\":0,\"collectTime\":\"2026-06-29T18:26:43\",\"status\":0,\"createTime\":\"2026-06-29T18:26:46\",\"remark\":\"M1-03 模拟生成传感器数据\"},{\"id\":196,\"sensorId\":1,\"sensorCode\":\"SEN-GAS-001\",\"sensorName\":\"一采区瓦斯传感器一号\",\"sensorType\":\"GAS\",\"deviceId\":1,\"areaName\":\"一采区\",\"location\":\"一采区回风巷\",\"dataValue\":0.0108,\"unit\":\"%\",\"alarmThreshold\":1.0000,\"alarmFlag\":0,\"collectTime\":\"2026-06-29T18:26:42\",\"status\":0,\"createTime\":\"2026-06-29T18:26:46\",\"remark\":\"M1-03 模拟生成传感器数据\"},{\"id\":195,\"sensorId\":1,\"sensorCode\":\"SEN-GAS-001\",\"sensorName\":\"一采区瓦斯传感器一号\",\"sensorType\":\"GAS\",\"deviceId\":1,\"areaName\":\"一采区\",\"location\":\"一采区回风巷\",\"dataValue\":0.3962,\"unit\":\"%\",\"alarmThreshold\":1.0000,\"alarmFlag\":0,\"collectTime\":\"2026-06-29T18:26:41\",\"status\":0,\"createTime\":\"2026-06-29T18:26:46\",', 0, NULL, '2026-06-29 19:54:56', 145, 'admin', '2026-06-29 19:54:56', NULL, '2026-06-29 19:54:56', 0, NULL);
INSERT INTO `sys_oper_log` VALUES (135, '智能矿山-告警事件', '分页查询', 'cn.sxu.enterprise.module.mine.controller.MineAlarmEventController.page()', 'GET', 'WEB', 'admin', NULL, '/api/mine/alarm-events/page', '0:0:0:0:0:0:0:1', '本地开发环境', '[{\"pageNo\":1,\"pageSize\":10,\"eventCode\":null,\"ruleCode\":null,\"sensorCode\":\"SEN-GAS-001\",\"sensorName\":null,\"sensorType\":null,\"areaName\":null,\"alarmLevel\":null,\"handleStatus\":null,\"status\":null}]', '{\"code\":0,\"msg\":\"success\",\"data\":{\"pageNo\":1,\"pageSize\":10,\"total\":1,\"pages\":1,\"records\":[{\"id\":20,\"eventCode\":\"ALM-D210-R1\",\"ruleId\":1,\"ruleCode\":\"ALM-RULE-GAS-001\",\"ruleName\":\"瓦斯浓度超限告警\",\"sensorDataId\":210,\"sensorId\":1,\"sensorCode\":\"SEN-GAS-001\",\"sensorName\":\"一采区瓦斯传感器一号\",\"sensorType\":\"GAS\",\"deviceId\":1,\"areaName\":\"一采区\",\"location\":\"一采区回风巷\",\"dataValue\":1.6800,\"thresholdValue\":1.0000,\"compareOperator\":\"GE\",\"alarmLevel\":3,\"alarmTitle\":\"瓦斯浓度超限\",\"alarmContent\":\"一采区瓦斯传感器一号 采集值 1.6800% 触发规则【瓦斯浓度超限告警】，规则阈值为 1.0000%。\",\"alarmTime\":\"2026-06-29T19:54:39\",\"handleStatus\":0,\"status\":0,\"createTime\":\"2026-06-29T19:54:39\",\"remark\":\"M1-04 根据传感器数据自动生成告警事件\"}]}}', 0, NULL, '2026-06-29 19:55:03', 16, 'admin', '2026-06-29 19:55:03', NULL, '2026-06-29 19:55:02', 0, NULL);
INSERT INTO `sys_oper_log` VALUES (136, '智能矿山-看板', '汇总统计', 'cn.sxu.enterprise.module.mine.controller.MineDashboardController.summary()', 'GET', 'WEB', 'admin', NULL, '/api/mine/dashboard/summary', '0:0:0:0:0:0:0:1', '本地开发环境', '[]', '{\"code\":0,\"msg\":\"success\",\"data\":{\"deviceTotal\":3,\"sensorTotal\":3,\"sensorDataTotal\":210,\"alarmRuleTotal\":3,\"alarmEventTotal\":20,\"unhandledAlarmTotal\":19,\"workOrderTotal\":1,\"pendingWorkOrderTotal\":0,\"closedWorkOrderTotal\":1}}', 0, NULL, '2026-06-29 19:55:09', 39, 'admin', '2026-06-29 19:55:09', NULL, '2026-06-29 19:55:08', 0, NULL);
INSERT INTO `sys_oper_log` VALUES (137, 'AIOps智能运维', '模块健康检查', 'cn.sxu.enterprise.module.aiops.controller.AiopsHealthController.health()', 'GET', 'WEB', 'admin', NULL, '/api/aiops/health', '0:0:0:0:0:0:0:1', '本地开发环境', '[]', '{\"code\":0,\"msg\":\"success\",\"data\":\"enterprise-scaffold aiops module running\"}', 0, NULL, '2026-06-30 01:38:31', 0, 'admin', '2026-06-30 01:38:31', NULL, '2026-06-30 01:38:30', 0, NULL);
INSERT INTO `sys_oper_log` VALUES (138, '银行风控', '模块健康检查', 'cn.sxu.enterprise.module.risk.controller.RiskHealthController.health()', 'GET', 'WEB', 'admin', NULL, '/api/risk/health', '0:0:0:0:0:0:0:1', '本地开发环境', '[]', '{\"code\":0,\"msg\":\"success\",\"data\":\"enterprise-scaffold risk module running\"}', 0, NULL, '2026-07-07 22:53:38', 0, 'admin', '2026-07-07 22:53:38', NULL, '2026-07-07 22:53:38', 0, NULL);
INSERT INTO `sys_oper_log` VALUES (139, '银行风控-交易流水', '交易模拟', 'cn.sxu.enterprise.module.risk.controller.RiskTransactionController.simulate()', 'POST', 'WEB', 'admin', NULL, '/api/risk/transactions/simulate', '0:0:0:0:0:0:0:1', '本地开发环境', '[{\"count\":10,\"accountNo\":null,\"customerName\":null,\"transactionType\":null,\"channel\":null,\"minAmount\":null,\"maxAmount\":null,\"riskFlag\":null,\"remark\":null}]', '{\"code\":0,\"msg\":\"success\",\"data\":[{\"id\":1,\"transactionNo\":\"RT202607072352548320002934\",\"accountNo\":\"6222029026687084\",\"customerId\":388543,\"customerName\":\"张明\",\"merchantId\":\"M23149\",\"merchantName\":\"晋中数码商城\",\"transactionType\":\"CONSUME\",\"transactionTypeName\":\"消费\",\"channel\":\"POS\",\"channelName\":\"POS\",\"amount\":27235.97,\"currency\":\"CNY\",\"ipAddr\":\"10.133.33.12\",\"deviceId\":\"DEV-334130\",\"location\":\"山西长治\",\"transactionTime\":\"2026-07-07T23:11:00.832516\",\"transactionStatus\":1,\"transactionStatusName\":\"失败\",\"riskFlag\":1,\"riskFlagName\":\"命中风险\",\"status\":1,\"statusName\":\"异常\",\"createTime\":\"2026-07-07T23:52:54.832516\",\"remark\":\"R3-02交易模拟生成\"},{\"id\":2,\"transactionNo\":\"RT202607072352549210012060\",\"accountNo\":\"6222022546055643\",\"customerId\":830227,\"customerName\":\"王强\",\"merchantId\":\"M54575\",\"merchantName\":\"山西能源缴费平台\",\"transactionType\":\"TRANSFER\",\"transactionTypeName\":\"转账\",\"channel\":\"POS\",\"channelName\":\"POS\",\"amount\":27940.35,\"currency\":\"CNY\",\"ipAddr\":\"10.28.105.47\",\"deviceId\":\"DEV-367484\",\"location\":\"山西长治\",\"transactionTime\":\"2026-07-07T23:14:32.9218086\",\"transactionStatus\":0,\"transactionStatusName\":\"成功\",\"riskFlag\":1,\"riskFlagName\":\"命中风险\",\"status\":1,\"statusName\":\"异常\",\"createTime\":\"2026-07-07T23:52:54.9218086\",\"remark\":\"R3-02交易模拟生成\"},{\"id\":3,\"transactionNo\":\"RT202607072352549270024692\",\"accountNo\":\"6222029004357135\",\"customerId\":806307,\"customerName\":\"孙磊\",\"merchantId\":\"M36384\",\"merchantName\":\"大同餐饮连锁\",\"transactionType\":\"CONSUME\",\"transactionTypeName\":\"消费\",\"channel\":\"APP\",\"channelName\":\"手机银行\",\"amount\":21612.32,\"currency\":\"CNY\",\"ipAddr\":\"10.71.185.156\",\"deviceId\":\"DEV-663306\",\"location\":\"山西晋中\",\"transactionTime\":\"2026-07-07T23:52:06.927835\",\"transactionStatus\":0,\"transactionStatusName\":\"成功\",\"riskFlag\":1,\"riskFlagName\":\"命中风险\",\"status\":1,\"statusName\":\"异常\",\"createTime\":\"2026-07-07T23:52:54.927835\",\"remark\":\"R3-02交易模拟生成\"},{\"id\":4,\"transactionNo\":\"RT202607072352549310033914\",\"accountNo\":\"6222026296680255\",\"customerId\":947685,\"customerName\":\"李娜\",\"merchantId\":\"M72377\",\"merchantName\":\"阳泉交通出行\",\"transactionType\":\"', 0, NULL, '2026-07-07 23:52:55', 315, 'admin', '2026-07-07 23:52:55', NULL, '2026-07-07 23:52:54', 0, NULL);
INSERT INTO `sys_oper_log` VALUES (140, '银行风控-规则管理', '分页查询', 'cn.sxu.enterprise.module.risk.controller.RiskRuleController.pageRules()', 'GET', 'WEB', 'admin', NULL, '/api/risk/rules/page', '0:0:0:0:0:0:0:1', '本地开发环境', '[{\"pageNo\":1,\"pageSize\":10,\"ruleCode\":null,\"ruleName\":null,\"ruleType\":null,\"riskLevel\":null,\"status\":null}]', '{\"code\":0,\"msg\":\"success\",\"data\":{\"pageNo\":1,\"pageSize\":10,\"total\":6,\"pages\":1,\"records\":[{\"id\":6,\"ruleCode\":\"RISK_BLACKLIST_CUSTOMER\",\"ruleName\":\"黑名单客户规则\",\"ruleType\":\"BLACKLIST\",\"conditionType\":\"customer_id/account_no\",\"compareOperator\":\"CONTAINS\",\"thresholdValue\":null,\"riskLevel\":3,\"riskScore\":60,\"ruleContent\":\"CUST_BLACK_001,ACC_BLACK_001\",\"status\":0,\"createTime\":\"2026-07-08T00:40:52\",\"remark\":\"R3-03 默认规则：黑名单\"},{\"id\":5,\"ruleCode\":\"RISK_TIME_NIGHT\",\"ruleName\":\"夜间交易规则\",\"ruleType\":\"TIME\",\"conditionType\":\"transaction_time\",\"compareOperator\":\"NIGHT\",\"thresholdValue\":23.00,\"riskLevel\":1,\"riskScore\":15,\"ruleContent\":\"23:00-06:00 夜间交易\",\"status\":0,\"createTime\":\"2026-07-08T00:40:52\",\"remark\":\"R3-03 默认规则：夜间交易\"},{\"id\":4,\"ruleCode\":\"RISK_DEVICE_ABNORMAL\",\"ruleName\":\"异常设备规则\",\"ruleType\":\"DEVICE\",\"conditionType\":\"device_id\",\"compareOperator\":\"CONTAINS\",\"thresholdValue\":null,\"riskLevel\":2,\"riskScore\":25,\"ruleContent\":\"UNKNOWN,ROOT,ROOTED,EMULATOR,VIRTUAL\",\"status\":0,\"createTime\":\"2026-07-08T00:40:52\",\"remark\":\"R3-03 默认规则：异常设备\"},{\"id\":3,\"ruleCode\":\"RISK_LOCATION_OVERSEA\",\"ruleName\":\"异地交易规则\",\"ruleType\":\"LOCATION\",\"conditionType\":\"location\",\"compareOperator\":\"CONTAINS\",\"thresholdValue\":null,\"riskLevel\":3,\"riskScore\":35,\"ruleContent\":\"境外,香港,澳门,港澳\",\"status\":0,\"createTime\":\"2026-07-08T00:40:52\",\"remark\":\"R3-03 默认规则：异地交易\"},{\"id\":2,\"ruleCode\":\"RISK_FREQ_3_10MIN\",\"ruleName\":\"十分钟高频交易规则\",\"ruleType\":\"FREQUENCY\",\"conditionType\":\"account_no\",\"compareOperator\":\"GTE\",\"thresholdValue\":3.00,\"riskLevel\":3,\"riskScore\":40,\"ruleContent\":\"同一账号10分钟内交易次数大于等于3次\",\"status\":0,\"createTime\":\"2026-07-08T00:40:52\",\"remark\":\"R3-03 默认规则：高频交易\"},{\"id\":1,\"ruleCode\":\"RISK_AMOUNT_10000\",\"ruleName\":\"大额交易规则\",\"ruleType\":\"AMOUNT\",\"conditionType\":\"amount\",\"compareOperator\":\"GTE\",\"thresholdValue\":10000.00,\"riskLevel\":2,\"riskScore\":30,\"ruleContent\":\"交易金额大于等于10000元\",\"status\":0,\"createTime\":\"2026-07-08T00:40:52\",\"remark\":\"R3-03 默认规则：大额交易\"}]}}', 0, NULL, '2026-07-08 00:48:56', 385, 'admin', '2026-07-08 00:48:56', NULL, '2026-07-08 00:48:56', 0, NULL);
INSERT INTO `sys_oper_log` VALUES (141, '银行风控-规则命中', '生成规则命中', 'cn.sxu.enterprise.module.risk.controller.RiskRuleHitController.generate()', 'POST', 'WEB', 'admin', NULL, '/api/risk/rule-hits/generate', '0:0:0:0:0:0:0:1', '本地开发环境', '[{\"transactionId\":null,\"limit\":null}]', '{\"code\":0,\"msg\":\"success\",\"data\":[{\"id\":1,\"hitCode\":\"HIT202607080049073281\",\"transactionId\":3,\"transactionNo\":\"RT202607072352549270024692\",\"accountNo\":\"6222029004357135\",\"customerId\":\"806307\",\"customerName\":\"孙磊\",\"ruleId\":1,\"ruleCode\":\"RISK_AMOUNT_10000\",\"ruleName\":\"大额交易规则\",\"ruleType\":\"AMOUNT\",\"hitValue\":\"21612.32\",\"thresholdValue\":10000.00,\"riskLevel\":2,\"riskScore\":30,\"hitTime\":\"2026-07-08T00:49:07.9211832\",\"status\":0,\"createTime\":\"2026-07-08T00:49:07.9211832\",\"remark\":\"R3-03 rule engine generated\"},{\"id\":2,\"hitCode\":\"HIT202607080049076580\",\"transactionId\":3,\"transactionNo\":\"RT202607072352549270024692\",\"accountNo\":\"6222029004357135\",\"customerId\":\"806307\",\"customerName\":\"孙磊\",\"ruleId\":5,\"ruleCode\":\"RISK_TIME_NIGHT\",\"ruleName\":\"夜间交易规则\",\"ruleType\":\"TIME\",\"hitValue\":\"23\",\"thresholdValue\":23.00,\"riskLevel\":1,\"riskScore\":15,\"hitTime\":\"2026-07-08T00:49:07.9327162\",\"status\":0,\"createTime\":\"2026-07-08T00:49:07.9327162\",\"remark\":\"R3-03 rule engine generated\"},{\"id\":3,\"hitCode\":\"HIT202607080049077371\",\"transactionId\":8,\"transactionNo\":\"RT202607072352549460075174\",\"accountNo\":\"6222023205293303\",\"customerId\":\"137900\",\"customerName\":\"周颖\",\"ruleId\":1,\"ruleCode\":\"RISK_AMOUNT_10000\",\"ruleName\":\"大额交易规则\",\"ruleType\":\"AMOUNT\",\"hitValue\":\"49822.14\",\"thresholdValue\":10000.00,\"riskLevel\":2,\"riskScore\":30,\"hitTime\":\"2026-07-08T00:49:07.9433955\",\"status\":0,\"createTime\":\"2026-07-08T00:49:07.9433955\",\"remark\":\"R3-03 rule engine generated\"},{\"id\":4,\"hitCode\":\"HIT202607080049073841\",\"transactionId\":8,\"transactionNo\":\"RT202607072352549460075174\",\"accountNo\":\"6222023205293303\",\"customerId\":\"137900\",\"customerName\":\"周颖\",\"ruleId\":5,\"ruleCode\":\"RISK_TIME_NIGHT\",\"ruleName\":\"夜间交易规则\",\"ruleType\":\"TIME\",\"hitValue\":\"23\",\"thresholdValue\":23.00,\"riskLevel\":1,\"riskScore\":15,\"hitTime\":\"2026-07-08T00:49:07.9500959\",\"status\":0,\"createTime\":\"2026-07-08T00:49:07.9500959\",\"remark\":\"R3-03 rule engine generated\"},{\"id\":5,\"hitCode\":\"HIT202607080049074312\",\"transactionId\":7,\"transactionNo\":\"RT202607072352549450063045\",\"ac', 0, NULL, '2026-07-08 00:49:08', 160, 'admin', '2026-07-08 00:49:08', NULL, '2026-07-08 00:49:08', 0, NULL);
INSERT INTO `sys_oper_log` VALUES (142, '银行风控-规则命中', '分页查询', 'cn.sxu.enterprise.module.risk.controller.RiskRuleHitController.pageRuleHits()', 'GET', 'WEB', 'admin', NULL, '/api/risk/rule-hits/page', '0:0:0:0:0:0:0:1', '本地开发环境', '[{\"pageNo\":1,\"pageSize\":10,\"hitCode\":null,\"transactionNo\":null,\"accountNo\":null,\"customerName\":null,\"ruleCode\":null,\"ruleName\":null,\"ruleType\":null,\"riskLevel\":null,\"status\":null,\"beginTime\":null,\"endTime\":null}]', '{\"code\":0,\"msg\":\"success\",\"data\":{\"pageNo\":1,\"pageSize\":10,\"total\":16,\"pages\":2,\"records\":[{\"id\":16,\"hitCode\":\"HIT202607080049088892\",\"transactionId\":6,\"transactionNo\":\"RT202607072352549360053951\",\"accountNo\":\"6222026754565815\",\"customerId\":\"212512\",\"customerName\":\"孙磊\",\"ruleId\":1,\"ruleCode\":\"RISK_AMOUNT_10000\",\"ruleName\":\"大额交易规则\",\"ruleType\":\"AMOUNT\",\"hitValue\":\"41773.30\",\"thresholdValue\":10000.00,\"riskLevel\":2,\"riskScore\":30,\"hitTime\":\"2026-07-08T00:49:08\",\"status\":0,\"createTime\":\"2026-07-08T00:49:08\",\"remark\":\"R3-03 rule engine generated\"},{\"id\":15,\"hitCode\":\"HIT202607080049088931\",\"transactionId\":1,\"transactionNo\":\"RT202607072352548320002934\",\"accountNo\":\"6222029026687084\",\"customerId\":\"388543\",\"customerName\":\"张明\",\"ruleId\":5,\"ruleCode\":\"RISK_TIME_NIGHT\",\"ruleName\":\"夜间交易规则\",\"ruleType\":\"TIME\",\"hitValue\":\"23\",\"thresholdValue\":23.00,\"riskLevel\":1,\"riskScore\":15,\"hitTime\":\"2026-07-08T00:49:08\",\"status\":0,\"createTime\":\"2026-07-08T00:49:08\",\"remark\":\"R3-03 rule engine generated\"},{\"id\":14,\"hitCode\":\"HIT202607080049086252\",\"transactionId\":1,\"transactionNo\":\"RT202607072352548320002934\",\"accountNo\":\"6222029026687084\",\"customerId\":\"388543\",\"customerName\":\"张明\",\"ruleId\":1,\"ruleCode\":\"RISK_AMOUNT_10000\",\"ruleName\":\"大额交易规则\",\"ruleType\":\"AMOUNT\",\"hitValue\":\"27235.97\",\"thresholdValue\":10000.00,\"riskLevel\":2,\"riskScore\":30,\"hitTime\":\"2026-07-08T00:49:08\",\"status\":0,\"createTime\":\"2026-07-08T00:49:08\",\"remark\":\"R3-03 rule engine generated\"},{\"id\":13,\"hitCode\":\"HIT202607080049081552\",\"transactionId\":2,\"transactionNo\":\"RT202607072352549210012060\",\"accountNo\":\"6222022546055643\",\"customerId\":\"830227\",\"customerName\":\"王强\",\"ruleId\":5,\"ruleCode\":\"RISK_TIME_NIGHT\",\"ruleName\":\"夜间交易规则\",\"ruleType\":\"TIME\",\"hitValue\":\"23\",\"thresholdValue\":23.00,\"riskLevel\":1,\"riskScore\":15,\"hitTime\":\"2026-07-08T00:49:08\",\"status\":0,\"createTime\":\"2026-07-08T00:49:08\",\"remark\":\"R3-03 rule engine generated\"},{\"id\":12,\"hitCode\":\"HIT202607080049085299\",\"transactionId\":2,\"transactionNo\":\"RT202607072352549210012060\",\"acco', 0, NULL, '2026-07-08 00:49:15', 16, 'admin', '2026-07-08 00:49:15', NULL, '2026-07-08 00:49:14', 0, NULL);
INSERT INTO `sys_oper_log` VALUES (143, '银行风控-规则管理', '分页查询', 'cn.sxu.enterprise.module.risk.controller.RiskRuleController.pageRules()', 'GET', 'WEB', 'admin', NULL, '/api/risk/rules/page', '127.0.0.1', '本地开发环境', '[{\"pageNo\":1,\"pageSize\":10,\"ruleCode\":\"\",\"ruleName\":\"\",\"ruleType\":\"\",\"riskLevel\":null,\"status\":null}]', '{\"code\":0,\"msg\":\"success\",\"data\":{\"pageNo\":1,\"pageSize\":10,\"total\":6,\"pages\":1,\"records\":[{\"id\":6,\"ruleCode\":\"RISK_BLACKLIST_CUSTOMER\",\"ruleName\":\"黑名单客户规则\",\"ruleType\":\"BLACKLIST\",\"conditionType\":\"customer_id/account_no\",\"compareOperator\":\"CONTAINS\",\"thresholdValue\":null,\"riskLevel\":3,\"riskScore\":60,\"ruleContent\":\"CUST_BLACK_001,ACC_BLACK_001\",\"status\":0,\"createTime\":\"2026-07-08T00:40:52\",\"remark\":\"R3-03 默认规则：黑名单\"},{\"id\":5,\"ruleCode\":\"RISK_TIME_NIGHT\",\"ruleName\":\"夜间交易规则\",\"ruleType\":\"TIME\",\"conditionType\":\"transaction_time\",\"compareOperator\":\"NIGHT\",\"thresholdValue\":23.00,\"riskLevel\":1,\"riskScore\":15,\"ruleContent\":\"23:00-06:00 夜间交易\",\"status\":0,\"createTime\":\"2026-07-08T00:40:52\",\"remark\":\"R3-03 默认规则：夜间交易\"},{\"id\":4,\"ruleCode\":\"RISK_DEVICE_ABNORMAL\",\"ruleName\":\"异常设备规则\",\"ruleType\":\"DEVICE\",\"conditionType\":\"device_id\",\"compareOperator\":\"CONTAINS\",\"thresholdValue\":null,\"riskLevel\":2,\"riskScore\":25,\"ruleContent\":\"UNKNOWN,ROOT,ROOTED,EMULATOR,VIRTUAL\",\"status\":0,\"createTime\":\"2026-07-08T00:40:52\",\"remark\":\"R3-03 默认规则：异常设备\"},{\"id\":3,\"ruleCode\":\"RISK_LOCATION_OVERSEA\",\"ruleName\":\"异地交易规则\",\"ruleType\":\"LOCATION\",\"conditionType\":\"location\",\"compareOperator\":\"CONTAINS\",\"thresholdValue\":null,\"riskLevel\":3,\"riskScore\":35,\"ruleContent\":\"境外,香港,澳门,港澳\",\"status\":0,\"createTime\":\"2026-07-08T00:40:52\",\"remark\":\"R3-03 默认规则：异地交易\"},{\"id\":2,\"ruleCode\":\"RISK_FREQ_3_10MIN\",\"ruleName\":\"十分钟高频交易规则\",\"ruleType\":\"FREQUENCY\",\"conditionType\":\"account_no\",\"compareOperator\":\"GTE\",\"thresholdValue\":3.00,\"riskLevel\":3,\"riskScore\":40,\"ruleContent\":\"同一账号10分钟内交易次数大于等于3次\",\"status\":0,\"createTime\":\"2026-07-08T00:40:52\",\"remark\":\"R3-03 默认规则：高频交易\"},{\"id\":1,\"ruleCode\":\"RISK_AMOUNT_10000\",\"ruleName\":\"大额交易规则\",\"ruleType\":\"AMOUNT\",\"conditionType\":\"amount\",\"compareOperator\":\"GTE\",\"thresholdValue\":10000.00,\"riskLevel\":2,\"riskScore\":30,\"ruleContent\":\"交易金额大于等于10000元\",\"status\":0,\"createTime\":\"2026-07-08T00:40:52\",\"remark\":\"R3-03 默认规则：大额交易\"}]}}', 0, NULL, '2026-07-08 00:53:20', 12, 'admin', '2026-07-08 00:53:20', NULL, '2026-07-08 00:53:20', 0, NULL);
INSERT INTO `sys_oper_log` VALUES (144, '银行风控-规则命中', '分页查询', 'cn.sxu.enterprise.module.risk.controller.RiskRuleHitController.pageRuleHits()', 'GET', 'WEB', 'admin', NULL, '/api/risk/rule-hits/page', '127.0.0.1', '本地开发环境', '[{\"pageNo\":1,\"pageSize\":10,\"hitCode\":null,\"transactionNo\":\"\",\"accountNo\":\"\",\"customerName\":\"\",\"ruleCode\":null,\"ruleName\":null,\"ruleType\":\"\",\"riskLevel\":null,\"status\":null,\"beginTime\":null,\"endTime\":null}]', '{\"code\":0,\"msg\":\"success\",\"data\":{\"pageNo\":1,\"pageSize\":10,\"total\":16,\"pages\":2,\"records\":[{\"id\":16,\"hitCode\":\"HIT202607080049088892\",\"transactionId\":6,\"transactionNo\":\"RT202607072352549360053951\",\"accountNo\":\"6222026754565815\",\"customerId\":\"212512\",\"customerName\":\"孙磊\",\"ruleId\":1,\"ruleCode\":\"RISK_AMOUNT_10000\",\"ruleName\":\"大额交易规则\",\"ruleType\":\"AMOUNT\",\"hitValue\":\"41773.30\",\"thresholdValue\":10000.00,\"riskLevel\":2,\"riskScore\":30,\"hitTime\":\"2026-07-08T00:49:08\",\"status\":0,\"createTime\":\"2026-07-08T00:49:08\",\"remark\":\"R3-03 rule engine generated\"},{\"id\":15,\"hitCode\":\"HIT202607080049088931\",\"transactionId\":1,\"transactionNo\":\"RT202607072352548320002934\",\"accountNo\":\"6222029026687084\",\"customerId\":\"388543\",\"customerName\":\"张明\",\"ruleId\":5,\"ruleCode\":\"RISK_TIME_NIGHT\",\"ruleName\":\"夜间交易规则\",\"ruleType\":\"TIME\",\"hitValue\":\"23\",\"thresholdValue\":23.00,\"riskLevel\":1,\"riskScore\":15,\"hitTime\":\"2026-07-08T00:49:08\",\"status\":0,\"createTime\":\"2026-07-08T00:49:08\",\"remark\":\"R3-03 rule engine generated\"},{\"id\":14,\"hitCode\":\"HIT202607080049086252\",\"transactionId\":1,\"transactionNo\":\"RT202607072352548320002934\",\"accountNo\":\"6222029026687084\",\"customerId\":\"388543\",\"customerName\":\"张明\",\"ruleId\":1,\"ruleCode\":\"RISK_AMOUNT_10000\",\"ruleName\":\"大额交易规则\",\"ruleType\":\"AMOUNT\",\"hitValue\":\"27235.97\",\"thresholdValue\":10000.00,\"riskLevel\":2,\"riskScore\":30,\"hitTime\":\"2026-07-08T00:49:08\",\"status\":0,\"createTime\":\"2026-07-08T00:49:08\",\"remark\":\"R3-03 rule engine generated\"},{\"id\":13,\"hitCode\":\"HIT202607080049081552\",\"transactionId\":2,\"transactionNo\":\"RT202607072352549210012060\",\"accountNo\":\"6222022546055643\",\"customerId\":\"830227\",\"customerName\":\"王强\",\"ruleId\":5,\"ruleCode\":\"RISK_TIME_NIGHT\",\"ruleName\":\"夜间交易规则\",\"ruleType\":\"TIME\",\"hitValue\":\"23\",\"thresholdValue\":23.00,\"riskLevel\":1,\"riskScore\":15,\"hitTime\":\"2026-07-08T00:49:08\",\"status\":0,\"createTime\":\"2026-07-08T00:49:08\",\"remark\":\"R3-03 rule engine generated\"},{\"id\":12,\"hitCode\":\"HIT202607080049085299\",\"transactionId\":2,\"transactionNo\":\"RT202607072352549210012060\",\"acco', 0, NULL, '2026-07-08 00:53:20', 16, 'admin', '2026-07-08 00:53:20', NULL, '2026-07-08 00:53:20', 0, NULL);
INSERT INTO `sys_oper_log` VALUES (145, '银行风控-规则命中', '分页查询', 'cn.sxu.enterprise.module.risk.controller.RiskRuleHitController.pageRuleHits()', 'GET', 'WEB', 'admin', NULL, '/api/risk/rule-hits/page', '127.0.0.1', '本地开发环境', '[{\"pageNo\":1,\"pageSize\":10,\"hitCode\":null,\"transactionNo\":\"\",\"accountNo\":\"\",\"customerName\":\"\",\"ruleCode\":null,\"ruleName\":null,\"ruleType\":\"\",\"riskLevel\":null,\"status\":null,\"beginTime\":null,\"endTime\":null}]', '{\"code\":0,\"msg\":\"success\",\"data\":{\"pageNo\":1,\"pageSize\":10,\"total\":16,\"pages\":2,\"records\":[{\"id\":16,\"hitCode\":\"HIT202607080049088892\",\"transactionId\":6,\"transactionNo\":\"RT202607072352549360053951\",\"accountNo\":\"6222026754565815\",\"customerId\":\"212512\",\"customerName\":\"孙磊\",\"ruleId\":1,\"ruleCode\":\"RISK_AMOUNT_10000\",\"ruleName\":\"大额交易规则\",\"ruleType\":\"AMOUNT\",\"hitValue\":\"41773.30\",\"thresholdValue\":10000.00,\"riskLevel\":2,\"riskScore\":30,\"hitTime\":\"2026-07-08T00:49:08\",\"status\":0,\"createTime\":\"2026-07-08T00:49:08\",\"remark\":\"R3-03 rule engine generated\"},{\"id\":15,\"hitCode\":\"HIT202607080049088931\",\"transactionId\":1,\"transactionNo\":\"RT202607072352548320002934\",\"accountNo\":\"6222029026687084\",\"customerId\":\"388543\",\"customerName\":\"张明\",\"ruleId\":5,\"ruleCode\":\"RISK_TIME_NIGHT\",\"ruleName\":\"夜间交易规则\",\"ruleType\":\"TIME\",\"hitValue\":\"23\",\"thresholdValue\":23.00,\"riskLevel\":1,\"riskScore\":15,\"hitTime\":\"2026-07-08T00:49:08\",\"status\":0,\"createTime\":\"2026-07-08T00:49:08\",\"remark\":\"R3-03 rule engine generated\"},{\"id\":14,\"hitCode\":\"HIT202607080049086252\",\"transactionId\":1,\"transactionNo\":\"RT202607072352548320002934\",\"accountNo\":\"6222029026687084\",\"customerId\":\"388543\",\"customerName\":\"张明\",\"ruleId\":1,\"ruleCode\":\"RISK_AMOUNT_10000\",\"ruleName\":\"大额交易规则\",\"ruleType\":\"AMOUNT\",\"hitValue\":\"27235.97\",\"thresholdValue\":10000.00,\"riskLevel\":2,\"riskScore\":30,\"hitTime\":\"2026-07-08T00:49:08\",\"status\":0,\"createTime\":\"2026-07-08T00:49:08\",\"remark\":\"R3-03 rule engine generated\"},{\"id\":13,\"hitCode\":\"HIT202607080049081552\",\"transactionId\":2,\"transactionNo\":\"RT202607072352549210012060\",\"accountNo\":\"6222022546055643\",\"customerId\":\"830227\",\"customerName\":\"王强\",\"ruleId\":5,\"ruleCode\":\"RISK_TIME_NIGHT\",\"ruleName\":\"夜间交易规则\",\"ruleType\":\"TIME\",\"hitValue\":\"23\",\"thresholdValue\":23.00,\"riskLevel\":1,\"riskScore\":15,\"hitTime\":\"2026-07-08T00:49:08\",\"status\":0,\"createTime\":\"2026-07-08T00:49:08\",\"remark\":\"R3-03 rule engine generated\"},{\"id\":12,\"hitCode\":\"HIT202607080049085299\",\"transactionId\":2,\"transactionNo\":\"RT202607072352549210012060\",\"acco', 0, NULL, '2026-07-08 00:54:24', 9, 'admin', '2026-07-08 00:54:24', NULL, '2026-07-08 00:54:23', 0, NULL);
INSERT INTO `sys_oper_log` VALUES (146, '银行风控-规则管理', '分页查询', 'cn.sxu.enterprise.module.risk.controller.RiskRuleController.pageRules()', 'GET', 'WEB', 'admin', NULL, '/api/risk/rules/page', '127.0.0.1', '本地开发环境', '[{\"pageNo\":1,\"pageSize\":10,\"ruleCode\":\"\",\"ruleName\":\"\",\"ruleType\":\"\",\"riskLevel\":null,\"status\":null}]', '{\"code\":0,\"msg\":\"success\",\"data\":{\"pageNo\":1,\"pageSize\":10,\"total\":6,\"pages\":1,\"records\":[{\"id\":6,\"ruleCode\":\"RISK_BLACKLIST_CUSTOMER\",\"ruleName\":\"黑名单客户规则\",\"ruleType\":\"BLACKLIST\",\"conditionType\":\"customer_id/account_no\",\"compareOperator\":\"CONTAINS\",\"thresholdValue\":null,\"riskLevel\":3,\"riskScore\":60,\"ruleContent\":\"CUST_BLACK_001,ACC_BLACK_001\",\"status\":0,\"createTime\":\"2026-07-08T00:40:52\",\"remark\":\"R3-03 默认规则：黑名单\"},{\"id\":5,\"ruleCode\":\"RISK_TIME_NIGHT\",\"ruleName\":\"夜间交易规则\",\"ruleType\":\"TIME\",\"conditionType\":\"transaction_time\",\"compareOperator\":\"NIGHT\",\"thresholdValue\":23.00,\"riskLevel\":1,\"riskScore\":15,\"ruleContent\":\"23:00-06:00 夜间交易\",\"status\":0,\"createTime\":\"2026-07-08T00:40:52\",\"remark\":\"R3-03 默认规则：夜间交易\"},{\"id\":4,\"ruleCode\":\"RISK_DEVICE_ABNORMAL\",\"ruleName\":\"异常设备规则\",\"ruleType\":\"DEVICE\",\"conditionType\":\"device_id\",\"compareOperator\":\"CONTAINS\",\"thresholdValue\":null,\"riskLevel\":2,\"riskScore\":25,\"ruleContent\":\"UNKNOWN,ROOT,ROOTED,EMULATOR,VIRTUAL\",\"status\":0,\"createTime\":\"2026-07-08T00:40:52\",\"remark\":\"R3-03 默认规则：异常设备\"},{\"id\":3,\"ruleCode\":\"RISK_LOCATION_OVERSEA\",\"ruleName\":\"异地交易规则\",\"ruleType\":\"LOCATION\",\"conditionType\":\"location\",\"compareOperator\":\"CONTAINS\",\"thresholdValue\":null,\"riskLevel\":3,\"riskScore\":35,\"ruleContent\":\"境外,香港,澳门,港澳\",\"status\":0,\"createTime\":\"2026-07-08T00:40:52\",\"remark\":\"R3-03 默认规则：异地交易\"},{\"id\":2,\"ruleCode\":\"RISK_FREQ_3_10MIN\",\"ruleName\":\"十分钟高频交易规则\",\"ruleType\":\"FREQUENCY\",\"conditionType\":\"account_no\",\"compareOperator\":\"GTE\",\"thresholdValue\":3.00,\"riskLevel\":3,\"riskScore\":40,\"ruleContent\":\"同一账号10分钟内交易次数大于等于3次\",\"status\":0,\"createTime\":\"2026-07-08T00:40:52\",\"remark\":\"R3-03 默认规则：高频交易\"},{\"id\":1,\"ruleCode\":\"RISK_AMOUNT_10000\",\"ruleName\":\"大额交易规则\",\"ruleType\":\"AMOUNT\",\"conditionType\":\"amount\",\"compareOperator\":\"GTE\",\"thresholdValue\":10000.00,\"riskLevel\":2,\"riskScore\":30,\"ruleContent\":\"交易金额大于等于10000元\",\"status\":0,\"createTime\":\"2026-07-08T00:40:52\",\"remark\":\"R3-03 默认规则：大额交易\"}]}}', 0, NULL, '2026-07-08 00:54:24', 8, 'admin', '2026-07-08 00:54:24', NULL, '2026-07-08 00:54:23', 0, NULL);
INSERT INTO `sys_oper_log` VALUES (147, '银行风控-人工审核', '汇总统计', 'cn.sxu.enterprise.module.risk.controller.RiskReviewOrderController.summary()', 'GET', 'WEB', 'admin', NULL, '/api/risk/review-orders/summary', '127.0.0.1', '本地开发环境', '[]', NULL, 1, '\r\n### Error querying database.  Cause: java.sql.SQLSyntaxErrorException: Table \'enterprise_scaffold.risk_review_order\' doesn\'t exist\r\n### The error may exist in cn/sxu/enterprise/module/risk/mapper/RiskReviewOrderMapper.java (best guess)\r\n### The error may involve defaultParameterMap\r\n### The error occurred while setting parameters\r\n### SQL: SELECT  id,review_order_code,transaction_id,transaction_no,account_no,customer_id,customer_name,merchant_id,merchant_name,transaction_type,channel,amount,currency,total_score,risk_level,risk_result,review_status,reviewer_user_id,reviewer_username,review_time,review_result,status,create_by,create_time,update_by,update_time,deleted,remark  FROM risk_review_order  WHERE deleted=0\r\n### Cause: java.sql.SQLSyntaxErrorException: Table \'enterprise_scaffold.risk_review_order\' doesn\'t exist\n; bad SQL grammar []', '2026-07-08 01:36:43', 141, 'admin', '2026-07-08 01:36:43', NULL, '2026-07-08 01:36:42', 0, NULL);
INSERT INTO `sys_oper_log` VALUES (148, '银行风控-人工审核', '分页查询', 'cn.sxu.enterprise.module.risk.controller.RiskReviewOrderController.pageReviewOrders()', 'GET', 'WEB', 'admin', NULL, '/api/risk/review-orders/page', '127.0.0.1', '本地开发环境', '[{\"pageNo\":1,\"pageSize\":10,\"reviewOrderCode\":\"\",\"transactionNo\":\"\",\"accountNo\":\"\",\"customerName\":\"\",\"merchantName\":null,\"transactionType\":null,\"channel\":null,\"riskLevel\":null,\"riskResult\":\"\",\"reviewStatus\":null,\"status\":null,\"beginTime\":null,\"endTime\":null}]', NULL, 1, '\r\n### Error querying database.  Cause: java.sql.SQLSyntaxErrorException: Table \'enterprise_scaffold.risk_review_order\' doesn\'t exist\r\n### The error may exist in cn/sxu/enterprise/module/risk/mapper/RiskReviewOrderMapper.java (best guess)\r\n### The error may involve defaultParameterMap\r\n### The error occurred while setting parameters\r\n### SQL: SELECT COUNT(*) AS total FROM risk_review_order WHERE deleted = 0\r\n### Cause: java.sql.SQLSyntaxErrorException: Table \'enterprise_scaffold.risk_review_order\' doesn\'t exist\n; bad SQL grammar []', '2026-07-08 01:36:43', 141, 'admin', '2026-07-08 01:36:43', NULL, '2026-07-08 01:36:42', 0, NULL);
INSERT INTO `sys_oper_log` VALUES (149, '银行风控-人工审核', '汇总统计', 'cn.sxu.enterprise.module.risk.controller.RiskReviewOrderController.summary()', 'GET', 'WEB', 'admin', NULL, '/api/risk/review-orders/summary', '127.0.0.1', '本地开发环境', '[]', NULL, 1, '\r\n### Error querying database.  Cause: java.sql.SQLSyntaxErrorException: Table \'enterprise_scaffold.risk_review_order\' doesn\'t exist\r\n### The error may exist in cn/sxu/enterprise/module/risk/mapper/RiskReviewOrderMapper.java (best guess)\r\n### The error may involve defaultParameterMap\r\n### The error occurred while setting parameters\r\n### SQL: SELECT  id,review_order_code,transaction_id,transaction_no,account_no,customer_id,customer_name,merchant_id,merchant_name,transaction_type,channel,amount,currency,total_score,risk_level,risk_result,review_status,reviewer_user_id,reviewer_username,review_time,review_result,status,create_by,create_time,update_by,update_time,deleted,remark  FROM risk_review_order  WHERE deleted=0\r\n### Cause: java.sql.SQLSyntaxErrorException: Table \'enterprise_scaffold.risk_review_order\' doesn\'t exist\n; bad SQL grammar []', '2026-07-08 01:39:34', 3, 'admin', '2026-07-08 01:39:34', NULL, '2026-07-08 01:39:34', 0, NULL);
INSERT INTO `sys_oper_log` VALUES (150, '银行风控-人工审核', '分页查询', 'cn.sxu.enterprise.module.risk.controller.RiskReviewOrderController.pageReviewOrders()', 'GET', 'WEB', 'admin', NULL, '/api/risk/review-orders/page', '127.0.0.1', '本地开发环境', '[{\"pageNo\":1,\"pageSize\":10,\"reviewOrderCode\":\"\",\"transactionNo\":\"\",\"accountNo\":\"\",\"customerName\":\"\",\"merchantName\":null,\"transactionType\":null,\"channel\":null,\"riskLevel\":null,\"riskResult\":\"\",\"reviewStatus\":null,\"status\":null,\"beginTime\":null,\"endTime\":null}]', NULL, 1, '\r\n### Error querying database.  Cause: java.sql.SQLSyntaxErrorException: Table \'enterprise_scaffold.risk_review_order\' doesn\'t exist\r\n### The error may exist in cn/sxu/enterprise/module/risk/mapper/RiskReviewOrderMapper.java (best guess)\r\n### The error may involve defaultParameterMap\r\n### The error occurred while setting parameters\r\n### SQL: SELECT COUNT(*) AS total FROM risk_review_order WHERE deleted = 0\r\n### Cause: java.sql.SQLSyntaxErrorException: Table \'enterprise_scaffold.risk_review_order\' doesn\'t exist\n; bad SQL grammar []', '2026-07-08 01:39:34', 8, 'admin', '2026-07-08 01:39:34', NULL, '2026-07-08 01:39:34', 0, NULL);
INSERT INTO `sys_oper_log` VALUES (151, '银行风控-人工审核', '汇总统计', 'cn.sxu.enterprise.module.risk.controller.RiskReviewOrderController.summary()', 'GET', 'WEB', 'admin', NULL, '/api/risk/review-orders/summary', '127.0.0.1', '本地开发环境', '[]', '{\"code\":0,\"msg\":\"success\",\"data\":{\"totalOrderCount\":0,\"pendingCount\":0,\"approvedCount\":0,\"rejectedCount\":0,\"lowRiskCount\":0,\"mediumRiskCount\":0,\"highRiskCount\":0,\"reviewResultReviewCount\":0,\"reviewResultRejectCount\":0,\"todayOrderCount\":0,\"averageScore\":0}}', 0, NULL, '2026-07-08 01:41:00', 4, 'admin', '2026-07-08 01:41:00', NULL, '2026-07-08 01:41:00', 0, NULL);
INSERT INTO `sys_oper_log` VALUES (152, '银行风控-人工审核', '分页查询', 'cn.sxu.enterprise.module.risk.controller.RiskReviewOrderController.pageReviewOrders()', 'GET', 'WEB', 'admin', NULL, '/api/risk/review-orders/page', '127.0.0.1', '本地开发环境', '[{\"pageNo\":1,\"pageSize\":10,\"reviewOrderCode\":\"\",\"transactionNo\":\"\",\"accountNo\":\"\",\"customerName\":\"\",\"merchantName\":null,\"transactionType\":null,\"channel\":null,\"riskLevel\":null,\"riskResult\":\"\",\"reviewStatus\":null,\"status\":null,\"beginTime\":null,\"endTime\":null}]', '{\"code\":0,\"msg\":\"success\",\"data\":{\"pageNo\":1,\"pageSize\":10,\"total\":0,\"pages\":0,\"records\":[]}}', 0, NULL, '2026-07-08 01:41:00', 6, 'admin', '2026-07-08 01:41:00', NULL, '2026-07-08 01:41:00', 0, NULL);
INSERT INTO `sys_oper_log` VALUES (153, '银行风控-人工审核', '汇总统计', 'cn.sxu.enterprise.module.risk.controller.RiskReviewOrderController.summary()', 'GET', 'WEB', 'admin', NULL, '/api/risk/review-orders/summary', '127.0.0.1', '本地开发环境', '[]', '{\"code\":0,\"msg\":\"success\",\"data\":{\"totalOrderCount\":0,\"pendingCount\":0,\"approvedCount\":0,\"rejectedCount\":0,\"lowRiskCount\":0,\"mediumRiskCount\":0,\"highRiskCount\":0,\"reviewResultReviewCount\":0,\"reviewResultRejectCount\":0,\"todayOrderCount\":0,\"averageScore\":0}}', 0, NULL, '2026-07-08 01:41:14', 2, 'admin', '2026-07-08 01:41:14', NULL, '2026-07-08 01:41:14', 0, NULL);
INSERT INTO `sys_oper_log` VALUES (154, '银行风控-人工审核', '分页查询', 'cn.sxu.enterprise.module.risk.controller.RiskReviewOrderController.pageReviewOrders()', 'GET', 'WEB', 'admin', NULL, '/api/risk/review-orders/page', '127.0.0.1', '本地开发环境', '[{\"pageNo\":1,\"pageSize\":10,\"reviewOrderCode\":\"\",\"transactionNo\":\"\",\"accountNo\":\"\",\"customerName\":\"\",\"merchantName\":null,\"transactionType\":null,\"channel\":null,\"riskLevel\":null,\"riskResult\":\"\",\"reviewStatus\":null,\"status\":null,\"beginTime\":null,\"endTime\":null}]', '{\"code\":0,\"msg\":\"success\",\"data\":{\"pageNo\":1,\"pageSize\":10,\"total\":0,\"pages\":0,\"records\":[]}}', 0, NULL, '2026-07-08 01:41:14', 4, 'admin', '2026-07-08 01:41:14', NULL, '2026-07-08 01:41:14', 0, NULL);
INSERT INTO `sys_oper_log` VALUES (155, '银行风控-人工审核', '分页查询', 'cn.sxu.enterprise.module.risk.controller.RiskReviewOrderController.pageReviewOrders()', 'GET', 'WEB', 'admin', NULL, '/api/risk/review-orders/page', '127.0.0.1', '本地开发环境', '[{\"pageNo\":1,\"pageSize\":10,\"reviewOrderCode\":\"\",\"transactionNo\":\"\",\"accountNo\":\"\",\"customerName\":\"\",\"merchantName\":null,\"transactionType\":null,\"channel\":null,\"riskLevel\":null,\"riskResult\":\"\",\"reviewStatus\":null,\"status\":null,\"beginTime\":null,\"endTime\":null}]', '{\"code\":0,\"msg\":\"success\",\"data\":{\"pageNo\":1,\"pageSize\":10,\"total\":0,\"pages\":0,\"records\":[]}}', 0, NULL, '2026-07-08 01:42:23', 284, 'admin', '2026-07-08 01:42:23', NULL, '2026-07-08 01:42:22', 0, NULL);
INSERT INTO `sys_oper_log` VALUES (156, '银行风控-人工审核', '汇总统计', 'cn.sxu.enterprise.module.risk.controller.RiskReviewOrderController.summary()', 'GET', 'WEB', 'admin', NULL, '/api/risk/review-orders/summary', '127.0.0.1', '本地开发环境', '[]', '{\"code\":0,\"msg\":\"success\",\"data\":{\"totalOrderCount\":0,\"pendingCount\":0,\"approvedCount\":0,\"rejectedCount\":0,\"lowRiskCount\":0,\"mediumRiskCount\":0,\"highRiskCount\":0,\"reviewResultReviewCount\":0,\"reviewResultRejectCount\":0,\"todayOrderCount\":0,\"averageScore\":0}}', 0, NULL, '2026-07-08 01:42:23', 293, 'admin', '2026-07-08 01:42:23', NULL, '2026-07-08 01:42:22', 0, NULL);
INSERT INTO `sys_oper_log` VALUES (157, '银行风控-人工审核', '生成审核单', 'cn.sxu.enterprise.module.risk.controller.RiskReviewOrderController.createFromTransaction()', 'POST', 'WEB', 'admin', NULL, '/api/risk/review-orders/create-from-transaction', '0:0:0:0:0:0:0:1', '本地开发环境', '[{\"transactionId\":null,\"limit\":50}]', '{\"code\":0,\"msg\":\"success\",\"data\":[]}', 0, NULL, '2026-07-08 01:42:52', 87, 'admin', '2026-07-08 01:42:52', NULL, '2026-07-08 01:42:52', 0, NULL);
INSERT INTO `sys_oper_log` VALUES (158, '银行风控-人工审核', '汇总统计', 'cn.sxu.enterprise.module.risk.controller.RiskReviewOrderController.summary()', 'GET', 'WEB', 'admin', NULL, '/api/risk/review-orders/summary', '127.0.0.1', '本地开发环境', '[]', '{\"code\":0,\"msg\":\"success\",\"data\":{\"totalOrderCount\":0,\"pendingCount\":0,\"approvedCount\":0,\"rejectedCount\":0,\"lowRiskCount\":0,\"mediumRiskCount\":0,\"highRiskCount\":0,\"reviewResultReviewCount\":0,\"reviewResultRejectCount\":0,\"todayOrderCount\":0,\"averageScore\":0}}', 0, NULL, '2026-07-08 01:42:56', 3, 'admin', '2026-07-08 01:42:56', NULL, '2026-07-08 01:42:56', 0, NULL);
INSERT INTO `sys_oper_log` VALUES (159, '银行风控-人工审核', '分页查询', 'cn.sxu.enterprise.module.risk.controller.RiskReviewOrderController.pageReviewOrders()', 'GET', 'WEB', 'admin', NULL, '/api/risk/review-orders/page', '127.0.0.1', '本地开发环境', '[{\"pageNo\":1,\"pageSize\":10,\"reviewOrderCode\":\"\",\"transactionNo\":\"\",\"accountNo\":\"\",\"customerName\":\"\",\"merchantName\":null,\"transactionType\":null,\"channel\":null,\"riskLevel\":null,\"riskResult\":\"\",\"reviewStatus\":null,\"status\":null,\"beginTime\":null,\"endTime\":null}]', '{\"code\":0,\"msg\":\"success\",\"data\":{\"pageNo\":1,\"pageSize\":10,\"total\":0,\"pages\":0,\"records\":[]}}', 0, NULL, '2026-07-08 01:42:56', 7, 'admin', '2026-07-08 01:42:56', NULL, '2026-07-08 01:42:56', 0, NULL);
INSERT INTO `sys_oper_log` VALUES (160, '银行风控-人工审核', '分页查询', 'cn.sxu.enterprise.module.risk.controller.RiskReviewOrderController.pageReviewOrders()', 'GET', 'WEB', 'admin', NULL, '/api/risk/review-orders/page', '127.0.0.1', '本地开发环境', '[{\"pageNo\":1,\"pageSize\":10,\"reviewOrderCode\":\"\",\"transactionNo\":\"\",\"accountNo\":\"\",\"customerName\":\"\",\"merchantName\":null,\"transactionType\":null,\"channel\":null,\"riskLevel\":null,\"riskResult\":\"\",\"reviewStatus\":null,\"status\":null,\"beginTime\":null,\"endTime\":null}]', '{\"code\":0,\"msg\":\"success\",\"data\":{\"pageNo\":1,\"pageSize\":10,\"total\":0,\"pages\":0,\"records\":[]}}', 0, NULL, '2026-07-08 01:42:58', 4, 'admin', '2026-07-08 01:42:58', NULL, '2026-07-08 01:42:58', 0, NULL);
INSERT INTO `sys_oper_log` VALUES (161, '银行风控-人工审核', '汇总统计', 'cn.sxu.enterprise.module.risk.controller.RiskReviewOrderController.summary()', 'GET', 'WEB', 'admin', NULL, '/api/risk/review-orders/summary', '127.0.0.1', '本地开发环境', '[]', '{\"code\":0,\"msg\":\"success\",\"data\":{\"totalOrderCount\":0,\"pendingCount\":0,\"approvedCount\":0,\"rejectedCount\":0,\"lowRiskCount\":0,\"mediumRiskCount\":0,\"highRiskCount\":0,\"reviewResultReviewCount\":0,\"reviewResultRejectCount\":0,\"todayOrderCount\":0,\"averageScore\":0}}', 0, NULL, '2026-07-08 01:42:58', 1, 'admin', '2026-07-08 01:42:58', NULL, '2026-07-08 01:42:58', 0, NULL);
INSERT INTO `sys_oper_log` VALUES (162, '银行风控-人工审核', '汇总统计', 'cn.sxu.enterprise.module.risk.controller.RiskReviewOrderController.summary()', 'GET', 'WEB', 'admin', NULL, '/api/risk/review-orders/summary', '127.0.0.1', '本地开发环境', '[]', '{\"code\":0,\"msg\":\"success\",\"data\":{\"totalOrderCount\":0,\"pendingCount\":0,\"approvedCount\":0,\"rejectedCount\":0,\"lowRiskCount\":0,\"mediumRiskCount\":0,\"highRiskCount\":0,\"reviewResultReviewCount\":0,\"reviewResultRejectCount\":0,\"todayOrderCount\":0,\"averageScore\":0}}', 0, NULL, '2026-07-08 01:42:59', 2, 'admin', '2026-07-08 01:42:59', NULL, '2026-07-08 01:42:59', 0, NULL);
INSERT INTO `sys_oper_log` VALUES (163, '银行风控-人工审核', '分页查询', 'cn.sxu.enterprise.module.risk.controller.RiskReviewOrderController.pageReviewOrders()', 'GET', 'WEB', 'admin', NULL, '/api/risk/review-orders/page', '127.0.0.1', '本地开发环境', '[{\"pageNo\":1,\"pageSize\":10,\"reviewOrderCode\":\"\",\"transactionNo\":\"\",\"accountNo\":\"\",\"customerName\":\"\",\"merchantName\":null,\"transactionType\":null,\"channel\":null,\"riskLevel\":null,\"riskResult\":\"\",\"reviewStatus\":null,\"status\":null,\"beginTime\":null,\"endTime\":null}]', '{\"code\":0,\"msg\":\"success\",\"data\":{\"pageNo\":1,\"pageSize\":10,\"total\":0,\"pages\":0,\"records\":[]}}', 0, NULL, '2026-07-08 01:43:00', 4, 'admin', '2026-07-08 01:43:00', NULL, '2026-07-08 01:42:59', 0, NULL);
INSERT INTO `sys_oper_log` VALUES (164, '银行风控-人工审核', '生成审核单', 'cn.sxu.enterprise.module.risk.controller.RiskReviewOrderController.createFromTransaction()', 'POST', 'WEB', 'admin', NULL, '/api/risk/review-orders/create-from-transaction', '0:0:0:0:0:0:0:1', '本地开发环境', '[{\"transactionId\":null,\"limit\":50}]', '{\"code\":0,\"msg\":\"success\",\"data\":[]}', 0, NULL, '2026-07-08 01:43:20', 52, 'admin', '2026-07-08 01:43:20', NULL, '2026-07-08 01:43:20', 0, NULL);
INSERT INTO `sys_oper_log` VALUES (165, '银行风控-人工审核', '生成审核单', 'cn.sxu.enterprise.module.risk.controller.RiskReviewOrderController.createFromTransaction()', 'POST', 'WEB', 'admin', NULL, '/api/risk/review-orders/create-from-transaction', '0:0:0:0:0:0:0:1', '本地开发环境', '[{\"transactionId\":null,\"limit\":50}]', '{\"code\":0,\"msg\":\"success\",\"data\":[]}', 0, NULL, '2026-07-08 01:43:21', 47, 'admin', '2026-07-08 01:43:21', NULL, '2026-07-08 01:43:20', 0, NULL);
INSERT INTO `sys_oper_log` VALUES (166, '银行风控-人工审核', '分页查询', 'cn.sxu.enterprise.module.risk.controller.RiskReviewOrderController.pageReviewOrders()', 'GET', 'WEB', 'admin', NULL, '/api/risk/review-orders/page', '0:0:0:0:0:0:0:1', '本地开发环境', '[{\"pageNo\":1,\"pageSize\":10,\"reviewOrderCode\":null,\"transactionNo\":null,\"accountNo\":null,\"customerName\":null,\"merchantName\":null,\"transactionType\":null,\"channel\":null,\"riskLevel\":null,\"riskResult\":null,\"reviewStatus\":null,\"status\":null,\"beginTime\":null,\"endTime\":null}]', '{\"code\":0,\"msg\":\"success\",\"data\":{\"pageNo\":1,\"pageSize\":10,\"total\":0,\"pages\":0,\"records\":[]}}', 0, NULL, '2026-07-08 01:43:35', 4, 'admin', '2026-07-08 01:43:35', NULL, '2026-07-08 01:43:34', 0, NULL);
INSERT INTO `sys_oper_log` VALUES (167, '银行风控-人工审核', '生成审核单', 'cn.sxu.enterprise.module.risk.controller.RiskReviewOrderController.createFromTransaction()', 'POST', 'WEB', 'admin', NULL, '/api/risk/review-orders/create-from-transaction', '127.0.0.1', '本地开发环境', '[{\"transactionId\":null,\"limit\":50}]', '{\"code\":0,\"msg\":\"success\",\"data\":[]}', 0, NULL, '2026-07-08 01:45:06', 32, 'admin', '2026-07-08 01:45:06', NULL, '2026-07-08 01:45:05', 0, NULL);
INSERT INTO `sys_oper_log` VALUES (168, '银行风控-人工审核', '汇总统计', 'cn.sxu.enterprise.module.risk.controller.RiskReviewOrderController.summary()', 'GET', 'WEB', 'admin', NULL, '/api/risk/review-orders/summary', '127.0.0.1', '本地开发环境', '[]', '{\"code\":0,\"msg\":\"success\",\"data\":{\"totalOrderCount\":0,\"pendingCount\":0,\"approvedCount\":0,\"rejectedCount\":0,\"lowRiskCount\":0,\"mediumRiskCount\":0,\"highRiskCount\":0,\"reviewResultReviewCount\":0,\"reviewResultRejectCount\":0,\"todayOrderCount\":0,\"averageScore\":0}}', 0, NULL, '2026-07-08 01:45:06', 2, 'admin', '2026-07-08 01:45:06', NULL, '2026-07-08 01:45:06', 0, NULL);
INSERT INTO `sys_oper_log` VALUES (169, '银行风控-人工审核', '分页查询', 'cn.sxu.enterprise.module.risk.controller.RiskReviewOrderController.pageReviewOrders()', 'GET', 'WEB', 'admin', NULL, '/api/risk/review-orders/page', '127.0.0.1', '本地开发环境', '[{\"pageNo\":1,\"pageSize\":10,\"reviewOrderCode\":\"\",\"transactionNo\":\"\",\"accountNo\":\"\",\"customerName\":\"\",\"merchantName\":null,\"transactionType\":null,\"channel\":null,\"riskLevel\":null,\"riskResult\":\"\",\"reviewStatus\":null,\"status\":null,\"beginTime\":null,\"endTime\":null}]', '{\"code\":0,\"msg\":\"success\",\"data\":{\"pageNo\":1,\"pageSize\":10,\"total\":0,\"pages\":0,\"records\":[]}}', 0, NULL, '2026-07-08 01:45:06', 4, 'admin', '2026-07-08 01:45:06', NULL, '2026-07-08 01:45:06', 0, NULL);
INSERT INTO `sys_oper_log` VALUES (170, '银行风控-人工审核', '生成审核单', 'cn.sxu.enterprise.module.risk.controller.RiskReviewOrderController.createFromTransaction()', 'POST', 'WEB', 'admin', NULL, '/api/risk/review-orders/create-from-transaction', '0:0:0:0:0:0:0:1', '本地开发环境', '[{\"transactionId\":null,\"limit\":200}]', '{\"code\":0,\"msg\":\"success\",\"data\":[]}', 0, NULL, '2026-07-08 01:45:37', 45, 'admin', '2026-07-08 01:45:37', NULL, '2026-07-08 01:45:36', 0, NULL);
INSERT INTO `sys_oper_log` VALUES (171, '银行风控-人工审核', '生成审核单', 'cn.sxu.enterprise.module.risk.controller.RiskReviewOrderController.createFromTransaction()', 'POST', 'WEB', 'admin', NULL, '/api/risk/review-orders/create-from-transaction', '0:0:0:0:0:0:0:1', '本地开发环境', '[{\"transactionId\":12,\"limit\":50}]', '{\"code\":0,\"msg\":\"success\",\"data\":[]}', 0, NULL, '2026-07-08 01:46:08', 3, 'admin', '2026-07-08 01:46:08', NULL, '2026-07-08 01:46:07', 0, NULL);
INSERT INTO `sys_oper_log` VALUES (172, '银行风控-人工审核', '生成审核单', 'cn.sxu.enterprise.module.risk.controller.RiskReviewOrderController.createFromTransaction()', 'POST', 'WEB', 'admin', NULL, '/api/risk/review-orders/create-from-transaction', '0:0:0:0:0:0:0:1', '本地开发环境', '[{\"transactionId\":10,\"limit\":50}]', '{\"code\":0,\"msg\":\"success\",\"data\":[]}', 0, NULL, '2026-07-08 01:46:49', 10, 'admin', '2026-07-08 01:46:49', NULL, '2026-07-08 01:46:49', 0, NULL);
INSERT INTO `sys_oper_log` VALUES (173, '银行风控-规则命中', '生成规则命中', 'cn.sxu.enterprise.module.risk.controller.RiskRuleHitController.generate()', 'POST', 'WEB', 'admin', NULL, '/api/risk/rule-hits/generate', '0:0:0:0:0:0:0:1', '本地开发环境', '[{\"transactionId\":10,\"limit\":null}]', '{\"code\":0,\"msg\":\"success\",\"data\":[]}', 0, NULL, '2026-07-08 01:47:07', 19, 'admin', '2026-07-08 01:47:07', NULL, '2026-07-08 01:47:07', 0, NULL);
INSERT INTO `sys_oper_log` VALUES (174, '银行风控-人工审核', '生成审核单', 'cn.sxu.enterprise.module.risk.controller.RiskReviewOrderController.createFromTransaction()', 'POST', 'WEB', 'admin', NULL, '/api/risk/review-orders/create-from-transaction', '0:0:0:0:0:0:0:1', '本地开发环境', '[{\"transactionId\":10,\"limit\":50}]', '{\"code\":0,\"msg\":\"success\",\"data\":[]}', 0, NULL, '2026-07-08 01:47:20', 9, 'admin', '2026-07-08 01:47:20', NULL, '2026-07-08 01:47:19', 0, NULL);
INSERT INTO `sys_oper_log` VALUES (175, '银行风控-人工审核', '分页查询', 'cn.sxu.enterprise.module.risk.controller.RiskReviewOrderController.pageReviewOrders()', 'GET', 'WEB', 'admin', NULL, '/api/risk/review-orders/page', '0:0:0:0:0:0:0:1', '本地开发环境', '[{\"pageNo\":1,\"pageSize\":10,\"reviewOrderCode\":null,\"transactionNo\":null,\"accountNo\":null,\"customerName\":null,\"merchantName\":null,\"transactionType\":null,\"channel\":null,\"riskLevel\":null,\"riskResult\":null,\"reviewStatus\":null,\"status\":null,\"beginTime\":null,\"endTime\":null}]', '{\"code\":0,\"msg\":\"success\",\"data\":{\"pageNo\":1,\"pageSize\":10,\"total\":0,\"pages\":0,\"records\":[]}}', 0, NULL, '2026-07-08 01:47:23', 4, 'admin', '2026-07-08 01:47:23', NULL, '2026-07-08 01:47:23', 0, NULL);
INSERT INTO `sys_oper_log` VALUES (176, '银行风控-人工审核', '汇总统计', 'cn.sxu.enterprise.module.risk.controller.RiskReviewOrderController.summary()', 'GET', 'WEB', 'admin', NULL, '/api/risk/review-orders/summary', '127.0.0.1', '本地开发环境', '[]', '{\"code\":0,\"msg\":\"success\",\"data\":{\"totalOrderCount\":0,\"pendingCount\":0,\"approvedCount\":0,\"rejectedCount\":0,\"lowRiskCount\":0,\"mediumRiskCount\":0,\"highRiskCount\":0,\"reviewResultReviewCount\":0,\"reviewResultRejectCount\":0,\"todayOrderCount\":0,\"averageScore\":0}}', 0, NULL, '2026-07-08 01:47:29', 3, 'admin', '2026-07-08 01:47:29', NULL, '2026-07-08 01:47:28', 0, NULL);
INSERT INTO `sys_oper_log` VALUES (177, '银行风控-人工审核', '分页查询', 'cn.sxu.enterprise.module.risk.controller.RiskReviewOrderController.pageReviewOrders()', 'GET', 'WEB', 'admin', NULL, '/api/risk/review-orders/page', '127.0.0.1', '本地开发环境', '[{\"pageNo\":1,\"pageSize\":10,\"reviewOrderCode\":\"\",\"transactionNo\":\"\",\"accountNo\":\"\",\"customerName\":\"\",\"merchantName\":null,\"transactionType\":null,\"channel\":null,\"riskLevel\":null,\"riskResult\":\"\",\"reviewStatus\":null,\"status\":null,\"beginTime\":null,\"endTime\":null}]', '{\"code\":0,\"msg\":\"success\",\"data\":{\"pageNo\":1,\"pageSize\":10,\"total\":0,\"pages\":0,\"records\":[]}}', 0, NULL, '2026-07-08 01:47:29', 3, 'admin', '2026-07-08 01:47:29', NULL, '2026-07-08 01:47:28', 0, NULL);
INSERT INTO `sys_oper_log` VALUES (178, '银行风控-规则命中', '生成规则命中', 'cn.sxu.enterprise.module.risk.controller.RiskRuleHitController.generate()', 'POST', 'WEB', 'admin', NULL, '/api/risk/rule-hits/generate', '0:0:0:0:0:0:0:1', '本地开发环境', '[{\"transactionId\":10,\"limit\":null}]', '{\"code\":0,\"msg\":\"success\",\"data\":[]}', 0, NULL, '2026-07-08 01:48:12', 10, 'admin', '2026-07-08 01:48:12', NULL, '2026-07-08 01:48:12', 0, NULL);
INSERT INTO `sys_oper_log` VALUES (179, '银行风控-规则命中', '生成规则命中', 'cn.sxu.enterprise.module.risk.controller.RiskRuleHitController.generate()', 'POST', 'WEB', 'admin', NULL, '/api/risk/rule-hits/generate', '0:0:0:0:0:0:0:1', '本地开发环境', '[{\"transactionId\":10,\"limit\":null}]', '{\"code\":0,\"msg\":\"success\",\"data\":[]}', 0, NULL, '2026-07-08 01:50:37', 13, 'admin', '2026-07-08 01:50:37', NULL, '2026-07-08 01:50:36', 0, NULL);
INSERT INTO `sys_oper_log` VALUES (180, '银行风控-人工审核', '生成审核单', 'cn.sxu.enterprise.module.risk.controller.RiskReviewOrderController.createFromTransaction()', 'POST', 'WEB', 'admin', NULL, '/api/risk/review-orders/create-from-transaction', '0:0:0:0:0:0:0:1', '本地开发环境', '[{\"transactionId\":10,\"limit\":50}]', '{\"code\":0,\"msg\":\"success\",\"data\":[]}', 0, NULL, '2026-07-08 01:51:01', 9, 'admin', '2026-07-08 01:51:01', NULL, '2026-07-08 01:51:00', 0, NULL);
INSERT INTO `sys_oper_log` VALUES (181, '银行风控-人工审核', '汇总统计', 'cn.sxu.enterprise.module.risk.controller.RiskReviewOrderController.summary()', 'GET', 'WEB', 'admin', NULL, '/api/risk/review-orders/summary', '127.0.0.1', '本地开发环境', '[]', '{\"code\":0,\"msg\":\"success\",\"data\":{\"totalOrderCount\":0,\"pendingCount\":0,\"approvedCount\":0,\"rejectedCount\":0,\"lowRiskCount\":0,\"mediumRiskCount\":0,\"highRiskCount\":0,\"reviewResultReviewCount\":0,\"reviewResultRejectCount\":0,\"todayOrderCount\":0,\"averageScore\":0}}', 0, NULL, '2026-07-08 01:51:33', 2, 'admin', '2026-07-08 01:51:33', NULL, '2026-07-08 01:51:33', 0, NULL);
INSERT INTO `sys_oper_log` VALUES (182, '银行风控-人工审核', '分页查询', 'cn.sxu.enterprise.module.risk.controller.RiskReviewOrderController.pageReviewOrders()', 'GET', 'WEB', 'admin', NULL, '/api/risk/review-orders/page', '127.0.0.1', '本地开发环境', '[{\"pageNo\":1,\"pageSize\":10,\"reviewOrderCode\":\"\",\"transactionNo\":\"\",\"accountNo\":\"\",\"customerName\":\"\",\"merchantName\":null,\"transactionType\":null,\"channel\":null,\"riskLevel\":null,\"riskResult\":\"\",\"reviewStatus\":null,\"status\":null,\"beginTime\":null,\"endTime\":null}]', '{\"code\":0,\"msg\":\"success\",\"data\":{\"pageNo\":1,\"pageSize\":10,\"total\":0,\"pages\":0,\"records\":[]}}', 0, NULL, '2026-07-08 01:51:33', 3, 'admin', '2026-07-08 01:51:33', NULL, '2026-07-08 01:51:33', 0, NULL);
INSERT INTO `sys_oper_log` VALUES (183, '银行风控-人工审核', '汇总统计', 'cn.sxu.enterprise.module.risk.controller.RiskReviewOrderController.summary()', 'GET', 'WEB', 'admin', NULL, '/api/risk/review-orders/summary', '127.0.0.1', '本地开发环境', '[]', '{\"code\":0,\"msg\":\"success\",\"data\":{\"totalOrderCount\":0,\"pendingCount\":0,\"approvedCount\":0,\"rejectedCount\":0,\"lowRiskCount\":0,\"mediumRiskCount\":0,\"highRiskCount\":0,\"reviewResultReviewCount\":0,\"reviewResultRejectCount\":0,\"todayOrderCount\":0,\"averageScore\":0}}', 0, NULL, '2026-07-08 01:51:34', 4, 'admin', '2026-07-08 01:51:34', NULL, '2026-07-08 01:51:34', 0, NULL);
INSERT INTO `sys_oper_log` VALUES (184, '银行风控-人工审核', '分页查询', 'cn.sxu.enterprise.module.risk.controller.RiskReviewOrderController.pageReviewOrders()', 'GET', 'WEB', 'admin', NULL, '/api/risk/review-orders/page', '127.0.0.1', '本地开发环境', '[{\"pageNo\":1,\"pageSize\":10,\"reviewOrderCode\":\"\",\"transactionNo\":\"\",\"accountNo\":\"\",\"customerName\":\"\",\"merchantName\":null,\"transactionType\":null,\"channel\":null,\"riskLevel\":null,\"riskResult\":\"\",\"reviewStatus\":null,\"status\":null,\"beginTime\":null,\"endTime\":null}]', '{\"code\":0,\"msg\":\"success\",\"data\":{\"pageNo\":1,\"pageSize\":10,\"total\":0,\"pages\":0,\"records\":[]}}', 0, NULL, '2026-07-08 01:51:35', 4, 'admin', '2026-07-08 01:51:35', NULL, '2026-07-08 01:51:34', 0, NULL);
INSERT INTO `sys_oper_log` VALUES (185, '银行风控-规则命中', '生成规则命中', 'cn.sxu.enterprise.module.risk.controller.RiskRuleHitController.generate()', 'POST', 'WEB', 'admin', NULL, '/api/risk/rule-hits/generate', '0:0:0:0:0:0:0:1', '本地开发环境', '[{\"transactionId\":10,\"limit\":null}]', '{\"code\":0,\"msg\":\"success\",\"data\":[{\"id\":17,\"hitCode\":\"HIT202607080153033958\",\"transactionId\":10,\"transactionNo\":\"RT202607072352549500095886\",\"accountNo\":\"ACC_BLACK_001\",\"customerId\":\"340415\",\"customerName\":\"刘洋\",\"ruleId\":3,\"ruleCode\":\"RISK_LOCATION_OVERSEA\",\"ruleName\":\"异地交易规则\",\"ruleType\":\"LOCATION\",\"hitValue\":\"境外\",\"thresholdValue\":null,\"riskLevel\":3,\"riskScore\":35,\"hitTime\":\"2026-07-08T01:53:03.8620744\",\"status\":0,\"createTime\":\"2026-07-08T01:53:03.8620744\",\"remark\":\"R3-03 rule engine generated\"},{\"id\":18,\"hitCode\":\"HIT202607080153035219\",\"transactionId\":10,\"transactionNo\":\"RT202607072352549500095886\",\"accountNo\":\"ACC_BLACK_001\",\"customerId\":\"340415\",\"customerName\":\"刘洋\",\"ruleId\":4,\"ruleCode\":\"RISK_DEVICE_ABNORMAL\",\"ruleName\":\"异常设备规则\",\"ruleType\":\"DEVICE\",\"hitValue\":\"UNKNOWN-DEVICE\",\"thresholdValue\":null,\"riskLevel\":2,\"riskScore\":25,\"hitTime\":\"2026-07-08T01:53:03.8671943\",\"status\":0,\"createTime\":\"2026-07-08T01:53:03.8671943\",\"remark\":\"R3-03 rule engine generated\"},{\"id\":19,\"hitCode\":\"HIT202607080153037341\",\"transactionId\":10,\"transactionNo\":\"RT202607072352549500095886\",\"accountNo\":\"ACC_BLACK_001\",\"customerId\":\"340415\",\"customerName\":\"刘洋\",\"ruleId\":6,\"ruleCode\":\"RISK_BLACKLIST_CUSTOMER\",\"ruleName\":\"黑名单客户规则\",\"ruleType\":\"BLACKLIST\",\"hitValue\":\"ACC_BLACK_001\",\"thresholdValue\":null,\"riskLevel\":3,\"riskScore\":60,\"hitTime\":\"2026-07-08T01:53:03.8712403\",\"status\":0,\"createTime\":\"2026-07-08T01:53:03.8712403\",\"remark\":\"R3-03 rule engine generated\"}]}', 0, NULL, '2026-07-08 01:53:04', 32, 'admin', '2026-07-08 01:53:04', NULL, '2026-07-08 01:53:03', 0, NULL);
INSERT INTO `sys_oper_log` VALUES (186, '银行风控-人工审核', '生成审核单', 'cn.sxu.enterprise.module.risk.controller.RiskReviewOrderController.createFromTransaction()', 'POST', 'WEB', 'admin', NULL, '/api/risk/review-orders/create-from-transaction', '0:0:0:0:0:0:0:1', '本地开发环境', '[{\"transactionId\":10,\"limit\":50}]', '{\"code\":0,\"msg\":\"success\",\"data\":[{\"id\":1,\"reviewOrderCode\":\"REV202607080153316005\",\"transactionId\":10,\"transactionNo\":\"RT202607072352549500095886\",\"accountNo\":\"ACC_BLACK_001\",\"customerId\":\"340415\",\"customerName\":\"刘洋\",\"merchantId\":\"M33599\",\"merchantName\":\"运城便民服务\",\"transactionType\":\"PAYMENT\",\"channel\":\"APP\",\"amount\":46376.28,\"currency\":\"CNY\",\"totalScore\":165,\"riskLevel\":3,\"riskResult\":\"REJECT\",\"reviewStatus\":0,\"reviewerUserId\":null,\"reviewerUsername\":null,\"reviewTime\":null,\"reviewResult\":null,\"status\":0,\"createTime\":\"2026-07-08T01:53:31.3805474\",\"remark\":\"R3-04 risk score generated from risk_rule_hit\"}]}', 0, NULL, '2026-07-08 01:53:31', 27, 'admin', '2026-07-08 01:53:31', NULL, '2026-07-08 01:53:31', 0, NULL);
INSERT INTO `sys_oper_log` VALUES (187, '银行风控-人工审核', '汇总统计', 'cn.sxu.enterprise.module.risk.controller.RiskReviewOrderController.summary()', 'GET', 'WEB', 'admin', NULL, '/api/risk/review-orders/summary', '127.0.0.1', '本地开发环境', '[]', '{\"code\":0,\"msg\":\"success\",\"data\":{\"totalOrderCount\":1,\"pendingCount\":1,\"approvedCount\":0,\"rejectedCount\":0,\"lowRiskCount\":0,\"mediumRiskCount\":0,\"highRiskCount\":1,\"reviewResultReviewCount\":0,\"reviewResultRejectCount\":1,\"todayOrderCount\":1,\"averageScore\":165.00}}', 0, NULL, '2026-07-08 01:53:37', 2, 'admin', '2026-07-08 01:53:37', NULL, '2026-07-08 01:53:37', 0, NULL);
INSERT INTO `sys_oper_log` VALUES (188, '银行风控-人工审核', '分页查询', 'cn.sxu.enterprise.module.risk.controller.RiskReviewOrderController.pageReviewOrders()', 'GET', 'WEB', 'admin', NULL, '/api/risk/review-orders/page', '127.0.0.1', '本地开发环境', '[{\"pageNo\":1,\"pageSize\":10,\"reviewOrderCode\":\"\",\"transactionNo\":\"\",\"accountNo\":\"\",\"customerName\":\"\",\"merchantName\":null,\"transactionType\":null,\"channel\":null,\"riskLevel\":null,\"riskResult\":\"\",\"reviewStatus\":null,\"status\":null,\"beginTime\":null,\"endTime\":null}]', '{\"code\":0,\"msg\":\"success\",\"data\":{\"pageNo\":1,\"pageSize\":10,\"total\":1,\"pages\":1,\"records\":[{\"id\":1,\"reviewOrderCode\":\"REV202607080153316005\",\"transactionId\":10,\"transactionNo\":\"RT202607072352549500095886\",\"accountNo\":\"ACC_BLACK_001\",\"customerId\":\"340415\",\"customerName\":\"刘洋\",\"merchantId\":\"M33599\",\"merchantName\":\"运城便民服务\",\"transactionType\":\"PAYMENT\",\"channel\":\"APP\",\"amount\":46376.28,\"currency\":\"CNY\",\"totalScore\":165,\"riskLevel\":3,\"riskResult\":\"REJECT\",\"reviewStatus\":0,\"reviewerUserId\":null,\"reviewerUsername\":null,\"reviewTime\":null,\"reviewResult\":null,\"status\":0,\"createTime\":\"2026-07-08T01:53:31\",\"remark\":\"R3-04 risk score generated from risk_rule_hit\"}]}}', 0, NULL, '2026-07-08 01:53:37', 7, 'admin', '2026-07-08 01:53:37', NULL, '2026-07-08 01:53:37', 0, NULL);

-- ----------------------------
-- Table structure for sys_post
-- ----------------------------
DROP TABLE IF EXISTS `sys_post`;
CREATE TABLE `sys_post`  (
  `id` bigint NOT NULL AUTO_INCREMENT COMMENT '岗位ID',
  `post_code` varchar(64) CHARACTER SET utf8mb4 COLLATE utf8mb4_unicode_ci NOT NULL COMMENT '岗位编码',
  `post_name` varchar(50) CHARACTER SET utf8mb4 COLLATE utf8mb4_unicode_ci NOT NULL COMMENT '岗位名称',
  `post_sort` int NOT NULL DEFAULT 0 COMMENT '显示顺序',
  `status` tinyint NOT NULL DEFAULT 0 COMMENT '状态：0正常 1停用',
  `create_by` varchar(64) CHARACTER SET utf8mb4 COLLATE utf8mb4_unicode_ci NULL DEFAULT NULL COMMENT '创建者',
  `create_time` datetime NOT NULL DEFAULT CURRENT_TIMESTAMP COMMENT '创建时间',
  `update_by` varchar(64) CHARACTER SET utf8mb4 COLLATE utf8mb4_unicode_ci NULL DEFAULT NULL COMMENT '更新者',
  `update_time` datetime NOT NULL DEFAULT CURRENT_TIMESTAMP ON UPDATE CURRENT_TIMESTAMP COMMENT '更新时间',
  `deleted` tinyint NOT NULL DEFAULT 0 COMMENT '逻辑删除：0未删除 1已删除',
  `remark` varchar(500) CHARACTER SET utf8mb4 COLLATE utf8mb4_unicode_ci NULL DEFAULT NULL COMMENT '备注',
  PRIMARY KEY (`id`) USING BTREE,
  UNIQUE INDEX `uk_post_code`(`post_code` ASC) USING BTREE
) ENGINE = InnoDB AUTO_INCREMENT = 2 CHARACTER SET = utf8mb4 COLLATE = utf8mb4_unicode_ci COMMENT = '岗位表' ROW_FORMAT = Dynamic;

-- ----------------------------
-- Records of sys_post
-- ----------------------------
INSERT INTO `sys_post` VALUES (1, 'admin', '系统管理员', 1, 0, 'system', '2026-06-26 17:06:20', NULL, '2026-06-26 17:06:20', 0, '系统初始化岗位');

-- ----------------------------
-- Table structure for sys_role
-- ----------------------------
DROP TABLE IF EXISTS `sys_role`;
CREATE TABLE `sys_role`  (
  `id` bigint NOT NULL AUTO_INCREMENT COMMENT '角色ID',
  `role_name` varchar(50) CHARACTER SET utf8mb4 COLLATE utf8mb4_unicode_ci NOT NULL COMMENT '角色名称',
  `role_key` varchar(64) CHARACTER SET utf8mb4 COLLATE utf8mb4_unicode_ci NOT NULL COMMENT '角色权限字符串，例如 admin',
  `role_sort` int NOT NULL DEFAULT 0 COMMENT '显示顺序',
  `data_scope` tinyint NOT NULL DEFAULT 1 COMMENT '数据范围：1全部 2本部门 3本人',
  `status` tinyint NOT NULL DEFAULT 0 COMMENT '状态：0正常 1停用',
  `create_by` varchar(64) CHARACTER SET utf8mb4 COLLATE utf8mb4_unicode_ci NULL DEFAULT NULL COMMENT '创建者',
  `create_time` datetime NOT NULL DEFAULT CURRENT_TIMESTAMP COMMENT '创建时间',
  `update_by` varchar(64) CHARACTER SET utf8mb4 COLLATE utf8mb4_unicode_ci NULL DEFAULT NULL COMMENT '更新者',
  `update_time` datetime NOT NULL DEFAULT CURRENT_TIMESTAMP ON UPDATE CURRENT_TIMESTAMP COMMENT '更新时间',
  `deleted` tinyint NOT NULL DEFAULT 0 COMMENT '逻辑删除：0未删除 1已删除',
  `remark` varchar(500) CHARACTER SET utf8mb4 COLLATE utf8mb4_unicode_ci NULL DEFAULT NULL COMMENT '备注',
  PRIMARY KEY (`id`) USING BTREE,
  UNIQUE INDEX `uk_role_key`(`role_key` ASC) USING BTREE,
  INDEX `idx_status`(`status` ASC) USING BTREE
) ENGINE = InnoDB AUTO_INCREMENT = 2 CHARACTER SET = utf8mb4 COLLATE = utf8mb4_unicode_ci COMMENT = '角色表' ROW_FORMAT = Dynamic;

-- ----------------------------
-- Records of sys_role
-- ----------------------------
INSERT INTO `sys_role` VALUES (1, '超级管理员', 'admin', 1, 1, 0, 'system', '2026-06-26 17:06:20', 'system', '2026-06-26 20:17:31', 0, '系统内置超级管理员角色');

-- ----------------------------
-- Table structure for sys_role_menu
-- ----------------------------
DROP TABLE IF EXISTS `sys_role_menu`;
CREATE TABLE `sys_role_menu`  (
  `id` bigint NOT NULL AUTO_INCREMENT COMMENT '主键ID',
  `role_id` bigint NOT NULL COMMENT '角色ID',
  `menu_id` bigint NOT NULL COMMENT '菜单ID',
  `create_by` varchar(64) CHARACTER SET utf8mb4 COLLATE utf8mb4_unicode_ci NULL DEFAULT NULL COMMENT '创建者',
  `create_time` datetime NOT NULL DEFAULT CURRENT_TIMESTAMP COMMENT '创建时间',
  `update_by` varchar(64) CHARACTER SET utf8mb4 COLLATE utf8mb4_unicode_ci NULL DEFAULT NULL COMMENT '更新者',
  `update_time` datetime NOT NULL DEFAULT CURRENT_TIMESTAMP ON UPDATE CURRENT_TIMESTAMP COMMENT '更新时间',
  `deleted` tinyint NOT NULL DEFAULT 0 COMMENT '逻辑删除：0未删除 1已删除',
  `remark` varchar(500) CHARACTER SET utf8mb4 COLLATE utf8mb4_unicode_ci NULL DEFAULT NULL COMMENT '备注',
  PRIMARY KEY (`id`) USING BTREE,
  UNIQUE INDEX `uk_role_menu`(`role_id` ASC, `menu_id` ASC) USING BTREE,
  INDEX `idx_menu_id`(`menu_id` ASC) USING BTREE
) ENGINE = InnoDB AUTO_INCREMENT = 9 CHARACTER SET = utf8mb4 COLLATE = utf8mb4_unicode_ci COMMENT = '角色菜单关联表' ROW_FORMAT = Dynamic;

-- ----------------------------
-- Records of sys_role_menu
-- ----------------------------
INSERT INTO `sys_role_menu` VALUES (1, 1, 1, 'system', '2026-06-26 17:06:20', NULL, '2026-06-26 17:06:20', 0, '超级管理员拥有全部初始化菜单');
INSERT INTO `sys_role_menu` VALUES (2, 1, 2, 'system', '2026-06-26 17:06:20', NULL, '2026-06-26 17:06:20', 0, '超级管理员拥有全部初始化菜单');
INSERT INTO `sys_role_menu` VALUES (3, 1, 3, 'system', '2026-06-26 17:06:20', NULL, '2026-06-26 17:06:20', 0, '超级管理员拥有全部初始化菜单');
INSERT INTO `sys_role_menu` VALUES (4, 1, 4, 'system', '2026-06-26 17:06:20', NULL, '2026-06-26 17:06:20', 0, '超级管理员拥有全部初始化菜单');
INSERT INTO `sys_role_menu` VALUES (5, 1, 5, 'system', '2026-06-26 17:06:20', NULL, '2026-06-26 17:06:20', 0, '超级管理员拥有全部初始化菜单');
INSERT INTO `sys_role_menu` VALUES (6, 1, 6, 'system', '2026-06-26 17:06:20', NULL, '2026-06-26 17:06:20', 0, '超级管理员拥有全部初始化菜单');
INSERT INTO `sys_role_menu` VALUES (7, 1, 7, 'system', '2026-06-26 17:06:20', NULL, '2026-06-26 17:06:20', 0, '超级管理员拥有全部初始化菜单');
INSERT INTO `sys_role_menu` VALUES (8, 1, 8, 'system', '2026-06-26 17:06:20', NULL, '2026-06-26 17:06:20', 0, '超级管理员拥有全部初始化菜单');

-- ----------------------------
-- Table structure for sys_user
-- ----------------------------
DROP TABLE IF EXISTS `sys_user`;
CREATE TABLE `sys_user`  (
  `id` bigint NOT NULL AUTO_INCREMENT COMMENT '用户ID',
  `dept_id` bigint NULL DEFAULT NULL COMMENT '部门ID',
  `username` varchar(50) CHARACTER SET utf8mb4 COLLATE utf8mb4_unicode_ci NOT NULL COMMENT '登录账号',
  `nickname` varchar(50) CHARACTER SET utf8mb4 COLLATE utf8mb4_unicode_ci NOT NULL COMMENT '用户昵称',
  `password_hash` varchar(100) CHARACTER SET utf8mb4 COLLATE utf8mb4_unicode_ci NOT NULL COMMENT '密码哈希，S0-05接入登录时改为BCrypt',
  `user_type` varchar(20) CHARACTER SET utf8mb4 COLLATE utf8mb4_unicode_ci NOT NULL DEFAULT 'SYSTEM' COMMENT '用户类型：SYSTEM系统用户',
  `email` varchar(100) CHARACTER SET utf8mb4 COLLATE utf8mb4_unicode_ci NULL DEFAULT NULL COMMENT '邮箱',
  `phone` varchar(20) CHARACTER SET utf8mb4 COLLATE utf8mb4_unicode_ci NULL DEFAULT NULL COMMENT '手机号',
  `gender` tinyint NOT NULL DEFAULT 0 COMMENT '性别：0未知 1男 2女',
  `avatar` varchar(255) CHARACTER SET utf8mb4 COLLATE utf8mb4_unicode_ci NULL DEFAULT NULL COMMENT '头像地址',
  `status` tinyint NOT NULL DEFAULT 0 COMMENT '状态：0正常 1停用',
  `last_login_ip` varchar(64) CHARACTER SET utf8mb4 COLLATE utf8mb4_unicode_ci NULL DEFAULT NULL COMMENT '最后登录IP',
  `last_login_time` datetime NULL DEFAULT NULL COMMENT '最后登录时间',
  `create_by` varchar(64) CHARACTER SET utf8mb4 COLLATE utf8mb4_unicode_ci NULL DEFAULT NULL COMMENT '创建者',
  `create_time` datetime NOT NULL DEFAULT CURRENT_TIMESTAMP COMMENT '创建时间',
  `update_by` varchar(64) CHARACTER SET utf8mb4 COLLATE utf8mb4_unicode_ci NULL DEFAULT NULL COMMENT '更新者',
  `update_time` datetime NOT NULL DEFAULT CURRENT_TIMESTAMP ON UPDATE CURRENT_TIMESTAMP COMMENT '更新时间',
  `deleted` tinyint NOT NULL DEFAULT 0 COMMENT '逻辑删除：0未删除 1已删除',
  `remark` varchar(500) CHARACTER SET utf8mb4 COLLATE utf8mb4_unicode_ci NULL DEFAULT NULL COMMENT '备注',
  PRIMARY KEY (`id`) USING BTREE,
  UNIQUE INDEX `uk_username`(`username` ASC) USING BTREE,
  INDEX `idx_dept_id`(`dept_id` ASC) USING BTREE,
  INDEX `idx_phone`(`phone` ASC) USING BTREE,
  INDEX `idx_status`(`status` ASC) USING BTREE
) ENGINE = InnoDB AUTO_INCREMENT = 5 CHARACTER SET = utf8mb4 COLLATE = utf8mb4_unicode_ci COMMENT = '用户表' ROW_FORMAT = Dynamic;

-- ----------------------------
-- Records of sys_user
-- ----------------------------
INSERT INTO `sys_user` VALUES (1, 1, 'admin', '系统管理员', '$2y$10$zx/XeLqcfldQ2CnKQpPNqu5g1fuQfwqZ4veKbdhPQ0OnYF2JSeXPG', 'SYSTEM', 'admin@example.com', NULL, 0, NULL, 0, NULL, NULL, 'system', '2026-06-26 17:06:20', 'system', '2026-06-26 18:38:36', 0, 'S0-05 初始化登录密码，明文密码为 admin123');
INSERT INTO `sys_user` VALUES (2, 1, 'mine_operator', '矿山调度员', '{todo}generate-bcrypt-in-s0-05', 'SYSTEM', 'mine@example.com', '13800000001', 1, NULL, 0, NULL, NULL, 'system', '2026-06-26 18:01:16', NULL, '2026-06-26 18:01:16', 0, 'S0-04测试用户：智能矿山方向');
INSERT INTO `sys_user` VALUES (3, 1, 'aiops_engineer', '运维工程师', '{todo}generate-bcrypt-in-s0-05', 'SYSTEM', 'aiops@example.com', '13800000002', 1, NULL, 0, NULL, NULL, 'system', '2026-06-26 18:01:16', NULL, '2026-06-26 18:01:16', 0, 'S0-04测试用户：AIOps方向');
INSERT INTO `sys_user` VALUES (4, 1, 'risk_auditor', '风控审核员', '{todo}generate-bcrypt-in-s0-05', 'SYSTEM', 'risk@example.com', '13800000003', 2, NULL, 0, NULL, NULL, 'system', '2026-06-26 18:01:16', NULL, '2026-06-26 18:01:16', 0, 'S0-04测试用户：银行风控方向');

-- ----------------------------
-- Table structure for sys_user_post
-- ----------------------------
DROP TABLE IF EXISTS `sys_user_post`;
CREATE TABLE `sys_user_post`  (
  `id` bigint NOT NULL AUTO_INCREMENT COMMENT '主键ID',
  `user_id` bigint NOT NULL COMMENT '用户ID',
  `post_id` bigint NOT NULL COMMENT '岗位ID',
  `create_by` varchar(64) CHARACTER SET utf8mb4 COLLATE utf8mb4_unicode_ci NULL DEFAULT NULL COMMENT '创建者',
  `create_time` datetime NOT NULL DEFAULT CURRENT_TIMESTAMP COMMENT '创建时间',
  `update_by` varchar(64) CHARACTER SET utf8mb4 COLLATE utf8mb4_unicode_ci NULL DEFAULT NULL COMMENT '更新者',
  `update_time` datetime NOT NULL DEFAULT CURRENT_TIMESTAMP ON UPDATE CURRENT_TIMESTAMP COMMENT '更新时间',
  `deleted` tinyint NOT NULL DEFAULT 0 COMMENT '逻辑删除：0未删除 1已删除',
  `remark` varchar(500) CHARACTER SET utf8mb4 COLLATE utf8mb4_unicode_ci NULL DEFAULT NULL COMMENT '备注',
  PRIMARY KEY (`id`) USING BTREE,
  UNIQUE INDEX `uk_user_post`(`user_id` ASC, `post_id` ASC) USING BTREE,
  INDEX `idx_post_id`(`post_id` ASC) USING BTREE
) ENGINE = InnoDB AUTO_INCREMENT = 2 CHARACTER SET = utf8mb4 COLLATE = utf8mb4_unicode_ci COMMENT = '用户岗位关联表' ROW_FORMAT = Dynamic;

-- ----------------------------
-- Records of sys_user_post
-- ----------------------------
INSERT INTO `sys_user_post` VALUES (1, 1, 1, 'system', '2026-06-26 17:06:20', NULL, '2026-06-26 17:06:20', 0, 'admin绑定系统管理员岗位');

-- ----------------------------
-- Table structure for sys_user_role
-- ----------------------------
DROP TABLE IF EXISTS `sys_user_role`;
CREATE TABLE `sys_user_role`  (
  `id` bigint NOT NULL AUTO_INCREMENT COMMENT '主键ID',
  `user_id` bigint NOT NULL COMMENT '用户ID',
  `role_id` bigint NOT NULL COMMENT '角色ID',
  `create_by` varchar(64) CHARACTER SET utf8mb4 COLLATE utf8mb4_unicode_ci NULL DEFAULT NULL COMMENT '创建者',
  `create_time` datetime NOT NULL DEFAULT CURRENT_TIMESTAMP COMMENT '创建时间',
  `update_by` varchar(64) CHARACTER SET utf8mb4 COLLATE utf8mb4_unicode_ci NULL DEFAULT NULL COMMENT '更新者',
  `update_time` datetime NOT NULL DEFAULT CURRENT_TIMESTAMP ON UPDATE CURRENT_TIMESTAMP COMMENT '更新时间',
  `deleted` tinyint NOT NULL DEFAULT 0 COMMENT '逻辑删除：0未删除 1已删除',
  `remark` varchar(500) CHARACTER SET utf8mb4 COLLATE utf8mb4_unicode_ci NULL DEFAULT NULL COMMENT '备注',
  PRIMARY KEY (`id`) USING BTREE,
  UNIQUE INDEX `uk_user_role`(`user_id` ASC, `role_id` ASC) USING BTREE,
  INDEX `idx_role_id`(`role_id` ASC) USING BTREE
) ENGINE = InnoDB AUTO_INCREMENT = 4 CHARACTER SET = utf8mb4 COLLATE = utf8mb4_unicode_ci COMMENT = '用户角色关联表' ROW_FORMAT = Dynamic;

-- ----------------------------
-- Records of sys_user_role
-- ----------------------------
INSERT INTO `sys_user_role` VALUES (1, 1, 1, 'system', '2026-06-26 17:06:20', NULL, '2026-06-26 17:06:20', 0, 'admin绑定超级管理员角色');

SET FOREIGN_KEY_CHECKS = 1;
